[
    {
      "original_price": null,
      "rating": {
        "count": 19444,
        "max": 10,
        "value": 7.8,
        "star_count": 4.0
      },
      "actions": [],
      "press": [
        "河南文艺出版社"
      ],
      "year": [
        "2021-5"
      ],
      "card_subtitle": "大山诚一郎 \/ 2021 \/ 河南文艺出版社",
      "recommend_comment": "这一本神作终于引进了！激动到哭泣！几年前刚入推圈就对这一本小说有所耳闻，读罢才明白大家所言非虚。这是大山的出道作，也是他最棒的一本，正所谓出道即巅峰。两本日文原版在诸位严苛的推圈友邻打分之下，居然都接近10分！四篇各有所长，尤其是最后一篇Y的绑架，可以说就是满分神作。死亡留言、多重反转，切入巧妙，诡计惊人，这才是推理小说真正的样子。简体顺利引进，激动的同时，也希望我最爱的大山老师有朝一日可以超越自己的出道作，再次写出惊艳众人的神作！ —— 小侨同学Joe的短评",
      "id": "35390390",
      "title": "字母表谜案",
      "wish_count": 30836,
      "label": null,
      "interest": null,
      "type": "book",
      "onsale": true,
      "description": "",
      "tags": [
        "悬疑推理",
        "推理小说"
      ],
      "price": null,
      "date": null,
      "info": "大山诚一郎\/河南文艺出版社\/2021-5",
      "url": "https:\/\/book.douban.com\/subject\/35390390\/",
      "release_date": null,
      "author": [
        "大山诚一郎"
      ],
      "cover": {
        "url": "https://img1.doubanio.com\/view\/subject\/l\/public\/s33880929.jpg",
        "width": 0,
        "shape": "rectangle",
        "height": 0
      },
      "uri": "douban:\/\/douban.com\/book\/35390390",
      "subtype": "",
      "reviewer_name": "",
      "null_rating_reason": ""
    },
    {
      "original_price": null,
      "rating": {
        "count": 21763,
        "max": 10,
        "value": 8.7,
        "star_count": 4.5
      },
      "actions": [],
      "press": [
        "北京联合出版公司"
      ],
      "year": [
        "2020-7"
      ],
      "card_subtitle": "[日] 叶真中显 \/ 2020 \/ 北京联合出版公司",
      "recommend_comment": "第二人称让人心碎 —— 断鸿声里的短评",
      "id": "35031587",
      "title": "绝叫",
      "wish_count": 27459,
      "label": null,
      "interest": null,
      "type": "book",
      "onsale": true,
      "description": "",
      "tags": [
        "社会派",
        "日本"
      ],
      "price": null,
      "date": null,
      "info": "[日] 叶真中显\/北京联合出版公司\/2020-7",
      "url": "https:\/\/book.douban.com\/subject\/35031587\/",
      "release_date": null,
      "author": [
        "[日] 叶真中显"
      ],
      "cover": {
        "url": "https://img2.doubanio.com\/view\/subject\/l\/public\/s33685372.jpg",
        "width": 0,
        "shape": "rectangle",
        "height": 0
      },
      "uri": "douban:\/\/douban.com\/book\/35031587",
      "subtype": "",
      "reviewer_name": "",
      "null_rating_reason": ""
    },
    {
      "original_price": null,
      "rating": {
        "count": 16333,
        "max": 10,
        "value": 8.3,
        "star_count": 4.0
      },
      "actions": [],
      "press": [
        "上海译文出版社"
      ],
      "year": [
        "2021-3"
      ],
      "card_subtitle": "[英] 石黑一雄 \/ 2021 \/ 上海译文出版社",
      "recommend_comment": "石黑笔下的主角大都是异常冷静的，心底里却总潜藏着一个虚妄的幻想：班克斯认为失踪的父母十几年间都被关押在一栋房子内等待着他的解救；凯西和汤米相信夫人会给真心相爱的情侣推迟捐赠的机会；克拉拉祈求以某个秘密行动和太阳做交换……石黑终于温柔了一把，成人世界的逻辑不再适用，上帝的恩惠降临，满怀希望地前行吧。 —— 帕布莉卡的短评",
      "id": "35315153",
      "title": "克拉拉与太阳",
      "wish_count": 33334,
      "label": null,
      "interest": null,
      "type": "book",
      "onsale": true,
      "description": "",
      "tags": [
        "石黑一雄",
        "人工智能"
      ],
      "price": null,
      "date": null,
      "info": "[英] 石黑一雄\/上海译文出版社\/2021-3",
      "url": "https:\/\/book.douban.com\/subject\/35315153\/",
      "release_date": null,
      "author": [
        "[英] 石黑一雄"
      ],
      "cover": {
        "url": "https://img9.doubanio.com\/view\/subject\/l\/public\/s33821754.jpg",
        "width": 0,
        "shape": "rectangle",
        "height": 0
      },
      "uri": "douban:\/\/douban.com\/book\/35315153",
      "subtype": "",
      "reviewer_name": "",
      "null_rating_reason": ""
    },
    {
      "original_price": null,
      "rating": {
        "count": 8368,
        "max": 10,
        "value": 8.9,
        "star_count": 4.5
      },
      "actions": [],
      "press": [
        "文汇出版社"
      ],
      "year": [
        "2020-7"
      ],
      "card_subtitle": "刘子超 \/ 2020 \/ 文汇出版社",
      "recommend_comment": "恋恋不舍地读完了，迷人的中亚不知何时再访，纸上过过瘾也是好的。想起曾在俄罗斯偶遇刘子超时，他当晚正要飞去阿拉木图，不经意间也见证了这本书成形一个的小小节点，撒花！ —— 叶酱的短评",
      "id": "35025453",
      "title": "失落的卫星",
      "wish_count": 41754,
      "label": null,
      "interest": null,
      "type": "book",
      "onsale": true,
      "description": "",
      "tags": [
        "旅行文学",
        "中亚"
      ],
      "price": null,
      "date": null,
      "info": "刘子超\/文汇出版社\/2020-7",
      "url": "https:\/\/book.douban.com\/subject\/35025453\/",
      "release_date": null,
      "author": [
        "刘子超"
      ],
      "cover": {
        "url": "https://img1.doubanio.com\/view\/subject\/l\/public\/s33660509.jpg",
        "width": 0,
        "shape": "rectangle",
        "height": 0
      },
      "uri": "douban:\/\/douban.com\/book\/35025453",
      "subtype": "",
      "reviewer_name": "",
      "null_rating_reason": ""
    },
    {
      "original_price": null,
      "rating": {
        "count": 20999,
        "max": 10,
        "value": 8.1,
        "star_count": 4.0
      },
      "actions": [],
      "press": [
        "中央编译出版社"
      ],
      "year": [
        "2008-2"
      ],
      "card_subtitle": "[古罗马] 马可·奥勒留 \/ 2008 \/ 中央编译出版社",
      "recommend_comment": "过于强调理性。其实也会导致另一种缺失。 —— 周鱼的短评",
      "id": "2359003",
      "title": "沉思录",
      "wish_count": 25455,
      "label": null,
      "interest": null,
      "type": "book",
      "onsale": true,
      "description": "",
      "tags": [
        "哲学",
        "沉思录"
      ],
      "price": null,
      "date": null,
      "info": "[古罗马] 马可·奥勒留\/中央编译出版社\/2008-2",
      "url": "https:\/\/book.douban.com\/subject\/2359003\/",
      "release_date": null,
      "author": [
        "[古罗马] 马可·奥勒留"
      ],
      "cover": {
        "url": "https://img2.doubanio.com\/view\/subject\/l\/public\/s2825021.jpg",
        "width": 0,
        "shape": "rectangle",
        "height": 0
      },
      "uri": "douban:\/\/douban.com\/book\/2359003",
      "subtype": "",
      "reviewer_name": "",
      "null_rating_reason": ""
    },
    {
      "original_price": null,
      "rating": {
        "count": 10320,
        "max": 10,
        "value": 9.1,
        "star_count": 4.5
      },
      "actions": [],
      "press": [
        "新星出版社"
      ],
      "year": [
        "2021-1"
      ],
      "card_subtitle": "刘擎 \/ 2021 \/ 新星出版社",
      "recommend_comment": "“这个世界应该让那些不好的选择消失”振聋发聩。受够了薛兆丰的利己和罗振宇的油腻，刘擎简直就是这季奇葩说的一股清流。 —— 文刀健次郎的短评",
      "id": "35313227",
      "title": "刘擎西方现代思想讲义",
      "wish_count": 37504,
      "label": null,
      "interest": null,
      "type": "book",
      "onsale": true,
      "description": "",
      "tags": [
        "哲学",
        "西方哲学"
      ],
      "price": null,
      "date": null,
      "info": "刘擎\/新星出版社\/2021-1",
      "url": "https:\/\/book.douban.com\/subject\/35313227\/",
      "release_date": null,
      "author": [
        "刘擎"
      ],
      "cover": {
        "url": "https://img2.doubanio.com\/view\/subject\/l\/public\/s33802981.jpg",
        "width": 0,
        "shape": "rectangle",
        "height": 0
      },
      "uri": "douban:\/\/douban.com\/book\/35313227",
      "subtype": "",
      "reviewer_name": "",
      "null_rating_reason": ""
    },
    {
      "original_price": null,
      "rating": {
        "count": 23598,
        "max": 10,
        "value": 7.8,
        "star_count": 4.0
      },
      "actions": [],
      "press": [
        "北京十月文艺出版社"
      ],
      "year": [
        "2021-3"
      ],
      "card_subtitle": "余华 \/ 2021 \/ 北京十月文艺出版社",
      "recommend_comment": "余华这是劣质国产剧看多了吧。读余华的早期中短篇我看到了一个先锋作家的才华横溢；读《活着》我看到了富贵的悲痛和坚韧；《兄弟》有荒诞与癫狂的燥热；《第七天》开始显露江郎才尽；到了《文城》，我看不出主要角色的动机，仿佛是余华在推着他们走，人物是死的，没有生机了，语言寡淡，只是偶有妙笔让人会心一笑，整体令人失望。 —— 醉脸春融的短评",
      "id": "35335514",
      "title": "文城",
      "wish_count": 22774,
      "label": null,
      "interest": null,
      "type": "book",
      "onsale": true,
      "description": "",
      "tags": [
        "余华",
        "长篇小说"
      ],
      "price": null,
      "date": null,
      "info": "余华\/北京十月文艺出版社\/2021-3",
      "url": "https:\/\/book.douban.com\/subject\/35335514\/",
      "release_date": null,
      "author": [
        "余华"
      ],
      "cover": {
        "url": "https://img1.doubanio.com\/view\/subject\/l\/public\/s33834057.jpg",
        "width": 0,
        "shape": "rectangle",
        "height": 0
      },
      "uri": "douban:\/\/douban.com\/book\/35335514",
      "subtype": "",
      "reviewer_name": "",
      "null_rating_reason": ""
    },
    {
      "original_price": null,
      "rating": {
        "count": 21046,
        "max": 10,
        "value": 8.7,
        "star_count": 4.5
      },
      "actions": [],
      "press": [
        "外语教学与研究出版社"
      ],
      "year": [
        "2018-3"
      ],
      "card_subtitle": "[美] 安德烈·艾席蒙 \/ 2018 \/ 外语教学与研究出版社",
      "recommend_comment": "花一个午后读完。惊叹作者能将暗恋写得这样真实丰富有层次，也感激电影拍出了这种细腻绵长。字里行间闪耀着意大利夏日的慵懒和少年萌动的情欲，正像大卫之星一样稀碎，却闪耀着令人无法忘却的光芒。小说和同名电影，是分布在异空间里的时间翘曲，注定吸引每一位深爱它的人神往且永久珍藏。 —— 达斯薇达尼呀的短评",
      "id": "28659562",
      "title": "夏日终曲",
      "wish_count": 18175,
      "label": null,
      "interest": null,
      "type": "book",
      "onsale": true,
      "description": "",
      "tags": [
        "请以你的名字呼唤我",
        "青春"
      ],
      "price": null,
      "date": null,
      "info": "[美] 安德烈·艾席蒙\/外语教学与研究出版社\/2018-3",
      "url": "https:\/\/book.douban.com\/subject\/28659562\/",
      "release_date": null,
      "author": [
        "[美] 安德烈·艾席蒙"
      ],
      "cover": {
        "url": "https://img1.doubanio.com\/view\/subject\/l\/public\/s29720198.jpg",
        "width": 0,
        "shape": "rectangle",
        "height": 0
      },
      "uri": "douban:\/\/douban.com\/book\/28659562",
      "subtype": "",
      "reviewer_name": "",
      "null_rating_reason": ""
    },
    {
      "original_price": null,
      "rating": {
        "count": 10570,
        "max": 10,
        "value": 8.2,
        "star_count": 4.0
      },
      "actions": [],
      "press": [
        "中信出版集团"
      ],
      "year": [
        "2017-11"
      ],
      "card_subtitle": "[美] 米哈里·契克森米哈赖 \/ 2017 \/ 中信出版集团",
      "recommend_comment": "从来没见过那本书有这么多的推荐序言，不过说实话写的都很不错，尤其是郑也夫老师的 —— 经典关系的短评",
      "id": "27186106",
      "title": "心流",
      "wish_count": 30207,
      "label": null,
      "interest": null,
      "type": "book",
      "onsale": true,
      "description": "",
      "tags": [
        "心理学",
        "积极心理学"
      ],
      "price": null,
      "date": null,
      "info": "[美] 米哈里·契克森米哈赖\/中信出版集团\/2017-11",
      "url": "https:\/\/book.douban.com\/subject\/27186106\/",
      "release_date": null,
      "author": [
        "[美] 米哈里·契克森米哈赖"
      ],
      "cover": {
        "url": "https://img9.doubanio.com\/view\/subject\/l\/public\/s29595585.jpg",
        "width": 0,
        "shape": "rectangle",
        "height": 0
      },
      "uri": "douban:\/\/douban.com\/book\/27186106",
      "subtype": "",
      "reviewer_name": "",
      "null_rating_reason": ""
    },
    {
      "original_price": null,
      "rating": {
        "count": 19400,
        "max": 10,
        "value": 7.4,
        "star_count": 3.5
      },
      "actions": [],
      "press": [
        "南海出版公司"
      ],
      "year": [
        "2019-9"
      ],
      "card_subtitle": "[日] 乙一 \/ 2019 \/ 南海出版公司",
      "recommend_comment": "感觉文笔太幼稚了，合不上这个名誉 —— Violet的短评",
      "id": "34778574",
      "title": "夏天、烟火和我的尸体",
      "wish_count": 11727,
      "label": null,
      "interest": null,
      "type": "book",
      "onsale": true,
      "description": "",
      "tags": [
        "乙一",
        "悬疑"
      ],
      "price": null,
      "date": null,
      "info": "[日] 乙一\/南海出版公司\/2019-9",
      "url": "https:\/\/book.douban.com\/subject\/34778574\/",
      "release_date": null,
      "author": [
        "[日] 乙一"
      ],
      "cover": {
        "url": "https://img9.doubanio.com\/view\/subject\/l\/public\/s33451826.jpg",
        "width": 0,
        "shape": "rectangle",
        "height": 0
      },
      "uri": "douban:\/\/douban.com\/book\/34778574",
      "subtype": "",
      "reviewer_name": "",
      "null_rating_reason": ""
    },
    {
      "original_price": null,
      "rating": {
        "count": 25278,
        "max": 10,
        "value": 8.1,
        "star_count": 4.0
      },
      "actions": [],
      "press": [
        "长江文艺出版社"
      ],
      "year": [
        "2014-2"
      ],
      "card_subtitle": "余秋雨 \/ 2014 \/ 长江文艺出版社",
      "recommend_comment": "高中老师喜欢的风格。呵呵。 —— 小蓝的短评",
      "id": "19940743",
      "title": "文化苦旅",
      "wish_count": 8141,
      "label": null,
      "interest": null,
      "type": "book",
      "onsale": true,
      "description": "",
      "tags": [
        "余秋雨",
        "散文"
      ],
      "price": null,
      "date": null,
      "info": "余秋雨\/长江文艺出版社\/2014-2",
      "url": "https:\/\/book.douban.com\/subject\/19940743\/",
      "release_date": null,
      "author": [
        "余秋雨"
      ],
      "cover": {
        "url": "https://img1.doubanio.com\/view\/subject\/l\/public\/s27226968.jpg",
        "width": 0,
        "shape": "rectangle",
        "height": 0
      },
      "uri": "douban:\/\/douban.com\/book\/19940743",
      "subtype": "",
      "reviewer_name": "",
      "null_rating_reason": ""
    },
    {
      "original_price": null,
      "rating": {
        "count": 15168,
        "max": 10,
        "value": 8.1,
        "star_count": 4.0
      },
      "actions": [],
      "press": [
        "北京日报出版社"
      ],
      "year": [
        "2019-8"
      ],
      "card_subtitle": "[日]中村恒子 [日]奥田弘美 \/ 2019 \/ 北京日报出版社",
      "recommend_comment": "其实人生的道理就摆在那，很简单。做好每天该做的事，坚持下去，生命会给你一个答案。 —— 柠檬不萌的短评",
      "id": "34797578",
      "title": "人间值得",
      "wish_count": 13955,
      "label": null,
      "interest": null,
      "type": "book",
      "onsale": true,
      "description": "",
      "tags": [
        "治愈",
        "温暖"
      ],
      "price": null,
      "date": null,
      "info": "[日]中村恒子\/[日]奥田弘美\/北京日报出版社\/2019-8",
      "url": "https:\/\/book.douban.com\/subject\/34797578\/",
      "release_date": null,
      "author": [
        "[日]中村恒子"
      ],
      "cover": {
        "url": "https://img1.doubanio.com\/view\/subject\/l\/public\/s33631197.jpg",
        "width": 0,
        "shape": "rectangle",
        "height": 0
      },
      "uri": "douban:\/\/douban.com\/book\/34797578",
      "subtype": "",
      "reviewer_name": "",
      "null_rating_reason": ""
    },
    {
      "original_price": null,
      "rating": {
        "count": 8664,
        "max": 10,
        "value": 7.6,
        "star_count": 4.0
      },
      "actions": [],
      "press": [
        "后浪丨江西人民出版社"
      ],
      "year": [
        "2017-11"
      ],
      "card_subtitle": "[美] 卡罗尔·德韦克 \/ 2017 \/ 后浪丨江西人民出版社",
      "recommend_comment": "浅白通俗，开卷有益，从这本书我得到一个思维扭转：智力不是一个定量，能力更不是，它们都像肌肉，愈锻炼愈强大。许多文化格外推崇天赋，轻视努力的价值，认为需要努力则意味着存在缺陷、缺乏才能，甚至不具备在某领域or圈子里待下去的资格，如果需要为某事or某段关系而努力，说明它注定不属于你——这是固定型思维模式的偏见。抱有这种思维模式的人热衷于评判，结果导向，往往更易焦虑和抑郁，也更难面对失败，遇挫时更快放弃。想要毁掉一个天才，只需夸奖他是天才就够了。这会让他从此活在担心跌下神坛的恐惧和疑虑之中，缩手缩脚，再也找不到做事的乐趣。讽刺的是：顶峰是固定思维模式者渴望抵达的地方，却是很多成长型思维模式者工作激情的副产品。他们相信，即便此刻自己不是最好的，也可以全心投入并坚持下去，遭遇失败也更有复原力。 —— 匡轶歌的短评",
      "id": "27154533",
      "title": "终身成长",
      "wish_count": 20408,
      "label": null,
      "interest": null,
      "type": "book",
      "onsale": true,
      "description": "",
      "tags": [
        "自我提升",
        "思维方式"
      ],
      "price": null,
      "date": null,
      "info": "[美] 卡罗尔·德韦克\/后浪丨江西人民出版社\/2017-11",
      "url": "https:\/\/book.douban.com\/subject\/27154533\/",
      "release_date": null,
      "author": [
        "[美] 卡罗尔·德韦克"
      ],
      "cover": {
        "url": "https://img1.doubanio.com\/view\/subject\/l\/public\/s29559698.jpg",
        "width": 0,
        "shape": "rectangle",
        "height": 0
      },
      "uri": "douban:\/\/douban.com\/book\/27154533",
      "subtype": "",
      "reviewer_name": "",
      "null_rating_reason": ""
    },
    {
      "original_price": null,
      "rating": {
        "count": 8759,
        "max": 10,
        "value": 8.4,
        "star_count": 4.0
      },
      "actions": [],
      "press": [
        "南海出版公司"
      ],
      "year": [
        "2019-1-1"
      ],
      "card_subtitle": "陆庆屹 \/ 2019 \/ 南海出版公司",
      "recommend_comment": "摄影师的超能力之一——用取景框视角看世界。所以总能发现生活里美好的一面。但这部电影和书，却让我开始质疑我对乡村的喜欢，是不是因为距离感才加上了滤镜。就像作者过惯了北京的喧闹繁华，以旁观者身份重回贵州，才开启了“熟悉事物的陌生化”。想起在新疆的路上，我跟师傅说，真羡慕你，经常看到好看的风景。他当时说，羡慕啥，老看就腻了。想起江城里那句：我掌握了这条河的语言，就像熟悉字母表一样熟悉了岸边的每一处细节。但我所失去的，此生难以挽回。在这条壮丽大河上，所有的雅致、美丽、诗意全部不复存在。想起为什么我写游记最顺畅，因为陌生的地方调动了我所有的新鲜感，每个惊叹都变成越来越清晰的旁白，不需要再费劲组织语言了，只要把它原封不动记下来就好。我们都善于在自己的主场里平庸生活，却在别人的世界里轻易被触动。 —— 怪树里的短评",
      "id": "30389935",
      "title": "四个春天",
      "wish_count": 19556,
      "label": null,
      "interest": null,
      "type": "book",
      "onsale": true,
      "description": "",
      "tags": [
        "四个春天",
        "散文随笔"
      ],
      "price": null,
      "date": null,
      "info": "陆庆屹\/南海出版公司\/2019-1-1",
      "url": "https:\/\/book.douban.com\/subject\/30389935\/",
      "release_date": null,
      "author": [
        "陆庆屹"
      ],
      "cover": {
        "url": "https://img9.doubanio.com\/view\/subject\/l\/public\/s29957035.jpg",
        "width": 0,
        "shape": "rectangle",
        "height": 0
      },
      "uri": "douban:\/\/douban.com\/book\/30389935",
      "subtype": "",
      "reviewer_name": "",
      "null_rating_reason": ""
    },
    {
      "original_price": null,
      "rating": {
        "count": 9224,
        "max": 10,
        "value": 7.6,
        "star_count": 4.0
      },
      "actions": [],
      "press": [
        "中国青年出版社"
      ],
      "year": [
        "2000-07"
      ],
      "card_subtitle": "罗广斌 杨益言 \/ 2000 \/ 中国青年出版社",
      "recommend_comment": "信仰的时代 —— 千寻亿选的短评",
      "id": "1090109",
      "title": "红岩",
      "wish_count": 5306,
      "label": null,
      "interest": null,
      "type": "book",
      "onsale": true,
      "description": "",
      "tags": [
        "革命",
        "红色经典"
      ],
      "price": null,
      "date": null,
      "info": "罗广斌\/杨益言\/中国青年出版社\/2000-07",
      "url": "https:\/\/book.douban.com\/subject\/1090109\/",
      "release_date": null,
      "author": [
        "罗广斌"
      ],
      "cover": {
        "url": "https://img2.doubanio.com\/view\/subject\/l\/public\/s4694481.jpg",
        "width": 0,
        "shape": "rectangle",
        "height": 0
      },
      "uri": "douban:\/\/douban.com\/book\/1090109",
      "subtype": "",
      "reviewer_name": "",
      "null_rating_reason": ""
    },
    {
      "original_price": null,
      "rating": {
        "count": 13651,
        "max": 10,
        "value": 7.3,
        "star_count": 3.5
      },
      "actions": [],
      "press": [
        "长江文艺出版社"
      ],
      "year": [
        "2016-7-1"
      ],
      "card_subtitle": "贾平凹 \/ 2016 \/ 长江文艺出版社",
      "recommend_comment": "这是一本语文课本吧 我不喜欢 听说贾平凹人品不好  —— 浅浅and西西的短评",
      "id": "26802388",
      "title": "自在独行",
      "wish_count": 13211,
      "label": null,
      "interest": null,
      "type": "book",
      "onsale": true,
      "description": "",
      "tags": [
        "贾平凹",
        "散文随笔"
      ],
      "price": null,
      "date": null,
      "info": "贾平凹\/长江文艺出版社\/2016-7-1",
      "url": "https:\/\/book.douban.com\/subject\/26802388\/",
      "release_date": null,
      "author": [
        "贾平凹"
      ],
      "cover": {
        "url": "https://img9.doubanio.com\/view\/subject\/l\/public\/s28753126.jpg",
        "width": 0,
        "shape": "rectangle",
        "height": 0
      },
      "uri": "douban:\/\/douban.com\/book\/26802388",
      "subtype": "",
      "reviewer_name": "",
      "null_rating_reason": ""
    },
    {
      "original_price": null,
      "rating": {
        "count": 17777,
        "max": 10,
        "value": 8.0,
        "star_count": 4.0
      },
      "actions": [],
      "press": [
        "南海出版公司"
      ],
      "year": [
        "2017-11"
      ],
      "card_subtitle": "[日] 东野圭吾 \/ 2017 \/ 南海出版公司",
      "recommend_comment": "我们的一生短到接纳不了另一个爱人，创造另一个生活；却又长到足以将过去的记忆藏起，开始全新的样子。 —— 童然的短评",
      "id": "27115970",
      "title": "秘密",
      "wish_count": 4952,
      "label": null,
      "interest": null,
      "type": "book",
      "onsale": true,
      "description": "",
      "tags": [
        "东野圭吾",
        "两个人的三口之家"
      ],
      "price": null,
      "date": null,
      "info": "[日] 东野圭吾\/南海出版公司\/2017-11",
      "url": "https:\/\/book.douban.com\/subject\/27115970\/",
      "release_date": null,
      "author": [
        "[日] 东野圭吾"
      ],
      "cover": {
        "url": "https://img9.doubanio.com\/view\/subject\/l\/public\/s30014644.jpg",
        "width": 0,
        "shape": "rectangle",
        "height": 0
      },
      "uri": "douban:\/\/douban.com\/book\/27115970",
      "subtype": "",
      "reviewer_name": "",
      "null_rating_reason": ""
    },
    {
      "original_price": null,
      "rating": {
        "count": 2841,
        "max": 10,
        "value": 9.2,
        "star_count": 4.5
      },
      "actions": [],
      "press": [
        "果麦文化\/上海文化出版社"
      ],
      "year": [
        "2021-7-28"
      ],
      "card_subtitle": "[美]洛莉·戈特利布 \/ 2021 \/ 果麦文化\/上海文化出版社",
      "recommend_comment": "本书和读过的一些同类书籍相区别的是没有高高在上的说教或理论的堆砌有的只是娓娓道来的分享书中出现的各个人物包括心理咨询师自己都在各自人生中面对难解的人生课题如亲密关系的处理丧失亲人的痛苦原生家庭的问题甚至罹患绝症的绝望……文化地域背景和我们不同但很多问题的本质是相通的他们的问题可能也是我们正在面对的问题书的内容随着咨询进程的推进展开可以清晰地看到过程中每个人内心的痛苦、挣扎、努力以及成长过程是艰难而漫长的因为诚实地面对自己永远需要最多的勇气但他们可以我们也可以个人觉得这本书把握住了心理咨询的精髓心理咨询师不该被曲解也不该被神话优秀的心理咨询师并没有魔法只是特别能理解你并与你共情陪伴引导你面对自己的人而最终的选择始终在每个人自己手里…… —— Elaine的短评",
      "id": "35481512",
      "title": "也许你该找个人聊聊",
      "wish_count": 21623,
      "label": null,
      "interest": null,
      "type": "book",
      "onsale": true,
      "description": "",
      "tags": [
        "心理学",
        "心理"
      ],
      "price": null,
      "date": null,
      "info": "[美]洛莉·戈特利布\/果麦文化\/上海文化出版社\/2021-7-28",
      "url": "https:\/\/book.douban.com\/subject\/35481512\/",
      "release_date": null,
      "author": [
        "[美]洛莉·戈特利布"
      ],
      "cover": {
        "url": "https://img2.doubanio.com\/view\/subject\/l\/public\/s33944153.jpg",
        "width": 0,
        "shape": "rectangle",
        "height": 0
      },
      "uri": "douban:\/\/douban.com\/book\/35481512",
      "subtype": "",
      "reviewer_name": "",
      "null_rating_reason": ""
    },
    {
      "original_price": null,
      "rating": {
        "count": 13930,
        "max": 10,
        "value": 8.2,
        "star_count": 4.0
      },
      "actions": [],
      "press": [
        "人民文学出版社"
      ],
      "year": [
        "2016-8-1"
      ],
      "card_subtitle": "[日] 乙一 \/ 2016 \/ 人民文学出版社",
      "recommend_comment": "荒诞 黑色 冷冽 悚然  脑洞之大 印象最深《远离的夫妇》 —— 馥麟的短评",
      "id": "26723423",
      "title": "动物园",
      "wish_count": 7380,
      "label": null,
      "interest": null,
      "type": "book",
      "onsale": true,
      "description": "",
      "tags": [
        "乙一",
        "悬疑"
      ],
      "price": null,
      "date": null,
      "info": "[日] 乙一\/人民文学出版社\/2016-8-1",
      "url": "https:\/\/book.douban.com\/subject\/26723423\/",
      "release_date": null,
      "author": [
        "[日] 乙一"
      ],
      "cover": {
        "url": "https://img9.doubanio.com\/view\/subject\/l\/public\/s33666435.jpg",
        "width": 0,
        "shape": "rectangle",
        "height": 0
      },
      "uri": "douban:\/\/douban.com\/book\/26723423",
      "subtype": "",
      "reviewer_name": "",
      "null_rating_reason": ""
    },
    {
      "original_price": null,
      "rating": {
        "count": 9793,
        "max": 10,
        "value": 7.7,
        "star_count": 4.0
      },
      "actions": [],
      "press": [
        "江苏凤凰文艺出版社"
      ],
      "year": [
        "2017-2-1"
      ],
      "card_subtitle": "[美] 弗兰克·赫伯特 \/ 2017 \/ 江苏凤凰文艺出版社",
      "recommend_comment": "基地是断代史，沙丘是史诗。《沙丘》经典的叙事模式，影响了后世很多作者，后来很多的文学作品都能看到它的影子。 —— 欣言Silvia的短评",
      "id": "26836970",
      "title": "沙丘",
      "wish_count": 12614,
      "label": null,
      "interest": null,
      "type": "book",
      "onsale": true,
      "description": "",
      "tags": [
        "科幻",
        "科幻小说"
      ],
      "price": null,
      "date": null,
      "info": "[美] 弗兰克·赫伯特\/江苏凤凰文艺出版社\/2017-2-1",
      "url": "https:\/\/book.douban.com\/subject\/26836970\/",
      "release_date": null,
      "author": [
        "[美] 弗兰克·赫伯特"
      ],
      "cover": {
        "url": "https://img9.doubanio.com\/view\/subject\/l\/public\/s29245314.jpg",
        "width": 0,
        "shape": "rectangle",
        "height": 0
      },
      "uri": "douban:\/\/douban.com\/book\/26836970",
      "subtype": "",
      "reviewer_name": "",
      "null_rating_reason": ""
    }
  ]