[
    {
      "original_price": null,
      "rating": {
        "count": 6793,
        "max": 10,
        "value": 7.2,
        "star_count": 3.5
      },
      "actions": [],
      "press": [
        "天津人民出版社"
      ],
      "year": [
        "2019-6"
      ],
      "card_subtitle": "（美）约翰·史崔勒基 \/ 2019 \/ 天津人民出版社",
      "recommend_comment": "优点是够短... —— 小火龙的短评",
      "id": "33422386",
      "title": "世界尽头的咖啡馆",
      "wish_count": 6298,
      "label": null,
      "interest": null,
      "type": "book",
      "onsale": true,
      "description": "",
      "tags": [
        "自我成长",
        "心理自助"
      ],
      "price": null,
      "date": null,
      "info": "（美）约翰·史崔勒基\/天津人民出版社\/2019-6",
      "url": "https:\/\/book.douban.com\/subject\/33422386\/",
      "release_date": null,
      "author": [
        "（美）约翰·史崔勒基"
      ],
      "cover": {
        "url": "https://img1.doubanio.com\/view\/subject\/l\/public\/s32300809.jpg",
        "width": 0,
        "shape": "rectangle",
        "height": 0
      },
      "uri": "douban:\/\/douban.com\/book\/33422386",
      "subtype": "",
      "reviewer_name": "",
      "null_rating_reason": ""
    },
    {
      "original_price": null,
      "rating": {
        "count": 7880,
        "max": 10,
        "value": 9.2,
        "star_count": 4.5
      },
      "actions": [],
      "press": [
        "北京大学出版社"
      ],
      "year": [
        "2012-10"
      ],
      "card_subtitle": "费孝通 \/ 2012 \/ 北京大学出版社",
      "recommend_comment": "内容当然很好，就是校对不行，居然有错字多字。比较感慨的地方是附录看费孝通先生的自述，其中几段，提及自己文革后研究时的语气与先前坦然自在的回忆思考很不同，少了自在磊落而多了现在常见的政治化话语和口号，简直是经历了那个年代后心有戚戚焉的知识分子心态典型，无意中的自我阉割与反思真令人悲伤。 —— Atomic Frank的短评",
      "id": "20395476",
      "title": "乡土中国",
      "wish_count": 3746,
      "label": null,
      "interest": null,
      "type": "book",
      "onsale": true,
      "description": "",
      "tags": [
        "社会学",
        "费孝通"
      ],
      "price": null,
      "date": null,
      "info": "费孝通\/北京大学出版社\/2012-10",
      "url": "https:\/\/book.douban.com\/subject\/20395476\/",
      "release_date": null,
      "author": [
        "费孝通"
      ],
      "cover": {
        "url": "https://img3.doubanio.com\/view\/subject\/l\/public\/s24456540.jpg",
        "width": 0,
        "shape": "rectangle",
        "height": 0
      },
      "uri": "douban:\/\/douban.com\/book\/20395476",
      "subtype": "",
      "reviewer_name": "",
      "null_rating_reason": ""
    },
    {
      "original_price": null,
      "rating": {
        "count": 2642,
        "max": 10,
        "value": 8.5,
        "star_count": 4.5
      },
      "actions": [],
      "press": [
        "花城出版社"
      ],
      "year": [
        "2021-7"
      ],
      "card_subtitle": "刘震云 \/ 2021 \/ 花城出版社",
      "recommend_comment": "以日常生活和底层人物做底料，用后现代式的变形夸张疑神疑鬼生死穿越做佐料，刘震云熬制出了一锅如同书中所写的美味猪蹄，毛剃干净了火候也正好，就着两口小酒和几段笑话便是人生云云。有点神秘的创作初衷让整本书带着一层虚幻的纱，但语言的接地气又让故事解个烦闷般的易读。人生是场因果轮回也是一段缘起缘灭，到最后谁不都是像听个笑话一样的一笑而过。人生如果是一日般长短，命运就像三秋般轮回辗转。奈何奈何？咋办咋办？ —— Jonathan的短评",
      "id": "35496106",
      "title": "一日三秋",
      "wish_count": 9450,
      "label": null,
      "interest": null,
      "type": "book",
      "onsale": true,
      "description": "",
      "tags": [
        "刘震云",
        "小说"
      ],
      "price": null,
      "date": null,
      "info": "刘震云\/花城出版社\/2021-7",
      "url": "https:\/\/book.douban.com\/subject\/35496106\/",
      "release_date": null,
      "author": [
        "刘震云"
      ],
      "cover": {
        "url": "https://img2.doubanio.com\/view\/subject\/l\/public\/s33946803.jpg",
        "width": 0,
        "shape": "rectangle",
        "height": 0
      },
      "uri": "douban:\/\/douban.com\/book\/35496106",
      "subtype": "",
      "reviewer_name": "",
      "null_rating_reason": ""
    },
    {
      "original_price": null,
      "rating": {
        "count": 1393,
        "max": 10,
        "value": 8.4,
        "star_count": 4.0
      },
      "actions": [],
      "press": [
        "南海出版公司"
      ],
      "year": [
        "2019-6"
      ],
      "card_subtitle": "[葡]若泽·萨拉马戈 \/ 2019 \/ 南海出版公司",
      "recommend_comment": "人的意志飞向太阳，而泪与血归于大地。难以想象有作家能在现实与超现实、热烈与冷峻、荒诞与悲悯间如此自由地变换。萨拉马戈是一位真正境界高超的作家。 —— 艾斯贝兰萨的短评",
      "id": "30321026",
      "title": "修道院纪事",
      "wish_count": 10140,
      "label": null,
      "interest": null,
      "type": "book",
      "onsale": true,
      "description": "",
      "tags": [
        "诺贝尔文学奖",
        "若泽·萨拉马戈"
      ],
      "price": null,
      "date": null,
      "info": "[葡]若泽·萨拉马戈\/南海出版公司\/2019-6",
      "url": "https:\/\/book.douban.com\/subject\/30321026\/",
      "release_date": null,
      "author": [
        "[葡]若泽·萨拉马戈"
      ],
      "cover": {
        "url": "https://img1.doubanio.com\/view\/subject\/l\/public\/s32301449.jpg",
        "width": 0,
        "shape": "rectangle",
        "height": 0
      },
      "uri": "douban:\/\/douban.com\/book\/30321026",
      "subtype": "",
      "reviewer_name": "",
      "null_rating_reason": ""
    },
    {
      "original_price": null,
      "rating": {
        "count": 6930,
        "max": 10,
        "value": 8.3,
        "star_count": 4.0
      },
      "actions": [],
      "press": [
        "江苏凤凰文艺出版社"
      ],
      "year": [
        "2019-4-1"
      ],
      "card_subtitle": "[奥地利] 斯蒂芬·茨威格 \/ 2019 \/ 江苏凤凰文艺出版社",
      "recommend_comment": "不明白评价为什么这么高。从传记和文采上当然没得说，但是以己之心去揣摩历史人物当时的想法，用有限的资料和无限的想象去重构当时的历史，难免读起来有点莫名，只能当故事看一看。 —— jiedaokou的短评",
      "id": "33385476",
      "title": "人类群星闪耀时",
      "wish_count": 4344,
      "label": null,
      "interest": null,
      "type": "book",
      "onsale": true,
      "description": "",
      "tags": [
        "茨威格",
        "好书，值得一读"
      ],
      "price": null,
      "date": null,
      "info": "[奥地利] 斯蒂芬·茨威格\/江苏凤凰文艺出版社\/2019-4-1",
      "url": "https:\/\/book.douban.com\/subject\/33385476\/",
      "release_date": null,
      "author": [
        "[奥地利] 斯蒂芬·茨威格"
      ],
      "cover": {
        "url": "https://img1.doubanio.com\/view\/subject\/l\/public\/s32299368.jpg",
        "width": 0,
        "shape": "rectangle",
        "height": 0
      },
      "uri": "douban:\/\/douban.com\/book\/33385476",
      "subtype": "",
      "reviewer_name": "",
      "null_rating_reason": ""
    },
    {
      "original_price": null,
      "rating": {
        "count": 1016,
        "max": 10,
        "value": 8.5,
        "star_count": 4.5
      },
      "actions": [],
      "press": [
        "商务印书馆"
      ],
      "year": [
        "2020-1-8"
      ],
      "card_subtitle": "花蚀 \/ 2020 \/ 商务印书馆",
      "recommend_comment": "对于这类涉及面极大，专业门槛不低的领域科普，最要求后积薄发。但很显然本书作者，至少不是动物园领域科班，深度积累也不充足，导致的结果是，刚开始阅读时候觉得学到不少的状态，往后就陡然下降，不同动物园都在重复类似的点。而当我拿着书到了动物园（北动）时候，更惊讶于书中的东西更多是动物园展板已有的（之前不知道，也只能说明我之前看得不仔细）信息。 —— 盒中甲虫的短评",
      "id": "34710113",
      "title": "逛动物园是件正经事",
      "wish_count": 10506,
      "label": null,
      "interest": null,
      "type": "book",
      "onsale": true,
      "description": "",
      "tags": [
        "科普",
        "动物"
      ],
      "price": null,
      "date": null,
      "info": "花蚀\/商务印书馆\/2020-1-8",
      "url": "https:\/\/book.douban.com\/subject\/34710113\/",
      "release_date": null,
      "author": [
        "花蚀"
      ],
      "cover": {
        "url": "https://img9.doubanio.com\/view\/subject\/l\/public\/s33554965.jpg",
        "width": 0,
        "shape": "rectangle",
        "height": 0
      },
      "uri": "douban:\/\/douban.com\/book\/34710113",
      "subtype": "",
      "reviewer_name": "",
      "null_rating_reason": ""
    },
    {
      "original_price": null,
      "rating": {
        "count": 3887,
        "max": 10,
        "value": 8.2,
        "star_count": 4.0
      },
      "actions": [],
      "press": [
        "人民邮电出版社"
      ],
      "year": [
        "2020-10"
      ],
      "card_subtitle": "周岭 \/ 2020 \/ 人民邮电出版社",
      "recommend_comment": "我是本书的作者周岭，感谢大家对《认知觉醒》的真实评价和反馈。无论是赞誉还是批评，我都会虚心接受，因为这都是持续改进《认知觉醒》的动力和机会。每一个人的评语和评分都会成为这本书的“指路牌”，希望《认知觉醒》能借助这些“指路牌”帮助到更多人！！！ —— 周岭的短评",
      "id": "35193035",
      "title": "认知觉醒",
      "wish_count": 7538,
      "label": null,
      "interest": null,
      "type": "book",
      "onsale": true,
      "description": "",
      "tags": [
        "个人成长",
        "自我提升"
      ],
      "price": null,
      "date": null,
      "info": "周岭\/人民邮电出版社\/2020-10",
      "url": "https:\/\/book.douban.com\/subject\/35193035\/",
      "release_date": null,
      "author": [
        "周岭"
      ],
      "cover": {
        "url": "https://img2.doubanio.com\/view\/subject\/l\/public\/s33713442.jpg",
        "width": 0,
        "shape": "rectangle",
        "height": 0
      },
      "uri": "douban:\/\/douban.com\/book\/35193035",
      "subtype": "",
      "reviewer_name": "",
      "null_rating_reason": ""
    },
    {
      "original_price": null,
      "rating": {
        "count": 3108,
        "max": 10,
        "value": 7.3,
        "star_count": 3.5
      },
      "actions": [],
      "press": [
        "作家出版社"
      ],
      "year": [
        "2017-3"
      ],
      "card_subtitle": "周国平 \/ 2017 \/ 作家出版社",
      "recommend_comment": "本来感觉还很好，直到看到周国平谈女人的那一章，对女性固化的偏见简直扑面而来…他认为女人总是感性的，且完全受感情支配的，换句话说基本无脑。“一个不能使男人感到轻松的女人，即使她是聪明的，至少她做的很蠢”…好奇之下一查，才发现原来最近周国平还在微博语出惊人… —— 路北的短评",
      "id": "27012154",
      "title": "我喜欢生命本来的样子",
      "wish_count": 8370,
      "label": null,
      "interest": null,
      "type": "book",
      "onsale": true,
      "description": "",
      "tags": [
        "周国平",
        "思考"
      ],
      "price": null,
      "date": null,
      "info": "周国平\/作家出版社\/2017-3",
      "url": "https:\/\/book.douban.com\/subject\/27012154\/",
      "release_date": null,
      "author": [
        "周国平"
      ],
      "cover": {
        "url": "https://img9.doubanio.com\/view\/subject\/l\/public\/s29417905.jpg",
        "width": 0,
        "shape": "rectangle",
        "height": 0
      },
      "uri": "douban:\/\/douban.com\/book\/27012154",
      "subtype": "",
      "reviewer_name": "",
      "null_rating_reason": ""
    },
    {
      "original_price": null,
      "rating": {
        "count": 4729,
        "max": 10,
        "value": 8.5,
        "star_count": 4.5
      },
      "actions": [],
      "press": [
        "百花洲文艺出版社"
      ],
      "year": [
        "2020-3"
      ],
      "card_subtitle": "金鱼酱 \/ 2020 \/ 百花洲文艺出版社",
      "recommend_comment": "2020年的第1282本￼之前看过实体书，我哭到不行，这次重温感觉还好，可能金鱼越来越坚强了我就觉得这种打击不算致命了吧 —— 李厂长的短评",
      "id": "34981242",
      "title": "人间告白",
      "wish_count": 5531,
      "label": null,
      "interest": null,
      "type": "book",
      "onsale": true,
      "description": "",
      "tags": [
        "治愈",
        "成长"
      ],
      "price": null,
      "date": null,
      "info": "金鱼酱\/百花洲文艺出版社\/2020-3",
      "url": "https:\/\/book.douban.com\/subject\/34981242\/",
      "release_date": null,
      "author": [
        "金鱼酱"
      ],
      "cover": {
        "url": "https://img1.doubanio.com\/view\/subject\/l\/public\/s33586929.jpg",
        "width": 0,
        "shape": "rectangle",
        "height": 0
      },
      "uri": "douban:\/\/douban.com\/book\/34981242",
      "subtype": "",
      "reviewer_name": "",
      "null_rating_reason": ""
    },
    {
      "original_price": null,
      "rating": {
        "count": 8483,
        "max": 10,
        "value": 7.4,
        "star_count": 3.5
      },
      "actions": [],
      "press": [
        "青岛出版社"
      ],
      "year": [
        "2020-4"
      ],
      "card_subtitle": "竹已 \/ 2020 \/ 青岛出版社",
      "recommend_comment": "第一章就劝退，bi王吧。九年制义务教育没教过你尊重老师嘛 —— 서울의 달的短评",
      "id": "35003286",
      "title": "偷偷藏不住",
      "wish_count": 1743,
      "label": null,
      "interest": null,
      "type": "book",
      "onsale": true,
      "description": "",
      "tags": [
        "段嘉许是人间理想",
        "甜文"
      ],
      "price": null,
      "date": null,
      "info": "竹已\/青岛出版社\/2020-4",
      "url": "https:\/\/book.douban.com\/subject\/35003286\/",
      "release_date": null,
      "author": [
        "竹已"
      ],
      "cover": {
        "url": "https://img2.doubanio.com\/view\/subject\/l\/public\/s33600111.jpg",
        "width": 0,
        "shape": "rectangle",
        "height": 0
      },
      "uri": "douban:\/\/douban.com\/book\/35003286",
      "subtype": "",
      "reviewer_name": "",
      "null_rating_reason": ""
    },
    {
      "original_price": null,
      "rating": {
        "count": 3891,
        "max": 10,
        "value": 8.6,
        "star_count": 4.5
      },
      "actions": [],
      "press": [
        "河北教育出版社"
      ],
      "year": [
        "2008-10"
      ],
      "card_subtitle": "（德）霍尔茨瓦特\/文 （德）埃布鲁赫\/圖 \/ 2008 \/ 河北教育出版社",
      "recommend_comment": "尼玛。。。。。这是个复仇的故事么。。。。。。 —— no~no的短评",
      "id": "2120339",
      "title": "是谁嗯嗯在我的头上",
      "wish_count": 4797,
      "label": null,
      "interest": null,
      "type": "book",
      "onsale": true,
      "description": "",
      "tags": [
        "绘本",
        "德国"
      ],
      "price": null,
      "date": null,
      "info": "（德）霍尔茨瓦特\/文\/（德）埃布鲁赫\/圖\/河北教育出版社\/2008-10",
      "url": "https:\/\/book.douban.com\/subject\/2120339\/",
      "release_date": null,
      "author": [
        "（德）霍尔茨瓦特\/文"
      ],
      "cover": {
        "url": "https://img9.doubanio.com\/view\/subject\/l\/public\/s3922706.jpg",
        "width": 0,
        "shape": "rectangle",
        "height": 0
      },
      "uri": "douban:\/\/douban.com\/book\/2120339",
      "subtype": "",
      "reviewer_name": "",
      "null_rating_reason": ""
    },
    {
      "original_price": null,
      "rating": {
        "count": 1332,
        "max": 10,
        "value": 8.2,
        "star_count": 4.0
      },
      "actions": [],
      "press": [
        "文汇出版社"
      ],
      "year": [
        "2021-8"
      ],
      "card_subtitle": "刘子超 \/ 2021 \/ 文汇出版社",
      "recommend_comment": "文字不用说，子超的游记都值得五星。新版的装帧更细腻，排版更疏阔好读，更赞美带来沉浸式体验的图片、地图部分以及全新的后记。是的，他已经成为他想成为的那种人，保罗·鲍尔斯说的，a writer who travels。 —— 伊夏的短评",
      "id": "35522033",
      "title": "午夜降临前抵达",
      "wish_count": 7666,
      "label": null,
      "interest": null,
      "type": "book",
      "onsale": true,
      "description": "",
      "tags": [
        "旅行文学",
        "游记"
      ],
      "price": null,
      "date": null,
      "info": "刘子超\/文汇出版社\/2021-8",
      "url": "https:\/\/book.douban.com\/subject\/35522033\/",
      "release_date": null,
      "author": [
        "刘子超"
      ],
      "cover": {
        "url": "https://img1.doubanio.com\/view\/subject\/l\/public\/s33955237.jpg",
        "width": 0,
        "shape": "rectangle",
        "height": 0
      },
      "uri": "douban:\/\/douban.com\/book\/35522033",
      "subtype": "",
      "reviewer_name": "",
      "null_rating_reason": ""
    },
    {
      "original_price": null,
      "rating": {
        "count": 5658,
        "max": 10,
        "value": 9.0,
        "star_count": 4.5
      },
      "actions": [],
      "press": [
        "四川科学技术出版社"
      ],
      "year": [
        "2016-9"
      ],
      "card_subtitle": "刘慈欣 \/ 2016 \/ 四川科学技术出版社",
      "recommend_comment": "全程惊叹！大刘的想象力瑰丽到极致竟仿佛纪实，从灵异事件说起，让人完全猜不透下一步会发生什么。被剧情牵着的我仿佛幼儿园的小孩，寒毛直竖，又怕又想看。难怪都说这是三体前传，现在三体中面壁者泰勒的量子幽灵大军计划完全解释得通了，还埋下了智子作为观察者和威慑的伏笔。林云这一女主角完全是程心的反面极端，意外可爱。从物理学到哲学到军事，大刘上天入地闹了个遍，结局竟还有些工科男的浪漫在里面。 —— 木由的短评",
      "id": "26856061",
      "title": "球状闪电",
      "wish_count": 2509,
      "label": null,
      "interest": null,
      "type": "book",
      "onsale": true,
      "description": "",
      "tags": [
        "刘慈欣",
        "科幻"
      ],
      "price": null,
      "date": null,
      "info": "刘慈欣\/四川科学技术出版社\/2016-9",
      "url": "https:\/\/book.douban.com\/subject\/26856061\/",
      "release_date": null,
      "author": [
        "刘慈欣"
      ],
      "cover": {
        "url": "https://img2.doubanio.com\/view\/subject\/l\/public\/s28979072.jpg",
        "width": 0,
        "shape": "rectangle",
        "height": 0
      },
      "uri": "douban:\/\/douban.com\/book\/26856061",
      "subtype": "",
      "reviewer_name": "",
      "null_rating_reason": ""
    },
    {
      "original_price": null,
      "rating": {
        "count": 4663,
        "max": 10,
        "value": 8.8,
        "star_count": 4.5
      },
      "actions": [],
      "press": [
        "河北教育出版社"
      ],
      "year": [
        "2007-4-1"
      ],
      "card_subtitle": "(英)安东尼·布朗 \/ 2007 \/ 河北教育出版社",
      "recommend_comment": "可爱的妈妈，可爱的孩子，这就是孩子眼中看到的那个无所不能，于自己最最亲近的妈妈，亲爱的，可爱的，最爱的妈妈。绘本画得非常轻松愉快，更是以一种随意的感受告诉我们“他”的感受，像孩子们之间相互“吹捧”自己妈妈的语气。但其中有一张有点歧义啊，或许是我太不纯洁了。童书总是这样的美好！ —— 碧落亦然的短评",
      "id": "2121010",
      "title": "我妈妈",
      "wish_count": 2732,
      "label": null,
      "interest": null,
      "type": "book",
      "onsale": true,
      "description": "",
      "tags": [
        "绘本",
        "安东尼·布朗"
      ],
      "price": null,
      "date": null,
      "info": "(英)安东尼·布朗\/河北教育出版社\/2007-4-1",
      "url": "https:\/\/book.douban.com\/subject\/2121010\/",
      "release_date": null,
      "author": [
        "(英)安东尼·布朗"
      ],
      "cover": {
        "url": "https://img1.doubanio.com\/view\/subject\/l\/public\/s23660957.jpg",
        "width": 0,
        "shape": "rectangle",
        "height": 0
      },
      "uri": "douban:\/\/douban.com\/book\/2121010",
      "subtype": "",
      "reviewer_name": "",
      "null_rating_reason": ""
    },
    {
      "original_price": null,
      "rating": {
        "count": 4056,
        "max": 10,
        "value": 7.3,
        "star_count": 3.5
      },
      "actions": [],
      "press": [
        "江苏凤凰文艺出版社"
      ],
      "year": [
        "2021-8-20"
      ],
      "card_subtitle": "李诞 \/ 2021 \/ 江苏凤凰文艺出版社",
      "recommend_comment": "（31\/150）作为前广告从业者，觉得有说一些基本原则，但不够系统。比较意外的是李诞的阅读面和思维方式。他不仅广泛看文学（中日欧美）、表演（情境，注意力）、艺术史（行活儿），还看认知科学（卡尼曼，情绪波动曲线），经济学（生产流程，非标），加上之前广告营销的底子（洞察，pitch, PMF，商业化人设，主题帮助传播），甚至我觉得他应该也看过不少商业管理的书（开会，高中低，创意的“独裁”），这个知识结构还是值得内容行业的人学习。脱口秀确实不容易，“你感觉自己像个要饭的，只要观众能笑，磕头都可以。只可惜磕头是没用的。” 全书印象最深的话可能是，“别离开战场，别离开战友，别离开敌人。” —— 元气少女爱美食的短评",
      "id": "35552655",
      "title": "李诞脱口秀工作手册",
      "wish_count": 4236,
      "label": null,
      "interest": null,
      "type": "book",
      "onsale": true,
      "description": "",
      "tags": [
        "脱口秀",
        "李诞"
      ],
      "price": null,
      "date": null,
      "info": "李诞\/江苏凤凰文艺出版社\/2021-8-20",
      "url": "https:\/\/book.douban.com\/subject\/35552655\/",
      "release_date": null,
      "author": [
        "李诞"
      ],
      "cover": {
        "url": "https://img2.doubanio.com\/view\/subject\/l\/public\/s33968562.jpg",
        "width": 0,
        "shape": "rectangle",
        "height": 0
      },
      "uri": "douban:\/\/douban.com\/book\/35552655",
      "subtype": "",
      "reviewer_name": "",
      "null_rating_reason": ""
    },
    {
      "original_price": null,
      "rating": {
        "count": 1692,
        "max": 10,
        "value": 8.7,
        "star_count": 4.5
      },
      "actions": [],
      "press": [
        "中信出版集团"
      ],
      "year": [
        "2020-8-18"
      ],
      "card_subtitle": "[英] 菲利帕·佩里 \/ 2020 \/ 中信出版集团",
      "recommend_comment": "大部分优秀的心理学科普书籍都不可避免地陷入了一个怪圈：真正需要读它的人，往往是最不愿意读的。 —— Ray的短评",
      "id": "35173329",
      "title": "真希望我父母读过这本书",
      "wish_count": 6332,
      "label": null,
      "interest": null,
      "type": "book",
      "onsale": true,
      "description": "",
      "tags": [
        "育儿",
        "亲子"
      ],
      "price": null,
      "date": null,
      "info": "[英] 菲利帕·佩里\/中信出版集团\/2020-8-18",
      "url": "https:\/\/book.douban.com\/subject\/35173329\/",
      "release_date": null,
      "author": [
        "[英] 菲利帕·佩里"
      ],
      "cover": {
        "url": "https://img2.doubanio.com\/view\/subject\/l\/public\/s33702542.jpg",
        "width": 0,
        "shape": "rectangle",
        "height": 0
      },
      "uri": "douban:\/\/douban.com\/book\/35173329",
      "subtype": "",
      "reviewer_name": "",
      "null_rating_reason": ""
    },
    {
      "original_price": null,
      "rating": {
        "count": 1274,
        "max": 10,
        "value": 8.3,
        "star_count": 4.0
      },
      "actions": [],
      "press": [
        "天津人民出版社"
      ],
      "year": [
        "2021-8"
      ],
      "card_subtitle": "弗雷德里克·巴克曼 \/ 2021 \/ 天津人民出版社",
      "recommend_comment": "2021-38.周六大半天读完。越看越觉得好。在局促的空间里延展出这样一个故事，结合自己当下的心境和这个年龄阶层的普遍困扰，不得不说作者确实懂得——单就这一点，就足以抚慰人心了。 —— Lili的短评",
      "id": "35539713",
      "title": "焦虑的人",
      "wish_count": 6713,
      "label": null,
      "interest": null,
      "type": "book",
      "onsale": true,
      "description": "",
      "tags": [
        "治愈",
        "心理"
      ],
      "price": null,
      "date": null,
      "info": "弗雷德里克·巴克曼\/天津人民出版社\/2021-8",
      "url": "https:\/\/book.douban.com\/subject\/35539713\/",
      "release_date": null,
      "author": [
        "弗雷德里克·巴克曼"
      ],
      "cover": {
        "url": "https://img2.doubanio.com\/view\/subject\/l\/public\/s33951431.jpg",
        "width": 0,
        "shape": "rectangle",
        "height": 0
      },
      "uri": "douban:\/\/douban.com\/book\/35539713",
      "subtype": "",
      "reviewer_name": "",
      "null_rating_reason": ""
    },
    {
      "original_price": null,
      "rating": {
        "count": 5231,
        "max": 10,
        "value": 8.8,
        "star_count": 4.5
      },
      "actions": [],
      "press": [
        "时代文艺出版社"
      ],
      "year": [
        "2017-9"
      ],
      "card_subtitle": "[奥地利] 斯蒂芬·茨威格 \/ 2017 \/ 时代文艺出版社",
      "recommend_comment": "惊叹茨威格这样的男作家比女人还懂女人，「一个陌生女人的来信」这种单恋爱情故事都可以把人性写得如此复杂。不单单是暗恋的极致，也是爱情斯德哥尔摩综合症的极致，用作者的话说「爱得如此奴性」。无论少女情怀，还是成人意识，人物心理的每个阶段都是我们人类的必经之路，但不一定都这样低姿态。中国女作家或多或少都受过这部作品的影响吧，感觉琼瑶在「情深深雨濛濛」里可云和尔豪这条线就是这样来的。 —— 当叔叔的年龄的短评",
      "id": "27128608",
      "title": "一个陌生女人的来信",
      "wish_count": 2171,
      "label": null,
      "interest": null,
      "type": "book",
      "onsale": true,
      "description": "",
      "tags": [
        "一个陌生女人的来信",
        "斯蒂芬·茨威格"
      ],
      "price": null,
      "date": null,
      "info": "[奥地利] 斯蒂芬·茨威格\/时代文艺出版社\/2017-9",
      "url": "https:\/\/book.douban.com\/subject\/27128608\/",
      "release_date": null,
      "author": [
        "[奥地利] 斯蒂芬·茨威格"
      ],
      "cover": {
        "url": "https://img1.doubanio.com\/view\/subject\/l\/public\/s29734158.jpg",
        "width": 0,
        "shape": "rectangle",
        "height": 0
      },
      "uri": "douban:\/\/douban.com\/book\/27128608",
      "subtype": "",
      "reviewer_name": "",
      "null_rating_reason": ""
    },
    {
      "original_price": null,
      "rating": {
        "count": 2205,
        "max": 10,
        "value": 7.6,
        "star_count": 4.0
      },
      "actions": [],
      "press": [
        "中信出版集团"
      ],
      "year": [
        "2019-8"
      ],
      "card_subtitle": "(英) 卡拉·瓦伦丁 \/ 2019 \/ 中信出版集团",
      "recommend_comment": "作为一个真的对尸检法医很感兴趣的人，一开始看到这本书是很惊喜的，尤其是发现作者还是一个女性的时候。但是看完还是挺失望的，与其说是一个殡葬师的手记，不如说是作者本人的自传更好一些。时间线就让人觉得有点混乱，想到哪儿写哪儿，中间还夹杂着很多作者对生活的感悟未来的展望等等，不能说不好，但是和标题内容不怎么相符吧。不过还是细致的描写了一些尸检时候的细节，是在其他的书中没看到过的，这部分我还是很喜欢很感兴趣的...... —— 桃子的短评",
      "id": "34449271",
      "title": "尸检报告",
      "wish_count": 5500,
      "label": null,
      "interest": null,
      "type": "book",
      "onsale": true,
      "description": "",
      "tags": [
        "法医学",
        "死亡"
      ],
      "price": null,
      "date": null,
      "info": "(英) 卡拉·瓦伦丁\/中信出版集团\/2019-8",
      "url": "https:\/\/book.douban.com\/subject\/34449271\/",
      "release_date": null,
      "author": [
        "(英) 卡拉·瓦伦丁"
      ],
      "cover": {
        "url": "https://img2.doubanio.com\/view\/subject\/l\/public\/s33458203.jpg",
        "width": 0,
        "shape": "rectangle",
        "height": 0
      },
      "uri": "douban:\/\/douban.com\/book\/34449271",
      "subtype": "",
      "reviewer_name": "",
      "null_rating_reason": ""
    },
    {
      "original_price": null,
      "rating": {
        "count": 4159,
        "max": 10,
        "value": 7.4,
        "star_count": 3.5
      },
      "actions": [],
      "press": [
        "贵州人民出版社"
      ],
      "year": [
        "2020-6"
      ],
      "card_subtitle": "九边 有容书邦发行 书田文化出品 \/ 2020 \/ 贵州人民出版社",
      "recommend_comment": "“抖音五分钟，人间两小时”。 —— 躬耕非所叹的短评",
      "id": "35060315",
      "title": "向上生长",
      "wish_count": 3263,
      "label": null,
      "interest": null,
      "type": "book",
      "onsale": true,
      "description": "",
      "tags": [
        "个人管理",
        "思维"
      ],
      "price": null,
      "date": null,
      "info": "九边\/有容书邦发行\/贵州人民出版社\/2020-6",
      "url": "https:\/\/book.douban.com\/subject\/35060315\/",
      "release_date": null,
      "author": [
        "九边"
      ],
      "cover": {
        "url": "https://img2.doubanio.com\/view\/subject\/l\/public\/s33963701.jpg",
        "width": 0,
        "shape": "rectangle",
        "height": 0
      },
      "uri": "douban:\/\/douban.com\/book\/35060315",
      "subtype": "",
      "reviewer_name": "",
      "null_rating_reason": ""
    }
  ]