[
    {
      "original_price": null,
      "rating": {
        "count": 16632,
        "max": 10,
        "value": 7.6,
        "star_count": 4.0
      },
      "actions": [],
      "press": [
        "南海出版公司"
      ],
      "year": [
        "2015-7-1"
      ],
      "card_subtitle": "东野圭吾 \/ 2015 \/ 南海出版公司",
      "recommend_comment": "“即便在现在这一瞬间，我也已经感受到了未来” 亲情这块真的是我最柔软的部分了，稍微一戳都能泪流满面 —— [已注销]的短评",
      "id": "26387514",
      "title": "时生",
      "wish_count": 2219,
      "label": null,
      "interest": null,
      "type": "book",
      "onsale": true,
      "description": "",
      "tags": [
        "东野圭吾",
        "治愈系"
      ],
      "price": null,
      "date": null,
      "info": "东野圭吾\/南海出版公司\/2015-7-1",
      "url": "https:\/\/book.douban.com\/subject\/26387514\/",
      "release_date": null,
      "author": [
        "东野圭吾"
      ],
      "cover": {
        "url": "https://img2.doubanio.com\/view\/subject\/l\/public\/s28112483.jpg",
        "width": 0,
        "shape": "rectangle",
        "height": 0
      },
      "uri": "douban:\/\/douban.com\/book\/26387514",
      "subtype": "",
      "reviewer_name": "",
      "null_rating_reason": ""
    },
    {
      "original_price": null,
      "rating": {
        "count": 7459,
        "max": 10,
        "value": 7.3,
        "star_count": 3.5
      },
      "actions": [],
      "press": [
        "湛庐文化\/浙江教育出版社"
      ],
      "year": [
        "2020-9-2"
      ],
      "card_subtitle": "张磊 \/ 2020 \/ 湛庐文化\/浙江教育出版社",
      "recommend_comment": "有幸提前拜读了张磊学长的人生总结。诚然成功无法复制，但想赚钱的人如果不来听最会赚钱的人怎么说，还要听谁的呢？ —— iamrebecca的短评",
      "id": "35188914",
      "title": "价值",
      "wish_count": 12035,
      "label": null,
      "interest": null,
      "type": "book",
      "onsale": true,
      "description": "",
      "tags": [
        "投资",
        "价值投资"
      ],
      "price": null,
      "date": null,
      "info": "张磊\/湛庐文化\/浙江教育出版社\/2020-9-2",
      "url": "https:\/\/book.douban.com\/subject\/35188914\/",
      "release_date": null,
      "author": [
        "张磊"
      ],
      "cover": {
        "url": "https://img3.doubanio.com\/view\/subject\/l\/public\/s33716660.jpg",
        "width": 0,
        "shape": "rectangle",
        "height": 0
      },
      "uri": "douban:\/\/douban.com\/book\/35188914",
      "subtype": "",
      "reviewer_name": "",
      "null_rating_reason": ""
    },
    {
      "original_price": null,
      "rating": {
        "count": 13977,
        "max": 10,
        "value": 8.6,
        "star_count": 4.5
      },
      "actions": [],
      "press": [
        "上海译文出版社"
      ],
      "year": [
        "2018-3"
      ],
      "card_subtitle": "[日]村上春树 \/ 2018 \/ 上海译文出版社",
      "recommend_comment": "时隔十多年重读第二遍，终于认识到这真是一部动人的作品。年轻时候的村上啊，荷尔蒙还那么丰沛，能写出这些个活灵活现，怀抱缺陷让人理解又让人叹息的角色们。 —— KK的短评",
      "id": "27200257",
      "title": "挪威的森林",
      "wish_count": 3715,
      "label": null,
      "interest": null,
      "type": "book",
      "onsale": true,
      "description": "",
      "tags": [
        "村上春树",
        "日本文学"
      ],
      "price": null,
      "date": null,
      "info": "[日]村上春树\/上海译文出版社\/2018-3",
      "url": "https:\/\/book.douban.com\/subject\/27200257\/",
      "release_date": null,
      "author": [
        "[日]村上春树"
      ],
      "cover": {
        "url": "https://img1.doubanio.com\/view\/subject\/l\/public\/s32266828.jpg",
        "width": 0,
        "shape": "rectangle",
        "height": 0
      },
      "uri": "douban:\/\/douban.com\/book\/27200257",
      "subtype": "",
      "reviewer_name": "",
      "null_rating_reason": ""
    },
    {
      "original_price": null,
      "rating": {
        "count": 6247,
        "max": 10,
        "value": 7.3,
        "star_count": 3.5
      },
      "actions": [],
      "press": [
        "北京联合出版公司"
      ],
      "year": [
        "2018-3"
      ],
      "card_subtitle": "[英] 珍妮特·温特森 \/ 2018 \/ 北京联合出版公司",
      "recommend_comment": "这叫故事？支离破碎的思维，矫情的作者 —— 大怪兽的短评",
      "id": "27622171",
      "title": "橘子不是唯一的水果",
      "wish_count": 12816,
      "label": null,
      "interest": null,
      "type": "book",
      "onsale": true,
      "description": "",
      "tags": [
        "珍妮特·温特森",
        "女性"
      ],
      "price": null,
      "date": null,
      "info": "[英] 珍妮特·温特森\/北京联合出版公司\/2018-3",
      "url": "https:\/\/book.douban.com\/subject\/27622171\/",
      "release_date": null,
      "author": [
        "[英] 珍妮特·温特森"
      ],
      "cover": {
        "url": "https://img9.doubanio.com\/view\/subject\/l\/public\/s29682706.jpg",
        "width": 0,
        "shape": "rectangle",
        "height": 0
      },
      "uri": "douban:\/\/douban.com\/book\/27622171",
      "subtype": "",
      "reviewer_name": "",
      "null_rating_reason": ""
    },
    {
      "original_price": null,
      "rating": {
        "count": 3054,
        "max": 10,
        "value": 8.9,
        "star_count": 4.5
      },
      "actions": [],
      "press": [
        "上海人民出版社"
      ],
      "year": [
        "2021-8"
      ],
      "card_subtitle": "兰小欢 \/ 2021 \/ 上海人民出版社",
      "recommend_comment": "应该成为高中必读书目。。 —— 答辩顺利的时候的短评",
      "id": "35546622",
      "title": "置身事内",
      "wish_count": 16884,
      "label": null,
      "interest": null,
      "type": "book",
      "onsale": true,
      "description": "",
      "tags": [
        "中国经济",
        "政治经济学"
      ],
      "price": null,
      "date": null,
      "info": "兰小欢\/上海人民出版社\/2021-8",
      "url": "https:\/\/book.douban.com\/subject\/35546622\/",
      "release_date": null,
      "author": [
        "兰小欢"
      ],
      "cover": {
        "url": "https://img1.doubanio.com\/view\/subject\/l\/public\/s33956867.jpg",
        "width": 0,
        "shape": "rectangle",
        "height": 0
      },
      "uri": "douban:\/\/douban.com\/book\/35546622",
      "subtype": "",
      "reviewer_name": "",
      "null_rating_reason": ""
    },
    {
      "original_price": null,
      "rating": {
        "count": 14861,
        "max": 10,
        "value": 7.4,
        "star_count": 3.5
      },
      "actions": [],
      "press": [
        "南海出版公司"
      ],
      "year": [
        "2017-9"
      ],
      "card_subtitle": "[日]东野圭吾 \/ 2017 \/ 南海出版公司",
      "recommend_comment": "东野圭吾各种精装，岛田庄司各种绝版 —— [已注销]的短评",
      "id": "27102207",
      "title": "放学后",
      "wish_count": 1759,
      "label": null,
      "interest": null,
      "type": "book",
      "onsale": true,
      "description": "",
      "tags": [
        "东野圭吾",
        "推理"
      ],
      "price": null,
      "date": null,
      "info": "[日]东野圭吾\/南海出版公司\/2017-9",
      "url": "https:\/\/book.douban.com\/subject\/27102207\/",
      "release_date": null,
      "author": [
        "[日]东野圭吾"
      ],
      "cover": {
        "url": "https://img1.doubanio.com\/view\/subject\/l\/public\/s29516909.jpg",
        "width": 0,
        "shape": "rectangle",
        "height": 0
      },
      "uri": "douban:\/\/douban.com\/book\/27102207",
      "subtype": "",
      "reviewer_name": "",
      "null_rating_reason": ""
    },
    {
      "original_price": null,
      "rating": {
        "count": 12534,
        "max": 10,
        "value": 7.8,
        "star_count": 4.0
      },
      "actions": [],
      "press": [
        "新星出版社"
      ],
      "year": [
        "2018-8"
      ],
      "card_subtitle": "余华 \/ 2018 \/ 新星出版社",
      "recommend_comment": "很多地方都很讽刺，不过我没想到这本书会这样戛然而止 —— little liar的短评",
      "id": "30259153",
      "title": "第七天",
      "wish_count": 3260,
      "label": null,
      "interest": null,
      "type": "book",
      "onsale": true,
      "description": "",
      "tags": [
        "余华",
        "讽刺"
      ],
      "price": null,
      "date": null,
      "info": "余华\/新星出版社\/2018-8",
      "url": "https:\/\/book.douban.com\/subject\/30259153\/",
      "release_date": null,
      "author": [
        "余华"
      ],
      "cover": {
        "url": "https://img2.doubanio.com\/view\/subject\/l\/public\/s33747401.jpg",
        "width": 0,
        "shape": "rectangle",
        "height": 0
      },
      "uri": "douban:\/\/douban.com\/book\/30259153",
      "subtype": "",
      "reviewer_name": "",
      "null_rating_reason": ""
    },
    {
      "original_price": null,
      "rating": {
        "count": 7119,
        "max": 10,
        "value": 7.7,
        "star_count": 4.0
      },
      "actions": [],
      "press": [
        "人民文学出版社"
      ],
      "year": [
        "2020-8-1"
      ],
      "card_subtitle": "莫言 \/ 2020 \/ 人民文学出版社",
      "recommend_comment": "说实话，您还不如不写，马尔克斯拿了诺奖后还能写出《霍乱时期的爱情》，您这四百页读完不如《红高粱》一章读来得酣畅淋漓。 —— 游离我身的短评",
      "id": "35141940",
      "title": "晚熟的人",
      "wish_count": 9979,
      "label": null,
      "interest": null,
      "type": "book",
      "onsale": true,
      "description": "",
      "tags": [
        "莫言",
        "短篇小说集"
      ],
      "price": null,
      "date": null,
      "info": "莫言\/人民文学出版社\/2020-8-1",
      "url": "https:\/\/book.douban.com\/subject\/35141940\/",
      "release_date": null,
      "author": [
        "莫言"
      ],
      "cover": {
        "url": "https://img3.doubanio.com\/view\/subject\/l\/public\/s33696230.jpg",
        "width": 0,
        "shape": "rectangle",
        "height": 0
      },
      "uri": "douban:\/\/douban.com\/book\/35141940",
      "subtype": "",
      "reviewer_name": "",
      "null_rating_reason": ""
    },
    {
      "original_price": null,
      "rating": {
        "count": 8829,
        "max": 10,
        "value": 8.4,
        "star_count": 4.0
      },
      "actions": [],
      "press": [
        "三秦出版社"
      ],
      "year": [
        "2019-3"
      ],
      "card_subtitle": "[日] 中岛敦 \/ 2019 \/ 三秦出版社",
      "recommend_comment": "“我深怕自己本非美玉，故而不敢加以刻苦琢磨，却又半信自己是块美玉，故又不肯庸庸碌碌，与瓦砾为伍。于是我渐渐地脱离凡尘，疏远世人，结果便是一任愤懑与羞恨日益助长内心那怯弱的自尊心。” —— zebra28的短评",
      "id": "30394154",
      "title": "山月记",
      "wish_count": 8264,
      "label": null,
      "interest": null,
      "type": "book",
      "onsale": true,
      "description": "",
      "tags": [
        "日本文学",
        "中岛敦"
      ],
      "price": null,
      "date": null,
      "info": "[日] 中岛敦\/三秦出版社\/2019-3",
      "url": "https:\/\/book.douban.com\/subject\/30394154\/",
      "release_date": null,
      "author": [
        "[日] 中岛敦"
      ],
      "cover": {
        "url": "https://img1.doubanio.com\/view\/subject\/l\/public\/s30020978.jpg",
        "width": 0,
        "shape": "rectangle",
        "height": 0
      },
      "uri": "douban:\/\/douban.com\/book\/30394154",
      "subtype": "",
      "reviewer_name": "",
      "null_rating_reason": ""
    },
    {
      "original_price": null,
      "rating": {
        "count": 11883,
        "max": 10,
        "value": 8.9,
        "star_count": 4.5
      },
      "actions": [],
      "press": [
        "江苏凤凰文艺出版社"
      ],
      "year": [
        "2019-3"
      ],
      "card_subtitle": "[法] 阿尔贝·加缪 \/ 2019 \/ 江苏凤凰文艺出版社",
      "recommend_comment": "身体和瞬间的双重真实；荒诞只是起点；否定走向肯定。太棒了！ —— SteppenwolfX的短评",
      "id": "30468519",
      "title": "局外人",
      "wish_count": 3609,
      "label": null,
      "interest": null,
      "type": "book",
      "onsale": true,
      "description": "",
      "tags": [
        "加缪",
        "局外人"
      ],
      "price": null,
      "date": null,
      "info": "[法] 阿尔贝·加缪\/江苏凤凰文艺出版社\/2019-3",
      "url": "https:\/\/book.douban.com\/subject\/30468519\/",
      "release_date": null,
      "author": [
        "[法] 阿尔贝·加缪"
      ],
      "cover": {
        "url": "https://img9.doubanio.com\/view\/subject\/l\/public\/s30012665.jpg",
        "width": 0,
        "shape": "rectangle",
        "height": 0
      },
      "uri": "douban:\/\/douban.com\/book\/30468519",
      "subtype": "",
      "reviewer_name": "",
      "null_rating_reason": ""
    },
    {
      "original_price": null,
      "rating": {
        "count": 7964,
        "max": 10,
        "value": 8.4,
        "star_count": 4.0
      },
      "actions": [],
      "press": [
        "浙江少年儿童出版社"
      ],
      "year": [
        "2009-10"
      ],
      "card_subtitle": "沈石溪 \/ 2009 \/ 浙江少年儿童出版社",
      "recommend_comment": "沈的动物小说，不把动物拟人化，却也不显得乏味。从兽性中可以看到人性，从狼的社会中也投射出人类社会。 —— 林雨的短评",
      "id": "4061972",
      "title": "狼王梦",
      "wish_count": 3657,
      "label": null,
      "interest": null,
      "type": "book",
      "onsale": true,
      "description": "",
      "tags": [
        "沈石溪",
        "动物小说"
      ],
      "price": null,
      "date": null,
      "info": "沈石溪\/浙江少年儿童出版社\/2009-10",
      "url": "https:\/\/book.douban.com\/subject\/4061972\/",
      "release_date": null,
      "author": [
        "沈石溪"
      ],
      "cover": {
        "url": "https://img2.doubanio.com\/view\/subject\/l\/public\/s4618773.jpg",
        "width": 0,
        "shape": "rectangle",
        "height": 0
      },
      "uri": "douban:\/\/douban.com\/book\/4061972",
      "subtype": "",
      "reviewer_name": "",
      "null_rating_reason": ""
    },
    {
      "original_price": null,
      "rating": {
        "count": 8443,
        "max": 10,
        "value": 9.5,
        "star_count": 5.0
      },
      "actions": [],
      "press": [
        "南海出版公司"
      ],
      "year": [
        "2017-8"
      ],
      "card_subtitle": "[哥伦比亚] 加西亚·马尔克斯 \/ 2017 \/ 南海出版公司",
      "recommend_comment": "作者熟练的叙述性语言中没有一句废话，故事情节极其紧凑，文字如星河流水般广袤无垠，倾泻而下。它给我的感觉甚至不像是一部小说，而是一本厚厚的古老家族的编年史。十二个小时，像在听一位头发花白的老人佝偻着身子将他百年记忆中那些亦真亦幻的传说与往事娓娓道来，而我爱这狂放与含蓄糅杂，浪漫与孤寂并存的古老往事。 —— 滕梦瑶的短评",
      "id": "27107109",
      "title": "百年孤独",
      "wish_count": 6771,
      "label": null,
      "interest": null,
      "type": "book",
      "onsale": true,
      "description": "",
      "tags": [
        "马尔克斯",
        "魔幻现实主义"
      ],
      "price": null,
      "date": null,
      "info": "[哥伦比亚] 加西亚·马尔克斯\/南海出版公司\/2017-8",
      "url": "https:\/\/book.douban.com\/subject\/27107109\/",
      "release_date": null,
      "author": [
        "[哥伦比亚] 加西亚·马尔克斯"
      ],
      "cover": {
        "url": "https://img2.doubanio.com\/view\/subject\/l\/public\/s33542403.jpg",
        "width": 0,
        "shape": "rectangle",
        "height": 0
      },
      "uri": "douban:\/\/douban.com\/book\/27107109",
      "subtype": "",
      "reviewer_name": "",
      "null_rating_reason": ""
    },
    {
      "original_price": null,
      "rating": {
        "count": 5028,
        "max": 10,
        "value": 8.0,
        "star_count": 4.0
      },
      "actions": [],
      "press": [
        "天津人民出版社"
      ],
      "year": [
        "2020-6"
      ],
      "card_subtitle": "北溟鱼 \/ 2020 \/ 天津人民出版社",
      "recommend_comment": "金圣叹都说，一个好书名至关重要。长安客这个书名就很好，“客”意味深长，开篇谈玄宗安史之乱的播迁经历更是意味深长。玄宗于长安都是客，更何况他人？人生逆旅谁都如此。文章根本不是有些人说的公众号体，考据扎实，没有媚态。涉及的大部分史实和资料我也算比较熟悉，但没鱼老师梳理得清晰流畅。我在豆瓣上不抱团互舔，我确实是喜欢这本书的写作方式，以及更重要的态度。孔丘盗跖俱尘埃，这句诗说明了一切。 —— 支离疏的短评",
      "id": "34983746",
      "title": "长安客",
      "wish_count": 10850,
      "label": null,
      "interest": null,
      "type": "book",
      "onsale": true,
      "description": "",
      "tags": [
        "历史",
        "人物传记"
      ],
      "price": null,
      "date": null,
      "info": "北溟鱼\/天津人民出版社\/2020-6",
      "url": "https:\/\/book.douban.com\/subject\/34983746\/",
      "release_date": null,
      "author": [
        "北溟鱼"
      ],
      "cover": {
        "url": "https://img1.doubanio.com\/view\/subject\/l\/public\/s33657908.jpg",
        "width": 0,
        "shape": "rectangle",
        "height": 0
      },
      "uri": "douban:\/\/douban.com\/book\/34983746",
      "subtype": "",
      "reviewer_name": "",
      "null_rating_reason": ""
    },
    {
      "original_price": null,
      "rating": {
        "count": 4380,
        "max": 10,
        "value": 8.2,
        "star_count": 4.0
      },
      "actions": [],
      "press": [
        "中国法制出版社"
      ],
      "year": [
        "2019-8-26"
      ],
      "card_subtitle": "罗翔 \/ 2019 \/ 中国法制出版社",
      "recommend_comment": "推荐给每一个刚学法的同学，先立德，后成材，罗翔老师总是让我对法律职业充满了信念感。 —— 我又不是怪兽的短评",
      "id": "34815132",
      "title": "圆圈正义",
      "wish_count": 11512,
      "label": null,
      "interest": null,
      "type": "book",
      "onsale": true,
      "description": "",
      "tags": [
        "罗翔",
        "法律"
      ],
      "price": null,
      "date": null,
      "info": "罗翔\/中国法制出版社\/2019-8-26",
      "url": "https:\/\/book.douban.com\/subject\/34815132\/",
      "release_date": null,
      "author": [
        "罗翔"
      ],
      "cover": {
        "url": "https://img9.doubanio.com\/view\/subject\/l\/public\/s33544846.jpg",
        "width": 0,
        "shape": "rectangle",
        "height": 0
      },
      "uri": "douban:\/\/douban.com\/book\/34815132",
      "subtype": "",
      "reviewer_name": "",
      "null_rating_reason": ""
    },
    {
      "original_price": null,
      "rating": {
        "count": 9143,
        "max": 10,
        "value": 8.4,
        "star_count": 4.0
      },
      "actions": [],
      "press": [
        "南海出版公司"
      ],
      "year": [
        "2015-9-1"
      ],
      "card_subtitle": "（日）村上春树 \/ 2015 \/ 南海出版公司",
      "recommend_comment": "一個老頭的叨逼叨 —— MichelleLOU的短评",
      "id": "26575679",
      "title": "当我谈跑步时，我谈些什么（2015典藏版）",
      "wish_count": 5662,
      "label": null,
      "interest": null,
      "type": "book",
      "onsale": true,
      "description": "",
      "tags": [
        "村上春树",
        "跑步"
      ],
      "price": null,
      "date": null,
      "info": "（日）村上春树\/南海出版公司\/2015-9-1",
      "url": "https:\/\/book.douban.com\/subject\/26575679\/",
      "release_date": null,
      "author": [
        "（日）村上春树"
      ],
      "cover": {
        "url": "https://img2.doubanio.com\/view\/subject\/l\/public\/s28316091.jpg",
        "width": 0,
        "shape": "rectangle",
        "height": 0
      },
      "uri": "douban:\/\/douban.com\/book\/26575679",
      "subtype": "",
      "reviewer_name": "",
      "null_rating_reason": ""
    },
    {
      "original_price": null,
      "rating": {
        "count": 10147,
        "max": 10,
        "value": 9.0,
        "star_count": 4.5
      },
      "actions": [],
      "press": [
        "南海出版公司"
      ],
      "year": [
        "2017-7"
      ],
      "card_subtitle": "[日] 东野圭吾 \/ 2017 \/ 南海出版公司",
      "recommend_comment": "是一本非常易读的书。读完唏嘘不已，既为他们的关系动容，又因他们做的恶背脊发凉，特别是雪穗。佩服东野圭吾，让读者纵观全局，剧中人物一头雾水，最后只有书中聪明的人一点一点识破他们伪善的面具。（可惜只有两个，还被谋杀了一个。这也是佩服警察和侦探的原因，永远是通过自己的努力去最接近真相的群体） —— D西野的短评",
      "id": "27112607",
      "title": "白夜行",
      "wish_count": 3071,
      "label": null,
      "interest": null,
      "type": "book",
      "onsale": true,
      "description": "",
      "tags": [
        "东野圭吾",
        "推理"
      ],
      "price": null,
      "date": null,
      "info": "[日] 东野圭吾\/南海出版公司\/2017-7",
      "url": "https:\/\/book.douban.com\/subject\/27112607\/",
      "release_date": null,
      "author": [
        "[日] 东野圭吾"
      ],
      "cover": {
        "url": "https://img9.doubanio.com\/view\/subject\/l\/public\/s30014645.jpg",
        "width": 0,
        "shape": "rectangle",
        "height": 0
      },
      "uri": "douban:\/\/douban.com\/book\/27112607",
      "subtype": "",
      "reviewer_name": "",
      "null_rating_reason": ""
    },
    {
      "original_price": null,
      "rating": {
        "count": 4960,
        "max": 10,
        "value": 9.0,
        "star_count": 4.5
      },
      "actions": [],
      "press": [
        "作家出版社"
      ],
      "year": [
        "2017-8"
      ],
      "card_subtitle": "[挪威] 乔斯坦·贾德 \/ 2017 \/ 作家出版社",
      "recommend_comment": "可惜想来在我15岁的年纪，这本写给15岁少女的哲学作品无论如何也无法引起我的兴趣。好在在15乘以2的年纪细读了，并真正被其中一些内容所打动。第一次体味到哲学思想的魅力，并希望了解更多。原来哲学可是一门值得亲近的学问呢。或许是因为年纪渐长，开始理解其中的一些思索，并对这样的追寻心向往之了吧。 —— 在海边的短评",
      "id": "27172839",
      "title": "苏菲的世界",
      "wish_count": 8062,
      "label": null,
      "interest": null,
      "type": "book",
      "onsale": true,
      "description": "",
      "tags": [
        "哲学",
        "哲学入门"
      ],
      "price": null,
      "date": null,
      "info": "[挪威] 乔斯坦·贾德\/作家出版社\/2017-8",
      "url": "https:\/\/book.douban.com\/subject\/27172839\/",
      "release_date": null,
      "author": [
        "[挪威] 乔斯坦·贾德"
      ],
      "cover": {
        "url": "https://img9.doubanio.com\/view\/subject\/l\/public\/s29580784.jpg",
        "width": 0,
        "shape": "rectangle",
        "height": 0
      },
      "uri": "douban:\/\/douban.com\/book\/27172839",
      "subtype": "",
      "reviewer_name": "",
      "null_rating_reason": ""
    },
    {
      "original_price": null,
      "rating": {
        "count": 4085,
        "max": 10,
        "value": 8.5,
        "star_count": 4.5
      },
      "actions": [],
      "press": [
        "海南出版社"
      ],
      "year": [
        "2017-1"
      ],
      "card_subtitle": "希阿荣博堪布 \/ 2017 \/ 海南出版社",
      "recommend_comment": "前两章说教味略浓，后两章随笔大多写跟上师间的感情，文笔一般。我应该不是这本书的目标读者。与《正见》《西藏生死书》就讲清佛教思想上还是有距离。 —— yvonne的短评",
      "id": "5450660",
      "title": "次第花开",
      "wish_count": 9705,
      "label": null,
      "interest": null,
      "type": "book",
      "onsale": true,
      "description": "",
      "tags": [
        "心灵修行",
        "佛学"
      ],
      "price": null,
      "date": null,
      "info": "希阿荣博堪布\/海南出版社\/2017-1",
      "url": "https:\/\/book.douban.com\/subject\/5450660\/",
      "release_date": null,
      "author": [
        "希阿荣博堪布"
      ],
      "cover": {
        "url": "https://img9.doubanio.com\/view\/subject\/l\/public\/s29347294.jpg",
        "width": 0,
        "shape": "rectangle",
        "height": 0
      },
      "uri": "douban:\/\/douban.com\/book\/5450660",
      "subtype": "",
      "reviewer_name": "",
      "null_rating_reason": ""
    },
    {
      "original_price": null,
      "rating": {
        "count": 10476,
        "max": 10,
        "value": 9.2,
        "star_count": 4.5
      },
      "actions": [],
      "press": [
        "北京十月文艺出版社"
      ],
      "year": [
        "2017-3"
      ],
      "card_subtitle": "三毛 \/ 2017 \/ 北京十月文艺出版社",
      "recommend_comment": "书里记录了三毛和荷西在沙漠里生活的点滴，沙漠总是虚无缥缈的，远处的沙丘仿佛就是流动的光彩。因为三毛心中有爱，她用浪漫的目光注视着这片土地，所以她的故事动人。哑奴中提到，给他金钱，是最低级的善举。从她对孩子的同情，到对父亲的同情，她的关心都显得有些笨拙，她给他们送布料、送食物，但看着哑奴被卖去放羊，又无能为力。哭泣的骆驼，已经接近他们撒哈拉生活的尾声，巴西里和沙伊达简直就像电视剧一般的情节，最后的惨状叫人十分痛心。三毛来到撒哈拉，从最初的寂寞，到后来的不舍，她把那个破旧的小屋打扮得颇有烟火气，过年还挂着父母寄来的腊肉香肠，她开着车和荷西一起在荒漠里探险，三毛和荷西的故事自不必多说，没有人会怀疑，她确实在撒哈拉留下了一寸真挚的爱。看最后她和父母的通信，也羡慕她，活成了自己想要的样子。 —— 多田依麻的短评",
      "id": "26997048",
      "title": "撒哈拉的故事",
      "wish_count": 2097,
      "label": null,
      "interest": null,
      "type": "book",
      "onsale": true,
      "description": "",
      "tags": [
        "三毛",
        "自由"
      ],
      "price": null,
      "date": null,
      "info": "三毛\/北京十月文艺出版社\/2017-3",
      "url": "https:\/\/book.douban.com\/subject\/26997048\/",
      "release_date": null,
      "author": [
        "三毛"
      ],
      "cover": {
        "url": "https://img3.doubanio.com\/view\/subject\/l\/public\/s29401350.jpg",
        "width": 0,
        "shape": "rectangle",
        "height": 0
      },
      "uri": "douban:\/\/douban.com\/book\/26997048",
      "subtype": "",
      "reviewer_name": "",
      "null_rating_reason": ""
    },
    {
      "original_price": null,
      "rating": {
        "count": 6145,
        "max": 10,
        "value": 8.2,
        "star_count": 4.0
      },
      "actions": [],
      "press": [
        "中信出版集团"
      ],
      "year": [
        "2019-9"
      ],
      "card_subtitle": "星球研究所 中国青藏高原研究会 \/ 2019 \/ 中信出版集团",
      "recommend_comment": "图好看，文案一般 —— 螃蟹蟹的短评",
      "id": "34835320",
      "title": "这里是中国",
      "wish_count": 7054,
      "label": null,
      "interest": null,
      "type": "book",
      "onsale": true,
      "description": "",
      "tags": [
        "地理",
        "中国"
      ],
      "price": null,
      "date": null,
      "info": "星球研究所\/中国青藏高原研究会\/中信出版集团\/2019-9",
      "url": "https:\/\/book.douban.com\/subject\/34835320\/",
      "release_date": null,
      "author": [
        "星球研究所"
      ],
      "cover": {
        "url": "https://img9.doubanio.com\/view\/subject\/l\/public\/s33501396.jpg",
        "width": 0,
        "shape": "rectangle",
        "height": 0
      },
      "uri": "douban:\/\/douban.com\/book\/34835320",
      "subtype": "",
      "reviewer_name": "",
      "null_rating_reason": ""
    }
  ]