[
    {
      "original_price": null,
      "rating": {
        "count": 56011,
        "max": 10,
        "value": 8.1,
        "star_count": 4.0
      },
      "actions": [],
      "press": [
        "北京十月文艺出版社"
      ],
      "year": [
        "2019-4"
      ],
      "card_subtitle": "麦家 \/ 2019 \/ 北京十月文艺出版社",
      "recommend_comment": "其实书名可以改成“上校的裤裆”，要不是为了知道他的肚皮下到底刻的是什么字，真的感觉读不下来。我发现在他们这一批的作家中，特别喜欢把乡村、性和战争连接在一起，满嘴的“屌”“逼”“操”，是不是抛开这些无处不在的脏话就写不了小说了。可以看得出来，麦家还是很有野心的，想下一盘大棋，结果一开始就散掉了。以上校的一生为原点，阐述了一个村一个国家的一段历史，在那些动荡的岁月，哪里有什么好人坏人之分，再说就算是和平富裕年代，有绝对的好人和坏人么？答案是肯定的，再好的人也有暗点，再坏的人也有闪光点，人生海海的意思懂不？那就是承认生活不完美以后依然热爱生活。可是，既然那么不完美，为什么还要耗尽力气去热爱它？热爱生活需要太大的勇气了，我随性活着就行了。悟性不够，评论里的那些人生感悟我都没看出来。 —— 空山的短评",
      "id": "30475767",
      "title": "人生海海",
      "wish_count": 65492,
      "label": null,
      "interest": null,
      "type": "book",
      "onsale": true,
      "description": "",
      "tags": [
        "麦家",
        "好书，值得一读"
      ],
      "price": null,
      "date": null,
      "info": "麦家\/北京十月文艺出版社\/2019-4",
      "url": "https:\/\/book.douban.com\/subject\/30475767\/",
      "release_date": null,
      "author": [
        "麦家"
      ],
      "cover": {
        "url": "https://img2.doubanio.com\/view\/subject\/l\/public\/s32266692.jpg",
        "width": 0,
        "shape": "rectangle",
        "height": 0
      },
      "uri": "douban:\/\/douban.com\/book\/30475767",
      "subtype": "",
      "reviewer_name": "",
      "null_rating_reason": ""
    },
    {
      "original_price": null,
      "rating": {
        "count": 78398,
        "max": 10,
        "value": 9.0,
        "star_count": 4.5
      },
      "actions": [],
      "press": [
        "南海出版公司"
      ],
      "year": [
        "2014-6-1"
      ],
      "card_subtitle": "[日]东野圭吾 \/ 2014 \/ 南海出版公司",
      "recommend_comment": "開頭看到石神每次路過的一排藍色遊民的房子，並且暗自給那幾個典型起綽號的時候，就直覺某個遊民必是最後登場的案情關鍵點。看到最後，果然如此，只是沒有想到石神毀滅自己為愛獻身只是因為在介於生與死之間徘徊的時候靖子母女的一個眼神。情不知所起，一往而深。一念起，生死之間，萬水千山。 —— [已注销]的短评",
      "id": "25924253",
      "title": "嫌疑人X的献身",
      "wish_count": 23684,
      "label": null,
      "interest": null,
      "type": "book",
      "onsale": true,
      "description": "",
      "tags": [
        "东野圭吾",
        "推理"
      ],
      "price": null,
      "date": null,
      "info": "[日]东野圭吾\/南海出版公司\/2014-6-1",
      "url": "https:\/\/book.douban.com\/subject\/25924253\/",
      "release_date": null,
      "author": [
        "[日]东野圭吾"
      ],
      "cover": {
        "url": "https://img2.doubanio.com\/view\/subject\/l\/public\/s27676061.jpg",
        "width": 0,
        "shape": "rectangle",
        "height": 0
      },
      "uri": "douban:\/\/douban.com\/book\/25924253",
      "subtype": "",
      "reviewer_name": "",
      "null_rating_reason": ""
    },
    {
      "original_price": null,
      "rating": {
        "count": 64025,
        "max": 10,
        "value": 8.7,
        "star_count": 4.5
      },
      "actions": [],
      "press": [
        "南海出版公司"
      ],
      "year": [
        "2016-11-1"
      ],
      "card_subtitle": "[日] 东野圭吾 \/ 2016 \/ 南海出版公司",
      "recommend_comment": "最大的恶意不是杀了你，而是毁了你。 —— Hachiko的短评",
      "id": "26877752",
      "title": "恶意",
      "wish_count": 23019,
      "label": null,
      "interest": null,
      "type": "book",
      "onsale": true,
      "description": "",
      "tags": [
        "东野圭吾",
        "推理"
      ],
      "price": null,
      "date": null,
      "info": "[日] 东野圭吾\/南海出版公司\/2016-11-1",
      "url": "https:\/\/book.douban.com\/subject\/26877752\/",
      "release_date": null,
      "author": [
        "[日] 东野圭吾"
      ],
      "cover": {
        "url": "https://img9.doubanio.com\/view\/subject\/l\/public\/s29069735.jpg",
        "width": 0,
        "shape": "rectangle",
        "height": 0
      },
      "uri": "douban:\/\/douban.com\/book\/26877752",
      "subtype": "",
      "reviewer_name": "",
      "null_rating_reason": ""
    },
    {
      "original_price": null,
      "rating": {
        "count": 49832,
        "max": 10,
        "value": 8.5,
        "star_count": 4.5
      },
      "actions": [],
      "press": [
        "天津人民出版社"
      ],
      "year": [
        "2020-8-1"
      ],
      "card_subtitle": "【英】罗伯特·戴博德 \/ 2020 \/ 天津人民出版社",
      "recommend_comment": "虽然部分内容过于教条，却仍不失为一本优秀的大众心理学书籍。十三、十四章是精华，这种心理模式几乎在所有人的身上都展露无遗：赢了游戏，输了自己。这不禁让我想起我很喜欢问别人的一个问题：你希望自己是正确的，还是幸福的？ —— Cookie的短评",
      "id": "35143790",
      "title": "蛤蟆先生去看心理医生",
      "wish_count": 55754,
      "label": null,
      "interest": null,
      "type": "book",
      "onsale": true,
      "description": "",
      "tags": [
        "心理学",
        "治愈"
      ],
      "price": null,
      "date": null,
      "info": "【英】罗伯特·戴博德\/天津人民出版社\/2020-8-1",
      "url": "https:\/\/book.douban.com\/subject\/35143790\/",
      "release_date": null,
      "author": [
        "【英】罗伯特·戴博德"
      ],
      "cover": {
        "url": "https://img1.doubanio.com\/view\/subject\/l\/public\/s33941998.jpg",
        "width": 0,
        "shape": "rectangle",
        "height": 0
      },
      "uri": "douban:\/\/douban.com\/book\/35143790",
      "subtype": "",
      "reviewer_name": "",
      "null_rating_reason": ""
    },
    {
      "original_price": null,
      "rating": {
        "count": 17248,
        "max": 10,
        "value": 8.1,
        "star_count": 4.0
      },
      "actions": [],
      "press": [
        "中信出版社"
      ],
      "year": [
        "2012-7"
      ],
      "card_subtitle": "[美] 丹尼尔·卡尼曼 \/ 2012 \/ 中信出版社",
      "recommend_comment": "读起来太费劲儿，翻译太糟糕了。 —— 小澍巫的短评",
      "id": "10785583",
      "title": "思考，快与慢",
      "wish_count": 68834,
      "label": null,
      "interest": null,
      "type": "book",
      "onsale": true,
      "description": "",
      "tags": [
        "心理学",
        "思维"
      ],
      "price": null,
      "date": null,
      "info": "[美] 丹尼尔·卡尼曼\/中信出版社\/2012-7",
      "url": "https:\/\/book.douban.com\/subject\/10785583\/",
      "release_date": null,
      "author": [
        "[美] 丹尼尔·卡尼曼"
      ],
      "cover": {
        "url": "https://img1.doubanio.com\/view\/subject\/l\/public\/s10345719.jpg",
        "width": 0,
        "shape": "rectangle",
        "height": 0
      },
      "uri": "douban:\/\/douban.com\/book\/10785583",
      "subtype": "",
      "reviewer_name": "",
      "null_rating_reason": ""
    },
    {
      "original_price": null,
      "rating": {
        "count": 22360,
        "max": 10,
        "value": 9.0,
        "star_count": 4.5
      },
      "actions": [],
      "press": [
        "上海三联书店"
      ],
      "year": [
        "2015-1"
      ],
      "card_subtitle": "(日) 上野千鹤子 \/ 2015 \/ 上海三联书店",
      "recommend_comment": "“女性主义者就是自觉意识到自身的厌女症而决意与之斗争的人。” —— 樱柠的短评",
      "id": "25836270",
      "title": "厌女",
      "wish_count": 66826,
      "label": null,
      "interest": null,
      "type": "book",
      "onsale": true,
      "description": "",
      "tags": [
        "女性主义",
        "社会学"
      ],
      "price": null,
      "date": null,
      "info": "(日) 上野千鹤子\/上海三联书店\/2015-1",
      "url": "https:\/\/book.douban.com\/subject\/25836270\/",
      "release_date": null,
      "author": [
        "(日) 上野千鹤子"
      ],
      "cover": {
        "url": "https://img1.doubanio.com\/view\/subject\/l\/public\/s33797467.jpg",
        "width": 0,
        "shape": "rectangle",
        "height": 0
      },
      "uri": "douban:\/\/douban.com\/book\/25836270",
      "subtype": "",
      "reviewer_name": "",
      "null_rating_reason": ""
    },
    {
      "original_price": null,
      "rating": {
        "count": 25695,
        "max": 10,
        "value": 8.4,
        "star_count": 4.0
      },
      "actions": [],
      "press": [
        "上海三联书店"
      ],
      "year": [
        "2020-9"
      ],
      "card_subtitle": "陈春成 \/ 2020 \/ 上海三联书店",
      "recommend_comment": "阴天无人的江南园林，1950年福建的剿匪战斗，列宁格勒的秋夜夜雨，万历十五年的春夜，或者只是今年九月，一个秋雨绵绵的县城下午……他的故事好像里总有细碎的雨声，或者轻微的海浪声，像一幅展开的卷轴，自然段次第铺开，看到中途才猛然发现早就跌进了他虚构的世界里。几乎每篇文章我都至少读过三遍，每次还会被澄净的语言吸引，心跳变缓，渐渐沉入一条时间的夹缝。这不光是一本短篇小说集，打开书页，它会变成一卷梦的索引。 —— 熊阿姨的短评",
      "id": "35005045",
      "title": "夜晚的潜水艇",
      "wish_count": 63423,
      "label": null,
      "interest": null,
      "type": "book",
      "onsale": true,
      "description": "",
      "tags": [
        "短篇小说",
        "陈春成"
      ],
      "price": null,
      "date": null,
      "info": "陈春成\/上海三联书店\/2020-9",
      "url": "https:\/\/book.douban.com\/subject\/35005045\/",
      "release_date": null,
      "author": [
        "陈春成"
      ],
      "cover": {
        "url": "https://img3.doubanio.com\/view\/subject\/l\/public\/s33718940.jpg",
        "width": 0,
        "shape": "rectangle",
        "height": 0
      },
      "uri": "douban:\/\/douban.com\/book\/35005045",
      "subtype": "",
      "reviewer_name": "",
      "null_rating_reason": ""
    },
    {
      "original_price": null,
      "rating": {
        "count": 33960,
        "max": 10,
        "value": 7.7,
        "star_count": 4.0
      },
      "actions": [],
      "press": [
        "天津人民出版社"
      ],
      "year": [
        "2013-1"
      ],
      "card_subtitle": "安托万•德•圣埃克苏佩里 \/ 2013 \/ 天津人民出版社",
      "recommend_comment": "也做一次黑水军吧 —— waits的短评",
      "id": "20443559",
      "title": "小王子",
      "wish_count": 10205,
      "label": null,
      "interest": null,
      "type": "book",
      "onsale": true,
      "description": "",
      "tags": [
        "小王子",
        "童话"
      ],
      "price": null,
      "date": null,
      "info": "安托万•德•圣埃克苏佩里\/天津人民出版社\/2013-1",
      "url": "https:\/\/book.douban.com\/subject\/20443559\/",
      "release_date": null,
      "author": [
        "安托万•德•圣埃克苏佩里"
      ],
      "cover": {
        "url": "https://img9.doubanio.com\/view\/subject\/l\/public\/s28850934.jpg",
        "width": 0,
        "shape": "rectangle",
        "height": 0
      },
      "uri": "douban:\/\/douban.com\/book\/20443559",
      "subtype": "",
      "reviewer_name": "",
      "null_rating_reason": ""
    },
    {
      "original_price": null,
      "rating": {
        "count": 18730,
        "max": 10,
        "value": 9.4,
        "star_count": 4.5
      },
      "actions": [],
      "press": [
        "北京十月文艺出版社"
      ],
      "year": [
        "2017-6-1"
      ],
      "card_subtitle": "余华 \/ 2017 \/ 北京十月文艺出版社",
      "recommend_comment": "作者序比正文还要精彩。“人活着的任何深刻理由都是不存在的”——加缪29岁完成<西西弗神话>，余华32岁写作<活着>。他们都是在日复一日的重复中，发出了“为什么”的诘问，荒谬由此诞生。这种分裂与疏离让他们的写作饱含力量。“伟大的作家必是哲学家”——再次借用加缪，表达我对余华的崇敬。 —— 乃西的短评",
      "id": "27064488",
      "title": "活着",
      "wish_count": 9922,
      "label": null,
      "interest": null,
      "type": "book",
      "onsale": true,
      "description": "",
      "tags": [
        "余华",
        "活着"
      ],
      "price": null,
      "date": null,
      "info": "余华\/北京十月文艺出版社\/2017-6-1",
      "url": "https:\/\/book.douban.com\/subject\/27064488\/",
      "release_date": null,
      "author": [
        "余华"
      ],
      "cover": {
        "url": "https://img1.doubanio.com\/view\/subject\/l\/public\/s29652928.jpg",
        "width": 0,
        "shape": "rectangle",
        "height": 0
      },
      "uri": "douban:\/\/douban.com\/book\/27064488",
      "subtype": "",
      "reviewer_name": "",
      "null_rating_reason": ""
    },
    {
      "original_price": null,
      "rating": {
        "count": 33439,
        "max": 10,
        "value": 8.3,
        "star_count": 4.0
      },
      "actions": [],
      "press": [
        "湖南文艺出版社"
      ],
      "year": [
        "2018-3"
      ],
      "card_subtitle": "[日] 小川糸 \/ 2018 \/ 湖南文艺出版社",
      "recommend_comment": "真真儿太日本了……绝交信我读着像感谢信…… —— Dazzling的短评",
      "id": "28656614",
      "title": "山茶文具店",
      "wish_count": 30902,
      "label": null,
      "interest": null,
      "type": "book",
      "onsale": true,
      "description": "",
      "tags": [
        "治愈",
        "温暖"
      ],
      "price": null,
      "date": null,
      "info": "[日] 小川糸\/湖南文艺出版社\/2018-3",
      "url": "https:\/\/book.douban.com\/subject\/28656614\/",
      "release_date": null,
      "author": [
        "[日] 小川糸"
      ],
      "cover": {
        "url": "https://img2.doubanio.com\/view\/subject\/l\/public\/s29707472.jpg",
        "width": 0,
        "shape": "rectangle",
        "height": 0
      },
      "uri": "douban:\/\/douban.com\/book\/28656614",
      "subtype": "",
      "reviewer_name": "",
      "null_rating_reason": ""
    },
    {
      "original_price": null,
      "rating": {
        "count": 39655,
        "max": 10,
        "value": 8.7,
        "star_count": 4.5
      },
      "actions": [],
      "press": [
        "上海文艺出版社"
      ],
      "year": [
        "2020-5-15"
      ],
      "card_subtitle": "[日] 高野和明 \/ 2020 \/ 上海文艺出版社",
      "recommend_comment": "第一次知道之前日本强奸罪是必须由受害人提出的“亲告罪”（2017年废除） —— 铅笔刀客三分部的短评",
      "id": "34996429",
      "title": "消失的13级台阶",
      "wish_count": 32020,
      "label": null,
      "interest": null,
      "type": "book",
      "onsale": true,
      "description": "",
      "tags": [
        "推理",
        "推理小说"
      ],
      "price": null,
      "date": null,
      "info": "[日] 高野和明\/上海文艺出版社\/2020-5-15",
      "url": "https:\/\/book.douban.com\/subject\/34996429\/",
      "release_date": null,
      "author": [
        "[日] 高野和明"
      ],
      "cover": {
        "url": "https://img1.doubanio.com\/view\/subject\/l\/public\/s33623978.jpg",
        "width": 0,
        "shape": "rectangle",
        "height": 0
      },
      "uri": "douban:\/\/douban.com\/book\/34996429",
      "subtype": "",
      "reviewer_name": "",
      "null_rating_reason": ""
    },
    {
      "original_price": null,
      "rating": {
        "count": 35150,
        "max": 10,
        "value": 9.0,
        "star_count": 4.5
      },
      "actions": [],
      "press": [
        "江苏少年儿童出版社"
      ],
      "year": [
        "2009-6"
      ],
      "card_subtitle": "曹文轩 \/ 2009 \/ 江苏少年儿童出版社",
      "recommend_comment": "虽然是儿童文学，但是写的真的非常的震撼，能够明显的感受到上个世纪50年代的风土人情。 —— [已注销]的短评",
      "id": "1052990",
      "title": "草房子",
      "wish_count": 18077,
      "label": null,
      "interest": null,
      "type": "book",
      "onsale": true,
      "description": "",
      "tags": [
        "曹文轩",
        "儿童文学"
      ],
      "price": null,
      "date": null,
      "info": "曹文轩\/江苏少年儿童出版社\/2009-6",
      "url": "https:\/\/book.douban.com\/subject\/1052990\/",
      "release_date": null,
      "author": [
        "曹文轩"
      ],
      "cover": {
        "url": "https://img3.doubanio.com\/view\/subject\/l\/public\/s2652540.jpg",
        "width": 0,
        "shape": "rectangle",
        "height": 0
      },
      "uri": "douban:\/\/douban.com\/book\/1052990",
      "subtype": "",
      "reviewer_name": "",
      "null_rating_reason": ""
    },
    {
      "original_price": null,
      "rating": {
        "count": 31325,
        "max": 10,
        "value": 8.0,
        "star_count": 4.0
      },
      "actions": [],
      "press": [
        "天津人民出版社"
      ],
      "year": [
        "2017-5"
      ],
      "card_subtitle": "[瑞典] 弗雷德里克·巴克曼 \/ 2017 \/ 天津人民出版社",
      "recommend_comment": "看过欧维才来看的。肯定是我年纪大了，比起中二女孩的童话世界，更喜欢独居失业老人的故事。看欧维的时候眼睛都哭肿了，读这本书没觉得有高潮和泪点。整本书的心路历程如下:啊，欧维作者的新书，好期待--开头好没意思，没欧维好看--读了一半，泪点在哪里？后面会更好吧--额，就这样没了。 —— 肥小鱼的短评",
      "id": "27029890",
      "title": "外婆的道歉信",
      "wish_count": 40416,
      "label": null,
      "interest": null,
      "type": "book",
      "onsale": true,
      "description": "",
      "tags": [
        "治愈",
        "情感"
      ],
      "price": null,
      "date": null,
      "info": "[瑞典] 弗雷德里克·巴克曼\/天津人民出版社\/2017-5",
      "url": "https:\/\/book.douban.com\/subject\/27029890\/",
      "release_date": null,
      "author": [
        "[瑞典] 弗雷德里克·巴克曼"
      ],
      "cover": {
        "url": "https://img1.doubanio.com\/view\/subject\/l\/public\/s29435447.jpg",
        "width": 0,
        "shape": "rectangle",
        "height": 0
      },
      "uri": "douban:\/\/douban.com\/book\/27029890",
      "subtype": "",
      "reviewer_name": "",
      "null_rating_reason": ""
    },
    {
      "original_price": null,
      "rating": {
        "count": 38560,
        "max": 10,
        "value": 7.4,
        "star_count": 3.5
      },
      "actions": [],
      "press": [
        "广西科学技术出版社"
      ],
      "year": [
        "2013-7-30"
      ],
      "card_subtitle": "山下英子 \/ 2013 \/ 广西科学技术出版社",
      "recommend_comment": "在公司的垃圾堆里找到一本已经被断舍离的看了。半页A4纸扩充的。我其实不太理解，一种方法论为啥非要提升成价值观呢，以及不存东西和身体健康人际关系变好有什么关系。 —— [已注销]的短评",
      "id": "24749465",
      "title": "断舍离",
      "wish_count": 29122,
      "label": null,
      "interest": null,
      "type": "book",
      "onsale": true,
      "description": "",
      "tags": [
        "自我管理",
        "个人管理"
      ],
      "price": null,
      "date": null,
      "info": "山下英子\/广西科学技术出版社\/2013-7-30",
      "url": "https:\/\/book.douban.com\/subject\/24749465\/",
      "release_date": null,
      "author": [
        "山下英子"
      ],
      "cover": {
        "url": "https://img9.doubanio.com\/view\/subject\/l\/public\/s26872396.jpg",
        "width": 0,
        "shape": "rectangle",
        "height": 0
      },
      "uri": "douban:\/\/douban.com\/book\/24749465",
      "subtype": "",
      "reviewer_name": "",
      "null_rating_reason": ""
    },
    {
      "original_price": null,
      "rating": {
        "count": 5640,
        "max": 10,
        "value": 9.1,
        "star_count": 4.5
      },
      "actions": [],
      "press": [
        "浙江大学出版社"
      ],
      "year": [
        "2020-3"
      ],
      "card_subtitle": "[日] 上野千鹤子 \/ 2020 \/ 浙江大学出版社",
      "recommend_comment": "用爱和母性将女性推向神坛，就可以理所当然的剥削女性，爱是无条件的付出，母性是隐忍和自我牺牲。上野千鹤子用马克思主义分析女性在私人领域的生产，企图颠覆无常榨取女性劳动的意识形态机制。 —— 祝羽捷的短评",
      "id": "34896921",
      "title": "父权制与资本主义",
      "wish_count": 60565,
      "label": null,
      "interest": null,
      "type": "book",
      "onsale": true,
      "description": "",
      "tags": [
        "女性主义",
        "女权主义"
      ],
      "price": null,
      "date": null,
      "info": "[日] 上野千鹤子\/浙江大学出版社\/2020-3",
      "url": "https:\/\/book.douban.com\/subject\/34896921\/",
      "release_date": null,
      "author": [
        "[日] 上野千鹤子"
      ],
      "cover": {
        "url": "https://img9.doubanio.com\/view\/subject\/l\/public\/s33723475.jpg",
        "width": 0,
        "shape": "rectangle",
        "height": 0
      },
      "uri": "douban:\/\/douban.com\/book\/34896921",
      "subtype": "",
      "reviewer_name": "",
      "null_rating_reason": ""
    },
    {
      "original_price": null,
      "rating": {
        "count": 26077,
        "max": 10,
        "value": 8.4,
        "star_count": 4.0
      },
      "actions": [],
      "press": [
        "中信出版集团"
      ],
      "year": [
        "2015-5"
      ],
      "card_subtitle": "[美] 尼尔·波兹曼 \/ 2015 \/ 中信出版集团",
      "recommend_comment": "一本痛恨电视、缺乏学术理性伪装学术分析、不泛偏见的伪严肃读物，虽然长篇大论但仍旧如其斥责的电视媒介一般理性欠奉。 —— 纸佬的短评",
      "id": "26319730",
      "title": "娱乐至死",
      "wish_count": 29245,
      "label": null,
      "interest": null,
      "type": "book",
      "onsale": true,
      "description": "",
      "tags": [
        "社会学",
        "传播学"
      ],
      "price": null,
      "date": null,
      "info": "[美] 尼尔·波兹曼\/中信出版集团\/2015-5",
      "url": "https:\/\/book.douban.com\/subject\/26319730\/",
      "release_date": null,
      "author": [
        "[美] 尼尔·波兹曼"
      ],
      "cover": {
        "url": "https://img9.doubanio.com\/view\/subject\/l\/public\/s28048575.jpg",
        "width": 0,
        "shape": "rectangle",
        "height": 0
      },
      "uri": "douban:\/\/douban.com\/book\/26319730",
      "subtype": "",
      "reviewer_name": "",
      "null_rating_reason": ""
    },
    {
      "original_price": null,
      "rating": {
        "count": 21475,
        "max": 10,
        "value": 8.7,
        "star_count": 4.5
      },
      "actions": [],
      "press": [
        "作家出版社"
      ],
      "year": [
        "2005-05-01"
      ],
      "card_subtitle": "豆豆 \/ 2005 \/ 作家出版社",
      "recommend_comment": "这是一本奇书，看得进去的人会在里面看到好多东西，或深刻或肤浅，或简单或晦涩，但肯定有所收获。看不进去的人会觉得里面的人都不说人话， 不办人事，故作高深，自以为是。你是什么样的人，就看到什么样的内核。 —— 小岩井的短评",
      "id": "1322455",
      "title": "遥远的救世主",
      "wish_count": 34044,
      "label": null,
      "interest": null,
      "type": "book",
      "onsale": true,
      "description": "",
      "tags": [
        "遥远的救世主",
        "文化属性"
      ],
      "price": null,
      "date": null,
      "info": "豆豆\/作家出版社\/2005-05-01",
      "url": "https:\/\/book.douban.com\/subject\/1322455\/",
      "release_date": null,
      "author": [
        "豆豆"
      ],
      "cover": {
        "url": "https://img1.doubanio.com\/view\/subject\/l\/public\/s3073167.jpg",
        "width": 0,
        "shape": "rectangle",
        "height": 0
      },
      "uri": "douban:\/\/douban.com\/book\/1322455",
      "subtype": "",
      "reviewer_name": "",
      "null_rating_reason": ""
    },
    {
      "original_price": null,
      "rating": {
        "count": 8312,
        "max": 10,
        "value": 8.8,
        "star_count": 4.5
      },
      "actions": [],
      "press": [
        "台海出版社"
      ],
      "year": [
        "2019-10-23"
      ],
      "card_subtitle": "陈海贤 \/ 2019 \/ 台海出版社",
      "recommend_comment": "”人不会为走自己该走的路后悔，哪怕这条路崎岖不平。人只会为自己没有响应内心的号召后悔“    —— 芒果圈的短评",
      "id": "34836531",
      "title": "了不起的我",
      "wish_count": 51419,
      "label": null,
      "interest": null,
      "type": "book",
      "onsale": true,
      "description": "",
      "tags": [
        "心理学",
        "自我成长"
      ],
      "price": null,
      "date": null,
      "info": "陈海贤\/台海出版社\/2019-10-23",
      "url": "https:\/\/book.douban.com\/subject\/34836531\/",
      "release_date": null,
      "author": [
        "陈海贤"
      ],
      "cover": {
        "url": "https://img1.doubanio.com\/view\/subject\/l\/public\/s33505898.jpg",
        "width": 0,
        "shape": "rectangle",
        "height": 0
      },
      "uri": "douban:\/\/douban.com\/book\/34836531",
      "subtype": "",
      "reviewer_name": "",
      "null_rating_reason": ""
    },
    {
      "original_price": null,
      "rating": {
        "count": 36455,
        "max": 10,
        "value": 8.2,
        "star_count": 4.0
      },
      "actions": [],
      "press": [
        "作家出版社"
      ],
      "year": [
        "2015-8"
      ],
      "card_subtitle": "太宰治 \/ 2015 \/ 作家出版社",
      "recommend_comment": "太宰治最后自杀了还是好事，他真的不适合这个社会。文字处处揭示社会的阴暗却越是苍白无力，越是狡猾装腔作势之人越顺应社会。所以生而为人对不起。 —— 亞麻君的短评",
      "id": "26647769",
      "title": "人间失格",
      "wish_count": 18094,
      "label": null,
      "interest": null,
      "type": "book",
      "onsale": true,
      "description": "",
      "tags": [
        "太宰治",
        "悲观"
      ],
      "price": null,
      "date": null,
      "info": "太宰治\/作家出版社\/2015-8",
      "url": "https:\/\/book.douban.com\/subject\/26647769\/",
      "release_date": null,
      "author": [
        "太宰治"
      ],
      "cover": {
        "url": "https://img3.doubanio.com\/view\/subject\/l\/public\/s28323390.jpg",
        "width": 0,
        "shape": "rectangle",
        "height": 0
      },
      "uri": "douban:\/\/douban.com\/book\/26647769",
      "subtype": "",
      "reviewer_name": "",
      "null_rating_reason": ""
    },
    {
      "original_price": null,
      "rating": {
        "count": 27511,
        "max": 10,
        "value": 9.1,
        "star_count": 4.5
      },
      "actions": [],
      "press": [
        "中信出版集团"
      ],
      "year": [
        "2017-2-1"
      ],
      "card_subtitle": "[以] 尤瓦尔·赫拉利 \/ 2017 \/ 中信出版集团",
      "recommend_comment": "一本毫不严肃的吐槽集，完全不明白为什么这么火。作者以他的厌人类症医好了我这一波严重的厌世症。 —— 树懒的短评",
      "id": "26953606",
      "title": "人类简史",
      "wish_count": 25513,
      "label": null,
      "interest": null,
      "type": "book",
      "onsale": true,
      "description": "",
      "tags": [
        "人类史",
        "历史"
      ],
      "price": null,
      "date": null,
      "info": "[以] 尤瓦尔·赫拉利\/中信出版集团\/2017-2-1",
      "url": "https:\/\/book.douban.com\/subject\/26953606\/",
      "release_date": null,
      "author": [
        "[以] 尤瓦尔·赫拉利"
      ],
      "cover": {
        "url": "https://img9.doubanio.com\/view\/subject\/l\/public\/s29802866.jpg",
        "width": 0,
        "shape": "rectangle",
        "height": 0
      },
      "uri": "douban:\/\/douban.com\/book\/26953606",
      "subtype": "",
      "reviewer_name": "",
      "null_rating_reason": ""
    }
  ]