[
    {
      "original_price": null,
      "rating": {
        "count": 714972,
        "max": 10,
        "value": 8.9,
        "star_count": 4.5
      },
      "actions": [],
      "press": [
        "上海人民出版社"
      ],
      "year": [
        "2006-5"
      ],
      "card_subtitle": "[美] 卡勒德·胡赛尼 \/ 2006 \/ 上海人民出版社",
      "recommend_comment": "念及那些如风往事，冷暖自知。也许谁的生命里都有一只想要挽回的“风筝”，谁没有令自己痛悔的事，谁能保证自己的心灵永在阳光的照耀下？但重回那个被时光深埋的地点，重新面对心灵的考问，不是每个人都有那份勇气，即使，“那儿有再次成为好人的路”。 —— [已注销]的短评",
      "id": "1770782",
      "title": "追风筝的人",
      "wish_count": 401037,
      "label": null,
      "interest": null,
      "type": "book",
      "onsale": true,
      "description": "",
      "tags": [
        "追风筝的人",
        "人性"
      ],
      "price": null,
      "date": null,
      "info": "[美] 卡勒德·胡赛尼\/上海人民出版社\/2006-5",
      "url": "https:\/\/book.douban.com\/subject\/1770782\/",
      "release_date": null,
      "author": [
        "[美] 卡勒德·胡赛尼"
      ],
      "cover": {
        "url": "https://img3.doubanio.com\/view\/subject\/l\/public\/s1727290.jpg",
        "width": 0,
        "shape": "rectangle",
        "height": 0
      },
      "uri": "douban:\/\/douban.com\/book\/1770782",
      "subtype": "",
      "reviewer_name": "",
      "null_rating_reason": ""
    },
    {
      "original_price": null,
      "rating": {
        "count": 182273,
        "max": 10,
        "value": 8.8,
        "star_count": 4.5
      },
      "actions": [],
      "press": [
        "浙江文艺出版社"
      ],
      "year": [
        "2017-1-1"
      ],
      "card_subtitle": "[英] 威廉·萨默塞特·毛姆 \/ 2017 \/ 浙江文艺出版社",
      "recommend_comment": "我的妈，怎么会有读完这么无感的名著。 —— ️‍⃤的短评",
      "id": "26954760",
      "title": "月亮与六便士",
      "wish_count": 400765,
      "label": null,
      "interest": null,
      "type": "book",
      "onsale": true,
      "description": "",
      "tags": [
        "月亮与六便士",
        "毛姆"
      ],
      "price": null,
      "date": null,
      "info": "[英] 威廉·萨默塞特·毛姆\/浙江文艺出版社\/2017-1-1",
      "url": "https:\/\/book.douban.com\/subject\/26954760\/",
      "release_date": null,
      "author": [
        "[英] 威廉·萨默塞特·毛姆"
      ],
      "cover": {
        "url": "https://img1.doubanio.com\/view\/subject\/l\/public\/s29634528.jpg",
        "width": 0,
        "shape": "rectangle",
        "height": 0
      },
      "uri": "douban:\/\/douban.com\/book\/26954760",
      "subtype": "",
      "reviewer_name": "",
      "null_rating_reason": ""
    },
    {
      "original_price": null,
      "rating": {
        "count": 349975,
        "max": 10,
        "value": 9.6,
        "star_count": 5.0
      },
      "actions": [],
      "press": [
        "人民文学出版社"
      ],
      "year": [
        "1996-12"
      ],
      "card_subtitle": "[清] 曹雪芹 著 高鹗 续 \/ 1996 \/ 人民文学出版社",
      "recommend_comment": "盛衰之理，本为天命。然而人心就是如此。眼见得他起高楼，于是便不忍心见他楼塌了。见过他鼎盛的时候，再看他的衰败就无比心酸。而更加可悲的是，目睹这场哗变的你，本就是这戏中之人。 —— 朱红尽颓的短评",
      "id": "1007305",
      "title": "红楼梦",
      "wish_count": 146582,
      "label": null,
      "interest": null,
      "type": "book",
      "onsale": true,
      "description": "",
      "tags": [
        "红楼梦",
        "古典文学"
      ],
      "price": null,
      "date": null,
      "info": "[清] 曹雪芹 著\/高鹗 续\/人民文学出版社\/1996-12",
      "url": "https:\/\/book.douban.com\/subject\/1007305\/",
      "release_date": null,
      "author": [
        "[清] 曹雪芹 著"
      ],
      "cover": {
        "url": "https://img1.doubanio.com\/view\/subject\/l\/public\/s1070959.jpg",
        "width": 0,
        "shape": "rectangle",
        "height": 0
      },
      "uri": "douban:\/\/douban.com\/book\/1007305",
      "subtype": "",
      "reviewer_name": "",
      "null_rating_reason": ""
    },
    {
      "original_price": null,
      "rating": {
        "count": 415681,
        "max": 10,
        "value": 8.8,
        "star_count": 4.5
      },
      "actions": [],
      "press": [
        "重庆出版社"
      ],
      "year": [
        "2008-1"
      ],
      "card_subtitle": "刘慈欣 \/ 2008 \/ 重庆出版社",
      "recommend_comment": "有点屌，也有点“作者语文是物理老师教的”的感觉 —— 李娇娥的短评",
      "id": "2567698",
      "title": "三体",
      "wish_count": 166197,
      "label": null,
      "interest": null,
      "type": "book",
      "onsale": true,
      "description": "",
      "tags": [
        "科幻",
        "刘慈欣"
      ],
      "price": null,
      "date": null,
      "info": "刘慈欣\/重庆出版社\/2008-1",
      "url": "https:\/\/book.douban.com\/subject\/2567698\/",
      "release_date": null,
      "author": [
        "刘慈欣"
      ],
      "cover": {
        "url": "https://img1.doubanio.com\/view\/subject\/l\/public\/s2768378.jpg",
        "width": 0,
        "shape": "rectangle",
        "height": 0
      },
      "uri": "douban:\/\/douban.com\/book\/2567698",
      "subtype": "",
      "reviewer_name": "",
      "null_rating_reason": ""
    },
    {
      "original_price": null,
      "rating": {
        "count": 273719,
        "max": 10,
        "value": 9.2,
        "star_count": 4.5
      },
      "actions": [],
      "press": [
        "北京联合出版公司"
      ],
      "year": [
        "2018-2"
      ],
      "card_subtitle": "林奕含 \/ 2018 \/ 北京联合出版公司",
      "recommend_comment": "北影阿廖沙、侯亮平【被】销声匿迹；恋童癖许豪杰恢复微信公号实名，并反咬一口将不肯透露举报人信息的豆瓣告上法庭；北航博士罗茜茜时隔十二年实名举报教授陈小武曾对她及多名女生性骚扰——这些，是你朝反性暴力的实时进程，我们的#me too#远未成声势。这本书的出版告诉我们：不，你并没有选择，你不再可以假装世界上没有人以强暴小女孩为乐；假装从未有小女孩遭受强暴；假装房思琪从不存在。因为这本书属于“文学”，但不单单属于文学，它是一个承受残暴性伤害的女生，为自己提前写就的悼文；因为强暴，是人类社会有史以来最大的屠杀。读着林奕含的文字，一再想要哀叹“可惜”。但可惜这个词太傲慢、太冷酷了，终归是活人对她文学天才的掂量，对可能存在的所谓文学成就or损失的收支核算。而她经受的苦痛黑洞，这些，根本不足以抵偿。 —— 匡轶歌的短评",
      "id": "27614904",
      "title": "房思琪的初恋乐园",
      "wish_count": 231163,
      "label": null,
      "interest": null,
      "type": "book",
      "onsale": true,
      "description": "",
      "tags": [
        "女性",
        "自我保护"
      ],
      "price": null,
      "date": null,
      "info": "林奕含\/北京联合出版公司\/2018-2",
      "url": "https:\/\/book.douban.com\/subject\/27614904\/",
      "release_date": null,
      "author": [
        "林奕含"
      ],
      "cover": {
        "url": "https://img2.doubanio.com\/view\/subject\/l\/public\/s29651121.jpg",
        "width": 0,
        "shape": "rectangle",
        "height": 0
      },
      "uri": "douban:\/\/douban.com\/book\/27614904",
      "subtype": "",
      "reviewer_name": "",
      "null_rating_reason": ""
    },
    {
      "original_price": null,
      "rating": {
        "count": 246064,
        "max": 10,
        "value": 9.3,
        "star_count": 4.5
      },
      "actions": [],
      "press": [
        "重庆出版社"
      ],
      "year": [
        "2008-5"
      ],
      "card_subtitle": "刘慈欣 \/ 2008 \/ 重庆出版社",
      "recommend_comment": "真是很厉害的一本书，读到第二部的一半就已经有这种感觉了，那种缜密周全的逻辑、渊博纵横的学识和有意无意对当今人性和政治的嘲弄，还要架构在科幻的基础上，最后用相当扎实的专业知识像教科书一样掷地有声的罗列出来，我的天，这真的是缺乏想象力的当代中国人写出来的书吗？ —— 卜卜的短评",
      "id": "3066477",
      "title": "三体Ⅱ",
      "wish_count": 67084,
      "label": null,
      "interest": null,
      "type": "book",
      "onsale": true,
      "description": "",
      "tags": [
        "科幻",
        "刘慈欣"
      ],
      "price": null,
      "date": null,
      "info": "刘慈欣\/重庆出版社\/2008-5",
      "url": "https:\/\/book.douban.com\/subject\/3066477\/",
      "release_date": null,
      "author": [
        "刘慈欣"
      ],
      "cover": {
        "url": "https://img2.doubanio.com\/view\/subject\/l\/public\/s3078482.jpg",
        "width": 0,
        "shape": "rectangle",
        "height": 0
      },
      "uri": "douban:\/\/douban.com\/book\/3066477",
      "subtype": "",
      "reviewer_name": "",
      "null_rating_reason": ""
    },
    {
      "original_price": null,
      "rating": {
        "count": 167970,
        "max": 10,
        "value": 8.9,
        "star_count": 4.5
      },
      "actions": [],
      "press": [
        "生活·读书·新知三联书店"
      ],
      "year": [
        "1997-5"
      ],
      "card_subtitle": "[美] 黄仁宇 \/ 1997 \/ 生活·读书·新知三联书店",
      "recommend_comment": "纵观全书，每位人物都力图转变，却都陷入了一个怪圈——被文官集团钳制，以致整个王朝发展在万历十五年几近停滞。“以史为鉴，可以知兴替。” —— 老泰瑞的短评",
      "id": "1041482",
      "title": "万历十五年",
      "wish_count": 166104,
      "label": null,
      "interest": null,
      "type": "book",
      "onsale": true,
      "description": "",
      "tags": [
        "历史",
        "黄仁宇"
      ],
      "price": null,
      "date": null,
      "info": "[美] 黄仁宇\/生活·读书·新知三联书店\/1997-5",
      "url": "https:\/\/book.douban.com\/subject\/1041482\/",
      "release_date": null,
      "author": [
        "[美] 黄仁宇"
      ],
      "cover": {
        "url": "https://img9.doubanio.com\/view\/subject\/l\/public\/s1800355.jpg",
        "width": 0,
        "shape": "rectangle",
        "height": 0
      },
      "uri": "douban:\/\/douban.com\/book\/1041482",
      "subtype": "",
      "reviewer_name": "",
      "null_rating_reason": ""
    },
    {
      "original_price": null,
      "rating": {
        "count": 235411,
        "max": 10,
        "value": 9.2,
        "star_count": 4.5
      },
      "actions": [],
      "press": [
        "重庆出版社"
      ],
      "year": [
        "2010-11"
      ],
      "card_subtitle": "刘慈欣 \/ 2010 \/ 重庆出版社",
      "recommend_comment": "大刘塑造的女性都具有明显的圣母特质，但是本质上弱爆了。叶是文革的毒瘤，庄是定制禁脔，程最经典——站在圣母和傻逼的微笑曲线上。大刘塑造的男性都带有明显的缺陷但本质上极端人性化。一身痞气的小人物大史，最高情商让他活得最明白；罗辑的荒唐和不羁让他成了救世主，但也决定了他必不能善终；软弱怯懦固执的云天明，也并无理由因为慷慨和运气就得到爱啊。但我真心理解这样的人，这样的性格，这样的命运。大刘会写男人，但不会写女人。不会写其实可以不写，科幻的世界可以完全雄性化，但不要让自己成为反女性的。不评星了。 —— cris91的短评",
      "id": "5363767",
      "title": "三体Ⅲ",
      "wish_count": 81212,
      "label": null,
      "interest": null,
      "type": "book",
      "onsale": true,
      "description": "",
      "tags": [
        "刘慈欣",
        "科幻"
      ],
      "price": null,
      "date": null,
      "info": "刘慈欣\/重庆出版社\/2010-11",
      "url": "https:\/\/book.douban.com\/subject\/5363767\/",
      "release_date": null,
      "author": [
        "刘慈欣"
      ],
      "cover": {
        "url": "https://img9.doubanio.com\/view\/subject\/l\/public\/s26012674.jpg",
        "width": 0,
        "shape": "rectangle",
        "height": 0
      },
      "uri": "douban:\/\/douban.com\/book\/5363767",
      "subtype": "",
      "reviewer_name": "",
      "null_rating_reason": ""
    },
    {
      "original_price": null,
      "rating": {
        "count": 122282,
        "max": 10,
        "value": 8.7,
        "star_count": 4.5
      },
      "actions": [],
      "press": [
        "南海出版公司"
      ],
      "year": [
        "2019-10"
      ],
      "card_subtitle": "[美] 塔拉·韦斯特弗 \/ 2019 \/ 南海出版公司",
      "recommend_comment": "好无聊的书....感觉又被书商的营销忽悠了，一部琐碎无味的叙事散文型成长故事 —— 次家神受的短评",
      "id": "33440205",
      "title": "你当像鸟飞往你的山",
      "wish_count": 199416,
      "label": null,
      "interest": null,
      "type": "book",
      "onsale": true,
      "description": "",
      "tags": [
        "教育与女性",
        "教育"
      ],
      "price": null,
      "date": null,
      "info": "[美] 塔拉·韦斯特弗\/南海出版公司\/2019-10",
      "url": "https:\/\/book.douban.com\/subject\/33440205\/",
      "release_date": null,
      "author": [
        "[美] 塔拉·韦斯特弗"
      ],
      "cover": {
        "url": "https://img9.doubanio.com\/view\/subject\/l\/public\/s33492346.jpg",
        "width": 0,
        "shape": "rectangle",
        "height": 0
      },
      "uri": "douban:\/\/douban.com\/book\/33440205",
      "subtype": "",
      "reviewer_name": "",
      "null_rating_reason": ""
    },
    {
      "original_price": null,
      "rating": {
        "count": 128891,
        "max": 10,
        "value": 8.2,
        "star_count": 4.0
      },
      "actions": [],
      "press": [
        "江苏凤凰文艺出版社"
      ],
      "year": [
        "2015-7"
      ],
      "card_subtitle": "[美] 伍绮诗 \/ 2015 \/ 江苏凤凰文艺出版社",
      "recommend_comment": "一本通俗小说。但是读起来太难过了，里面的每一个人，都是我。哭成傻逼。 —— Foldii的短评",
      "id": "26382433",
      "title": "无声告白",
      "wish_count": 86745,
      "label": null,
      "interest": null,
      "type": "book",
      "onsale": true,
      "description": "",
      "tags": [
        "成长",
        "小说"
      ],
      "price": null,
      "date": null,
      "info": "[美] 伍绮诗\/江苏凤凰文艺出版社\/2015-7",
      "url": "https:\/\/book.douban.com\/subject\/26382433\/",
      "release_date": null,
      "author": [
        "[美] 伍绮诗"
      ],
      "cover": {
        "url": "https://img2.doubanio.com\/view\/subject\/l\/public\/s28109182.jpg",
        "width": 0,
        "shape": "rectangle",
        "height": 0
      },
      "uri": "douban:\/\/douban.com\/book\/26382433",
      "subtype": "",
      "reviewer_name": "",
      "null_rating_reason": ""
    },
    {
      "original_price": null,
      "rating": {
        "count": 35616,
        "max": 10,
        "value": 9.3,
        "star_count": 4.5
      },
      "actions": [],
      "press": [
        "译林出版社"
      ],
      "year": [
        "2017-2"
      ],
      "card_subtitle": "[美] 哈珀·李 \/ 2017 \/ 译林出版社",
      "recommend_comment": "好想嫁给阿迪克斯。 —— 清梓笺。的短评",
      "id": "26879778",
      "title": "杀死一只知更鸟",
      "wish_count": 158258,
      "label": null,
      "interest": null,
      "type": "book",
      "onsale": true,
      "description": "",
      "tags": [
        "成长",
        "心灵的洗涤"
      ],
      "price": null,
      "date": null,
      "info": "[美] 哈珀·李\/译林出版社\/2017-2",
      "url": "https:\/\/book.douban.com\/subject\/26879778\/",
      "release_date": null,
      "author": [
        "[美] 哈珀·李"
      ],
      "cover": {
        "url": "https://img9.doubanio.com\/view\/subject\/l\/public\/s29350294.jpg",
        "width": 0,
        "shape": "rectangle",
        "height": 0
      },
      "uri": "douban:\/\/douban.com\/book\/26879778",
      "subtype": "",
      "reviewer_name": "",
      "null_rating_reason": ""
    },
    {
      "original_price": null,
      "rating": {
        "count": 132342,
        "max": 10,
        "value": 7.6,
        "star_count": 4.0
      },
      "actions": [],
      "press": [
        "江苏凤凰文艺出版社"
      ],
      "year": [
        "2015-5-1"
      ],
      "card_subtitle": "[美] 加布瑞埃拉·泽文 \/ 2015 \/ 江苏凤凰文艺出版社",
      "recommend_comment": "在飞机上看完这本书，觉得这是一本非常适合在寂寞中，困境中或者是遇到过人生挫折的人看的书，每个人的一生中都有一段或者几段艰难的时刻，与其沉浸在艰难和痛苦之中，不如怀着希望的心，踏踏实实埋头生活，爱你该爱的人，做你想做的事，保持一颗柔软的心，不要因为生活而变得坚硬，也许在猛一抬头的时刻，发现原来阳光灿烂 —— With Melody的短评",
      "id": "26340138",
      "title": "岛上书店",
      "wish_count": 57539,
      "label": null,
      "interest": null,
      "type": "book",
      "onsale": true,
      "description": "",
      "tags": [
        "小说",
        "外国文学"
      ],
      "price": null,
      "date": null,
      "info": "[美] 加布瑞埃拉·泽文\/江苏凤凰文艺出版社\/2015-5-1",
      "url": "https:\/\/book.douban.com\/subject\/26340138\/",
      "release_date": null,
      "author": [
        "[美] 加布瑞埃拉·泽文"
      ],
      "cover": {
        "url": "https://img1.doubanio.com\/view\/subject\/l\/public\/s29810488.jpg",
        "width": 0,
        "shape": "rectangle",
        "height": 0
      },
      "uri": "douban:\/\/douban.com\/book\/26340138",
      "subtype": "",
      "reviewer_name": "",
      "null_rating_reason": ""
    },
    {
      "original_price": null,
      "rating": {
        "count": 74900,
        "max": 10,
        "value": 9.3,
        "star_count": 4.5
      },
      "actions": [],
      "press": [
        "人民文学出版社"
      ],
      "year": [
        "1991-2-1"
      ],
      "card_subtitle": "钱锺书 \/ 1991 \/ 人民文学出版社",
      "recommend_comment": "时隔多年重读，钟书先生的幽默、老辣、聪明、刻薄仍让人拍案激赏。无论是方鸿渐，还是孙柔嘉，抑或苏文纨，他们的寻常人生，不过就像苏小姐的爱情，起初因为“看得太名贵了，不肯随便施与”，及至遭遇现实的损耗，就只能迅速缴械、自怅自悔了，如此过了十几年，恐怕也只能借年轻人的生气来温暖自己的衰朽。深于一切语言、一切啼笑，“围城”内外，饱含对人生的讽刺和感伤。 —— 成知默的短评",
      "id": "11524204",
      "title": "围城",
      "wish_count": 38367,
      "label": null,
      "interest": null,
      "type": "book",
      "onsale": true,
      "description": "",
      "tags": [
        "钱钟书",
        "婚姻"
      ],
      "price": null,
      "date": null,
      "info": "钱锺书\/人民文学出版社\/1991-2-1",
      "url": "https:\/\/book.douban.com\/subject\/11524204\/",
      "release_date": null,
      "author": [
        "钱锺书"
      ],
      "cover": {
        "url": "https://img1.doubanio.com\/view\/subject\/l\/public\/s11276847.jpg",
        "width": 0,
        "shape": "rectangle",
        "height": 0
      },
      "uri": "douban:\/\/douban.com\/book\/11524204",
      "subtype": "",
      "reviewer_name": "",
      "null_rating_reason": ""
    },
    {
      "original_price": null,
      "rating": {
        "count": 71385,
        "max": 10,
        "value": 8.6,
        "star_count": 4.5
      },
      "actions": [],
      "press": [
        "机械工业出版社"
      ],
      "year": [
        "2015-3-1"
      ],
      "card_subtitle": "岸见一郎 古贺史健 \/ 2015 \/ 机械工业出版社",
      "recommend_comment": "一本读完之后浑身颤抖的书，犹如一把钢刀，就那么直接的刮着灵魂上的毒。 —— KentZhu的短评",
      "id": "26369699",
      "title": "被讨厌的勇气",
      "wish_count": 124781,
      "label": null,
      "interest": null,
      "type": "book",
      "onsale": true,
      "description": "",
      "tags": [
        "心理学",
        "心灵成长"
      ],
      "price": null,
      "date": null,
      "info": "岸见一郎\/古贺史健\/机械工业出版社\/2015-3-1",
      "url": "https:\/\/book.douban.com\/subject\/26369699\/",
      "release_date": null,
      "author": [
        "岸见一郎"
      ],
      "cover": {
        "url": "https://img1.doubanio.com\/view\/subject\/l\/public\/s29237648.jpg",
        "width": 0,
        "shape": "rectangle",
        "height": 0
      },
      "uri": "douban:\/\/douban.com\/book\/26369699",
      "subtype": "",
      "reviewer_name": "",
      "null_rating_reason": ""
    },
    {
      "original_price": null,
      "rating": {
        "count": 100378,
        "max": 10,
        "value": 7.5,
        "star_count": 4.0
      },
      "actions": [],
      "press": [
        "天津人民出版社"
      ],
      "year": [
        "2014-12-1"
      ],
      "card_subtitle": "蔡崇达 \/ 2014 \/ 天津人民出版社",
      "recommend_comment": "这种有点小成就就标榜自我人生的酸文，写朋友的时候有意无意的都要把自己捧一下把失败的人无意的踩一下。不大气，文艺凤凰男酸文。 —— ❤ Jer_Zzzzz的短评",
      "id": "26278687",
      "title": "皮囊",
      "wish_count": 65054,
      "label": null,
      "interest": null,
      "type": "book",
      "onsale": true,
      "description": "",
      "tags": [
        "蔡崇达",
        "成长"
      ],
      "price": null,
      "date": null,
      "info": "蔡崇达\/天津人民出版社\/2014-12-1",
      "url": "https:\/\/book.douban.com\/subject\/26278687\/",
      "release_date": null,
      "author": [
        "蔡崇达"
      ],
      "cover": {
        "url": "https://img2.doubanio.com\/view\/subject\/l\/public\/s27943411.jpg",
        "width": 0,
        "shape": "rectangle",
        "height": 0
      },
      "uri": "douban:\/\/douban.com\/book\/26278687",
      "subtype": "",
      "reviewer_name": "",
      "null_rating_reason": ""
    },
    {
      "original_price": null,
      "rating": {
        "count": 85041,
        "max": 10,
        "value": 9.0,
        "star_count": 4.5
      },
      "actions": [],
      "press": [
        "作家出版社"
      ],
      "year": [
        "2012-9"
      ],
      "card_subtitle": "余华 \/ 2012 \/ 作家出版社",
      "recommend_comment": "每次卖血的时候 总担心他会死 —— 猪猪的短评",
      "id": "4760224",
      "title": "许三观卖血记",
      "wish_count": 28217,
      "label": null,
      "interest": null,
      "type": "book",
      "onsale": true,
      "description": "",
      "tags": [
        "余华",
        "人性"
      ],
      "price": null,
      "date": null,
      "info": "余华\/作家出版社\/2012-9",
      "url": "https:\/\/book.douban.com\/subject\/4760224\/",
      "release_date": null,
      "author": [
        "余华"
      ],
      "cover": {
        "url": "https://img3.doubanio.com\/view\/subject\/l\/public\/s24575140.jpg",
        "width": 0,
        "shape": "rectangle",
        "height": 0
      },
      "uri": "douban:\/\/douban.com\/book\/4760224",
      "subtype": "",
      "reviewer_name": "",
      "null_rating_reason": ""
    },
    {
      "original_price": null,
      "rating": {
        "count": 70287,
        "max": 10,
        "value": 8.3,
        "star_count": 4.0
      },
      "actions": [],
      "press": [
        "商务印书馆"
      ],
      "year": [
        "2004-1"
      ],
      "card_subtitle": "[美] 莫提默·J. 艾德勒 查尔斯·范多伦 \/ 2004 \/ 商务印书馆",
      "recommend_comment": "冲着高分评价买来看，结果有逻辑无趣味。要让一本工具书有趣味似乎强人所难，但了一半就更坚定了我自己的观点：阅读应该随心，别让条条框框束缚你，没有乐趣的阅读特别没劲，最好的阅读方法就是打开一本书看十分钟，能继续就继续，不能就扔一边。不建议其他人看这本书。 —— aaron的短评",
      "id": "1013208",
      "title": "如何阅读一本书",
      "wish_count": 104577,
      "label": null,
      "interest": null,
      "type": "book",
      "onsale": true,
      "description": "",
      "tags": [
        "阅读方法",
        "阅读"
      ],
      "price": null,
      "date": null,
      "info": "[美] 莫提默·J. 艾德勒\/查尔斯·范多伦\/商务印书馆\/2004-1",
      "url": "https:\/\/book.douban.com\/subject\/1013208\/",
      "release_date": null,
      "author": [
        "[美] 莫提默·J. 艾德勒"
      ],
      "cover": {
        "url": "https://img1.doubanio.com\/view\/subject\/l\/public\/s1670978.jpg",
        "width": 0,
        "shape": "rectangle",
        "height": 0
      },
      "uri": "douban:\/\/douban.com\/book\/1013208",
      "subtype": "",
      "reviewer_name": "",
      "null_rating_reason": ""
    },
    {
      "original_price": null,
      "rating": {
        "count": 69906,
        "max": 10,
        "value": 8.9,
        "star_count": 4.5
      },
      "actions": [],
      "press": [
        "人民文学出版社"
      ],
      "year": [
        "2004-8"
      ],
      "card_subtitle": "吴承恩 \/ 2004 \/ 人民文学出版社",
      "recommend_comment": "重读西游记，真的是太太太好看了！小时候读这本书只看降妖除魔，现在反而不在乎什么妖怪什么神通，发现了之前忽略掉的不少段子与人情世故。 —— Zhuo的短评",
      "id": "1029553",
      "title": "西游记（全二册）",
      "wish_count": 18407,
      "label": null,
      "interest": null,
      "type": "book",
      "onsale": true,
      "description": "",
      "tags": [
        "古典文学",
        "西游记"
      ],
      "price": null,
      "date": null,
      "info": "吴承恩\/人民文学出版社\/2004-8",
      "url": "https:\/\/book.douban.com\/subject\/1029553\/",
      "release_date": null,
      "author": [
        "吴承恩"
      ],
      "cover": {
        "url": "https://img9.doubanio.com\/view\/subject\/l\/public\/s1627374.jpg",
        "width": 0,
        "shape": "rectangle",
        "height": 0
      },
      "uri": "douban:\/\/douban.com\/book\/1029553",
      "subtype": "",
      "reviewer_name": "",
      "null_rating_reason": ""
    },
    {
      "original_price": null,
      "rating": {
        "count": 54326,
        "max": 10,
        "value": 8.8,
        "star_count": 4.5
      },
      "actions": [],
      "press": [
        "湖南科学技术出版社"
      ],
      "year": [
        "2010-4"
      ],
      "card_subtitle": "[英] 史蒂芬·霍金 \/ 2010 \/ 湖南科学技术出版社",
      "recommend_comment": "我真的有看过，信我。 —— 勿一鸣的短评",
      "id": "1034282",
      "title": "时间简史",
      "wish_count": 90802,
      "label": null,
      "interest": null,
      "type": "book",
      "onsale": true,
      "description": "",
      "tags": [
        "科普",
        "史蒂芬·霍金"
      ],
      "price": null,
      "date": null,
      "info": "[英] 史蒂芬·霍金\/湖南科学技术出版社\/2010-4",
      "url": "https:\/\/book.douban.com\/subject\/1034282\/",
      "release_date": null,
      "author": [
        "[英] 史蒂芬·霍金"
      ],
      "cover": {
        "url": "https://img2.doubanio.com\/view\/subject\/l\/public\/s1914861.jpg",
        "width": 0,
        "shape": "rectangle",
        "height": 0
      },
      "uri": "douban:\/\/douban.com\/book\/1034282",
      "subtype": "",
      "reviewer_name": "",
      "null_rating_reason": ""
    },
    {
      "original_price": null,
      "rating": {
        "count": 54706,
        "max": 10,
        "value": 7.5,
        "star_count": 4.0
      },
      "actions": [],
      "press": [
        "湖南文艺出版社"
      ],
      "year": [
        "2018-7"
      ],
      "card_subtitle": "张嘉佳 \/ 2018 \/ 湖南文艺出版社",
      "recommend_comment": "写给离开我们的人，写给陪伴我们的人，写给每个人心中的山和海。 —— 博集天卷的短评",
      "id": "30254298",
      "title": "云边有个小卖部",
      "wish_count": 64715,
      "label": null,
      "interest": null,
      "type": "book",
      "onsale": true,
      "description": "",
      "tags": [
        "治愈",
        "故乡"
      ],
      "price": null,
      "date": null,
      "info": "张嘉佳\/湖南文艺出版社\/2018-7",
      "url": "https:\/\/book.douban.com\/subject\/30254298\/",
      "release_date": null,
      "author": [
        "张嘉佳"
      ],
      "cover": {
        "url": "https://img9.doubanio.com\/view\/subject\/l\/public\/s29799055.jpg",
        "width": 0,
        "shape": "rectangle",
        "height": 0
      },
      "uri": "douban:\/\/douban.com\/book\/30254298",
      "subtype": "",
      "reviewer_name": "",
      "null_rating_reason": ""
    }
  ]