[
  {
    "rank": "176",
    "cover": "https://img2.doubanio.com/view/photo/s_ratio_poster/public/p2584519452.jpg",
    "title": "荒蛮故事",
    "actor": "\n                            导演: 达米安·斯兹弗隆 Damián Szifron   主演: 达里奥·葛兰帝内提 Darío...",
    "score": "8.8",
    "display": "始于荒诞，止于更荒诞。",
    "url": "https://movie.douban.com/subject/24750126/"
  },
  {
    "rank": "177",
    "cover": "https://img9.doubanio.com/view/photo/s_ratio_poster/public/p1021883305.jpg",
    "title": "惊魂记",
    "actor": "\n                            导演: 阿尔弗雷德·希区柯克 Alfred Hitchcock   主演: 安东尼·博金斯 Antho...",
    "score": "9.0",
    "display": "故事的反转与反转，分裂电影的始祖。",
    "url": "https://movie.douban.com/subject/1293181/"
  },
  {
    "rank": "178",
    "cover": "https://img2.doubanio.com/view/photo/s_ratio_poster/public/p2220776342.jpg",
    "title": "爆裂鼓手",
    "actor": "\n                            导演: 达米恩·查泽雷 Damien Chazelle   主演: 迈尔斯·特勒 Miles Teller /...",
    "score": "8.7",
    "display": "这个世界从不善待努力的人，努力了也不一定会成功，但是知道自己在努力，就是活下去的动力。",
    "url": "https://movie.douban.com/subject/25773932/"
  },
  {
    "rank": "179",
    "cover": "https://img3.doubanio.com/view/photo/s_ratio_poster/public/p475600770.jpg",
    "title": "真爱至上",
    "actor": "\n                            导演: 理查德·柯蒂斯 Richard Curtis   主演: 休·格兰特 Hugh Grant / 柯林...",
    "score": "8.6",
    "display": "爱，是个动词。",
    "url": "https://movie.douban.com/subject/1292401/"
  },
  {
    "rank": "180",
    "cover": "https://img9.doubanio.com/view/photo/s_ratio_poster/public/p735391084.jpg",
    "title": "哈利·波特与火焰杯",
    "actor": "\n                            导演: 迈克·内威尔 Mike Newell   主演: 丹尼尔·雷德克里夫 Daniel Radclif...",
    "score": "8.7",
    "display": "自己脑补",
    "url": "https://movie.douban.com/subject/1309055/"
  },
  {
    "rank": "181",
    "cover": "https://img3.doubanio.com/view/photo/s_ratio_poster/public/p2434249040.jpg",
    "title": "贫民窟的百万富翁",
    "actor": "\n                            导演: 丹尼·鲍尔 Danny Boyle / 洛芙琳·坦丹 Loveleen Tandan   主演: 戴夫...",
    "score": "8.6",
    "display": "上帝之城+猜火车+阿甘正传+开心辞典=山寨富翁",
    "url": "https://movie.douban.com/subject/2209573/"
  },
  {
    "rank": "182",
    "cover": "https://img2.doubanio.com/view/photo/s_ratio_poster/public/p1982176012.jpg",
    "title": "东邪西毒",
    "actor": "\n                            导演: 王家卫 Kar Wai Wong   主演: 张国荣 Leslie Cheung / 林青霞 Brigitte...",
    "score": "8.6",
    "display": "电影诗。",
    "url": "https://movie.douban.com/subject/1292328/"
  },
  {
    "rank": "183",
    "cover": "https://img1.doubanio.com/view/photo/s_ratio_poster/public/p2237136718.jpg",
    "title": "萤火虫之墓",
    "actor": "\n                            导演: 高畑勋 Isao Takahata   主演: 辰己努 / 白石绫乃 / 志乃原良子",
    "score": "8.7",
    "display": "幸福是生生不息，却难以触及的远。 ",
    "url": "https://movie.douban.com/subject/1293318/"
  },
  {
    "rank": "184",
    "cover": "https://img9.doubanio.com/view/photo/s_ratio_poster/public/p2530599636.jpg",
    "title": "小偷家族",
    "actor": "\n                            导演: 是枝裕和 Hirokazu Koreeda   主演: 中川雅也 Lily Franky / 安藤樱 Sa...",
    "score": "8.7",
    "display": "我们组成了家。",
    "url": "https://movie.douban.com/subject/27622447/"
  },
  {
    "rank": "185",
    "cover": "https://img9.doubanio.com/view/photo/s_ratio_poster/public/p2549648344.jpg",
    "title": "黑天鹅",
    "actor": "\n                            导演: 达伦·阿罗诺夫斯基 Darren Aronofsky   主演: 娜塔莉·波特曼 Natalie...",
    "score": "8.6",
    "display": "黑暗之美。",
    "url": "https://movie.douban.com/subject/1978709/"
  },
  {
    "rank": "186",
    "cover": "https://img2.doubanio.com/view/photo/s_ratio_poster/public/p767586451.jpg",
    "title": "绿里奇迹",
    "actor": "\n                            导演: Frank Darabont   主演: 汤姆·汉克斯 Tom Hanks / 大卫·摩斯 David M...",
    "score": "8.9",
    "display": "天使暂时离开。",
    "url": "https://movie.douban.com/subject/1300374/"
  },
  {
    "rank": "187",
    "cover": "https://img9.doubanio.com/view/photo/s_ratio_poster/public/p1735642656.jpg",
    "title": "无敌破坏王",
    "actor": "\n                            导演: 瑞奇·莫尔 Rich Moore   主演: 约翰·C·赖利 John C. Reilly / 萨拉...",
    "score": "8.7",
    "display": "迪士尼和皮克斯拿错剧本的产物。",
    "url": "https://movie.douban.com/subject/6534248/"
  },
  {
    "rank": "188",
    "cover": "https://img2.doubanio.com/view/photo/s_ratio_poster/public/p709670262.jpg",
    "title": "你看起来好像很好吃",
    "actor": "\n                            导演: 藤森雅也 Masaya Fujimori   主演: 山口胜平 Kappei Yamaguchi / 爱河...",
    "score": "8.9",
    "display": "感情不分食草或者食肉。",
    "url": "https://movie.douban.com/subject/4848115/"
  },
  {
    "rank": "189",
    "cover": "https://img3.doubanio.com/view/photo/s_ratio_poster/public/p648370300.jpg",
    "title": "九品芝麻官",
    "actor": "\n                            导演: 王晶 Jing Wong   主演: 周星驰 Stephen Chow / 吴孟达 Man Tat Ng / ...",
    "score": "8.6",
    "display": "自己脑补",
    "url": "https://movie.douban.com/subject/1297518/"
  },
  {
    "rank": "190",
    "cover": "https://img1.doubanio.com/view/photo/s_ratio_poster/public/p1910895719.jpg",
    "title": "冰川时代",
    "actor": "\n                            导演: 卡洛斯·沙尔丹哈 Carlos Saldanha / 克里斯·韦奇 Chris Wedge   主演...",
    "score": "8.6",
    "display": "松鼠才是角儿。",
    "url": "https://movie.douban.com/subject/1291578/"
  },
  {
    "rank": "191",
    "cover": "https://img1.doubanio.com/view/photo/s_ratio_poster/public/p2074715729.jpg",
    "title": "爱在午夜降临前",
    "actor": "\n                            导演: 理查德·林克莱特 Richard Linklater   主演: 伊桑·霍克 Ethan Hawke ...",
    "score": "8.8",
    "display": "所谓爱情，就是话唠一路，都不会心生腻烦，彼此嫌弃。",
    "url": "https://movie.douban.com/subject/10808442/"
  },
  {
    "rank": "192",
    "cover": "https://img2.doubanio.com/view/photo/s_ratio_poster/public/p2353324612.jpg",
    "title": "雨人",
    "actor": "\n                            导演: 巴瑞·莱文森 Barry Levinson   主演: 达斯汀·霍夫曼 Dustin Hoffman ...",
    "score": "8.7",
    "display": "生活在自己的世界里，也可以让周围的人显得可笑和渺小。",
    "url": "https://movie.douban.com/subject/1291870/"
  },
  {
    "rank": "193",
    "cover": "https://img2.doubanio.com/view/photo/s_ratio_poster/public/p712241453.jpg",
    "title": "疯狂的石头",
    "actor": "\n                            导演: 宁浩 Hao Ning   主演: 郭涛 Tao Guo / 刘桦 Hua Liu / 连晋 Teddy Lin",
    "score": "8.5",
    "display": "中国版《两杆大烟枪》。",
    "url": "https://movie.douban.com/subject/1862151/"
  },
  {
    "rank": "194",
    "cover": "https://img9.doubanio.com/view/photo/s_ratio_poster/public/p483604864.jpg",
    "title": "恋恋笔记本",
    "actor": "\n                            导演: 尼克·卡索维茨 Nick Cassavetes   主演: 瑞恩·高斯林 Ryan Gosling /...",
    "score": "8.5",
    "display": "爱情没有那么多借口，如果不能圆满，只能说明爱的不够。 ",
    "url": "https://movie.douban.com/subject/1309163/"
  },
  {
    "rank": "195",
    "cover": "https://img9.doubanio.com/view/photo/s_ratio_poster/public/p462470694.jpg",
    "title": "恐怖游轮",
    "actor": "\n                            导演: 克里斯托弗·史密斯 Christopher Smith   主演: 梅利莎·乔治 Melissa ...",
    "score": "8.5",
    "display": "不要企图在重复中寻找已经失去的爱。",
    "url": "https://movie.douban.com/subject/3011051/"
  },
  {
    "rank": "196",
    "cover": "https://img9.doubanio.com/view/photo/s_ratio_poster/public/p1612355875.jpg",
    "title": "雨中曲",
    "actor": "\n                            导演: 斯坦利·多南 Stanley Donen / 吉恩·凯利 Gene Kelly   主演: 吉恩·...",
    "score": "9.1",
    "display": "骨灰级歌舞片。",
    "url": "https://movie.douban.com/subject/1293460/"
  },
  {
    "rank": "197",
    "cover": "https://img2.doubanio.com/view/photo/s_ratio_poster/public/p456676352.jpg",
    "title": "魔女宅急便",
    "actor": "\n                            导演: 宫崎骏 Hayao Miyazaki   主演: 高山南 Minami Takayama / 佐久间玲 Re...",
    "score": "8.7",
    "display": "宫崎骏的电影总让人感觉世界是美好的，阳光明媚的。",
    "url": "https://movie.douban.com/subject/1307811/"
  },
  {
    "rank": "198",
    "cover": "https://img9.doubanio.com/view/photo/s_ratio_poster/public/p453716305.jpg",
    "title": "色，戒",
    "actor": "\n                            导演: 李安 Ang Lee   主演: 梁朝伟 Tony Leung Chiu Wai / 汤唯 Wei Tang / ...",
    "score": "8.5",
    "display": "假戏真情，爱欲深海",
    "url": "https://movie.douban.com/subject/1828115/"
  },
  {
    "rank": "199",
    "cover": "https://img9.doubanio.com/view/photo/s_ratio_poster/public/p2560717825.jpg",
    "title": "2001太空漫游",
    "actor": "\n                            导演: 斯坦利·库布里克 Stanley Kubrick   主演: 凯尔·杜拉 Keir Dullea / ...",
    "score": "8.8",
    "display": "现代科幻电影的开山之作，最伟大导演的最伟大影片。",
    "url": "https://movie.douban.com/subject/1292226/"
  },
  {
    "rank": "200",
    "cover": "https://img1.doubanio.com/view/photo/s_ratio_poster/public/p2507709428.jpg",
    "title": "奇迹男孩",
    "actor": "\n                            导演: 斯蒂芬·卓博斯基 Stephen Chbosky   主演: 雅各布·特伦布莱 Jacob Tr...",
    "score": "8.6",
    "display": "世界不完美，爱会有奇迹。",
    "url": "https://movie.douban.com/subject/26787574/"
  }
]

