[
  {
    "rank": "151",
    "cover": "https://img9.doubanio.com/view/photo/s_ratio_poster/public/p652417775.jpg",
    "title": "我是山姆",
    "actor": "\n                            导演: 杰茜·尼尔森 Jessie Nelson   主演: Sean Penn / Dakota Fanning / Mi...",
    "score": "9.0",
    "display": "爱并不需要智商 。",
    "url": "https://movie.douban.com/subject/1306861/"
  },
  {
    "rank": "152",
    "cover": "https://img1.doubanio.com/view/photo/s_ratio_poster/public/p2249048907.jpg",
    "title": "喜宴",
    "actor": "\n                            导演: 李安 Ang Lee   主演: 赵文瑄 Winston Chao / 郎雄 Sihung Lung / 归亚...",
    "score": "8.9",
    "display": "中国家庭的喜怒哀乐忍。",
    "url": "https://movie.douban.com/subject/1303037/"
  },
  {
    "rank": "153",
    "cover": "https://img1.doubanio.com/view/photo/s_ratio_poster/public/p2516578307.jpg",
    "title": "头号玩家",
    "actor": "\n                            导演: 史蒂文·斯皮尔伯格 Steven Spielberg   主演: 泰伊·谢里丹 Tye Sheri...",
    "score": "8.7",
    "display": "写给影迷，动漫迷和游戏迷的一封情书。",
    "url": "https://movie.douban.com/subject/4920389/"
  },
  {
    "rank": "154",
    "cover": "https://img9.doubanio.com/view/photo/s_ratio_poster/public/p726839485.jpg",
    "title": "电锯惊魂",
    "actor": "\n                            导演: 詹姆斯·温 James Wan   主演: 雷·沃纳尔 Leigh Whannell / 加利·艾...",
    "score": "8.7",
    "display": "真相就在眼前。",
    "url": "https://movie.douban.com/subject/1417598/"
  },
  {
    "rank": "155",
    "cover": "https://img2.doubanio.com/view/photo/s_ratio_poster/public/p1917567652.jpg",
    "title": "风之谷",
    "actor": "\n                            导演: 宫崎骏 Hayao Miyazaki   主演: 岛本须美 Sumi Shimamoto / 松田洋治 Y...",
    "score": "8.9",
    "display": "动画片的圣经。",
    "url": "https://movie.douban.com/subject/1291585/"
  },
  {
    "rank": "156",
    "cover": "https://img3.doubanio.com/view/photo/s_ratio_poster/public/p455677490.jpg",
    "title": "上帝之城",
    "actor": "\n                            导演: 费尔南多·梅里尔斯 Fernando Meirelles / 卡迪亚·兰德 Kátia Lund  &nbsp...",
    "score": "9.0",
    "display": "被上帝抛弃了的上帝之城。",
    "url": "https://movie.douban.com/subject/1292208/"
  },
  {
    "rank": "157",
    "cover": "https://img1.doubanio.com/view/photo/s_ratio_poster/public/p1903379979.jpg",
    "title": "新世界",
    "actor": "\n                            导演: 朴勋政 Hoon-jung Park   主演: 李政宰 Jung-Jae Lee / 崔岷植 Min-sik...",
    "score": "8.9",
    "display": "要做就做得狠一点，这样才能活下去。",
    "url": "https://movie.douban.com/subject/10437779/"
  },
  {
    "rank": "158",
    "cover": "https://img2.doubanio.com/view/photo/s_ratio_poster/public/p470419493.jpg",
    "title": "卢旺达饭店",
    "actor": "\n                            导演: 特瑞·乔治 Terry George   主演: 唐·钱德尔 Don Cheadle / 苏菲·奥...",
    "score": "8.9",
    "display": "当这个世界闭上双眼，他却敞开了怀抱。",
    "url": "https://movie.douban.com/subject/1291822/"
  },
  {
    "rank": "159",
    "cover": "https://img1.doubanio.com/view/photo/s_ratio_poster/public/p2504997087.jpg",
    "title": "英雄本色",
    "actor": "\n                            导演: 吴宇森 John Woo   主演: 周润发 Yun-Fat Chow / 狄龙 Lung Ti / 张国...",
    "score": "8.7",
    "display": "英雄泪短，兄弟情长。 ",
    "url": "https://movie.douban.com/subject/1297574/"
  },
  {
    "rank": "160",
    "cover": "https://img1.doubanio.com/view/photo/s_ratio_poster/public/p2510081688.jpg",
    "title": "三块广告牌",
    "actor": "\n                            导演: 马丁·麦克唐纳 Martin McDonagh   主演: 弗兰西斯·麦克多蒙德 France...",
    "score": "8.7",
    "display": "怼天怼地，你走后，她与世界为敌。",
    "url": "https://movie.douban.com/subject/26611804/"
  },
  {
    "rank": "161",
    "cover": "https://img1.doubanio.com/view/photo/s_ratio_poster/public/p1867084027.jpg",
    "title": "疯狂原始人",
    "actor": "\n                            导演: 科克·德·米科 Kirk De Micco / 克里斯·桑德斯 Chris Sanders   主演...",
    "score": "8.7",
    "display": "老少皆宜，这就是好莱坞动画的魅力。",
    "url": "https://movie.douban.com/subject/1907966/"
  },
  {
    "rank": "162",
    "cover": "https://img1.doubanio.com/view/photo/s_ratio_poster/public/p792223507.jpg",
    "title": "谍影重重3",
    "actor": "\n                            导演: 保罗·格林格拉斯 Paul Greengrass   主演: 马特·达蒙 Matt Damon / ...",
    "score": "8.8",
    "display": "像吃了苏打饼一样干脆的电影。",
    "url": "https://movie.douban.com/subject/1578507/"
  },
  {
    "rank": "163",
    "cover": "https://img2.doubanio.com/view/photo/s_ratio_poster/public/p2255040492.jpg",
    "title": "模仿游戏",
    "actor": "\n                            导演: 莫滕·泰杜姆 Morten Tyldum   主演: 本尼迪克特·康伯巴奇 Benedict C...",
    "score": "8.7",
    "display": "他给机器起名“克里斯托弗”，因为这是他初恋的名字。",
    "url": "https://movie.douban.com/subject/10463953/"
  },
  {
    "rank": "164",
    "cover": "https://img9.doubanio.com/view/photo/s_ratio_poster/public/p1910828286.jpg",
    "title": "花样年华",
    "actor": "\n                            导演: 王家卫 Kar Wai Wong   主演: 梁朝伟 Tony Leung Chiu Wai / 张曼玉 Ma...",
    "score": "8.7",
    "display": "偷情本没有这样美。",
    "url": "https://movie.douban.com/subject/1291557/"
  },
  {
    "rank": "165",
    "cover": "https://img1.doubanio.com/view/photo/s_ratio_poster/public/p443461818.jpg",
    "title": "黑客帝国3：矩阵革命",
    "actor": "\n                            导演: 拉娜·沃卓斯基 Lana Wachowski / 莉莉·沃卓斯基 Lilly Wachowski   ...",
    "score": "8.8",
    "display": "不得不说，《黑客帝国》系列是商业片与科幻、哲学完美结合的典范。",
    "url": "https://movie.douban.com/subject/1302467/"
  },
  {
    "rank": "166",
    "cover": "https://img1.doubanio.com/view/photo/s_ratio_poster/public/p2597918718.jpg",
    "title": "纵横四海",
    "actor": "\n                            导演: 吴宇森 John Woo   主演: 周润发 Yun-Fat Chow / 张国荣 Leslie Cheung...",
    "score": "8.8",
    "display": "香港浪漫主义警匪动作片的巅峰之作。",
    "url": "https://movie.douban.com/subject/1295409/"
  },
  {
    "rank": "167",
    "cover": "https://img1.doubanio.com/view/photo/s_ratio_poster/public/p2166160837.jpg",
    "title": "达拉斯买家俱乐部",
    "actor": "\n                            导演: 让-马克·瓦雷 Jean-Marc Vallée   主演: 马修·麦康纳 Matthew McCon...",
    "score": "8.8",
    "display": "Jared Leto的腿比女人还美！",
    "url": "https://movie.douban.com/subject/1793929/"
  },
  {
    "rank": "168",
    "cover": "https://img9.doubanio.com/view/photo/s_ratio_poster/public/p2266293606.jpg",
    "title": "头脑特工队",
    "actor": "\n                            导演: 彼特·道格特 Pete Docter / 罗纳尔多·德尔·卡门 Ronaldo Del Carmen  &nb...",
    "score": "8.7",
    "display": "愿我们都不用长大，每一座城堡都能永远存在。",
    "url": "https://movie.douban.com/subject/10533913/"
  },
  {
    "rank": "169",
    "cover": "https://img2.doubanio.com/view/photo/s_ratio_poster/public/p456666151.jpg",
    "title": "岁月神偷",
    "actor": "\n                            导演: 罗启锐 Alex Law   主演: 吴君如 Sandra Ng / 任达华 Simon Yam / 钟绍...",
    "score": "8.7",
    "display": "岁月流逝，来日可追。",
    "url": "https://movie.douban.com/subject/3792799/"
  },
  {
    "rank": "170",
    "cover": "https://img3.doubanio.com/view/photo/s_ratio_poster/public/p2561439800.jpg",
    "title": "寄生虫",
    "actor": "\n                            导演: 奉俊昊 Joon-ho Bong   主演: 宋康昊 Kang-ho Song / 李善均 Seon-gyun...",
    "score": "8.8",
    "display": "自己脑补",
    "url": "https://movie.douban.com/subject/27010768/"
  },
  {
    "rank": "171",
    "cover": "https://img9.doubanio.com/view/photo/s_ratio_poster/public/p2276780256.jpg",
    "title": "心迷宫",
    "actor": "\n                            导演: 忻钰坤 Yukun Xin   主演: 霍卫民 Weimin Huo / 王笑天 Xiaotian Wang ...",
    "score": "8.7",
    "display": "荒诞讽刺，千奇百巧，抽丝剥茧，百转千回。",
    "url": "https://movie.douban.com/subject/25917973/"
  },
  {
    "rank": "172",
    "cover": "https://img1.doubanio.com/view/photo/s_ratio_poster/public/p2395733377.jpg",
    "title": "你的名字。",
    "actor": "\n                            导演: 新海诚 Makoto Shinkai   主演: 神木隆之介 Ryûnosuke Kamiki / 上...",
    "score": "8.4",
    "display": "穿越错位的时空，仰望陨落的星辰，你没留下你的名字，我却无法忘记那句“我爱你”。",
    "url": "https://movie.douban.com/subject/26683290/"
  },
  {
    "rank": "173",
    "cover": "https://img2.doubanio.com/view/photo/s_ratio_poster/public/p641688453.jpg",
    "title": "记忆碎片",
    "actor": "\n                            导演: 克里斯托弗·诺兰 Christopher Nolan   主演: 盖·皮尔斯 Guy Pearce /...",
    "score": "8.7",
    "display": "一个针管引发的血案。",
    "url": "https://movie.douban.com/subject/1304447/"
  },
  {
    "rank": "174",
    "cover": "https://img9.doubanio.com/view/photo/s_ratio_poster/public/p2603716224.jpg",
    "title": "忠犬八公物语",
    "actor": "\n                            导演: Seijirô Kôyama   主演: 山本圭 Kei Yamamoto / 井川比佐志 Hisa...",
    "score": "9.2",
    "display": "养狗三日，便会对你终其一生。",
    "url": "https://movie.douban.com/subject/1959195/"
  },
  {
    "rank": "175",
    "cover": "https://img1.doubanio.com/view/photo/s_ratio_poster/public/p2603364117.jpg",
    "title": "海街日记",
    "actor": "\n                            导演: 是枝裕和 Hirokazu Koreeda   主演: 绫濑遥 Haruka Ayase / 长泽雅美 M...",
    "score": "8.8",
    "display": "是枝裕和的家庭习作。",
    "url": "https://movie.douban.com/subject/25895901/"
  }
]
