[
  {
    "rank": "126",
    "cover": "https://img1.doubanio.com/view/photo/s_ratio_poster/public/p2561542458.jpg",
    "title": "爱在日落黄昏时",
    "actor": "\n                            导演: 理查德·林克莱特 Richard Linklater   主演: 伊桑·霍克 Ethan Hawke ...",
    "score": "8.9",
    "display": "九年后的重逢是世俗和责任的交叠，没了悸动和青涩，沧桑而温暖。",
    "url": "https://movie.douban.com/subject/1291990/"
  },
  {
    "rank": "127",
    "cover": "https://img2.doubanio.com/view/photo/s_ratio_poster/public/p1675053073.jpg",
    "title": "萤火之森",
    "actor": "\n                            导演: 大森贵弘 Takahiro Omori   主演: 佐仓绫音 Ayane Sakura / 内山昂辉 K...",
    "score": "8.9",
    "display": "触不到的恋人。",
    "url": "https://movie.douban.com/subject/5989818/"
  },
  {
    "rank": "128",
    "cover": "https://img9.doubanio.com/view/photo/s_ratio_poster/public/p2210954024.jpg",
    "title": "驯龙高手",
    "actor": "\n                            导演: 迪恩·德布洛斯 Dean DeBlois / 克里斯·桑德斯 Chris Sanders   主演:...",
    "score": "8.7",
    "display": "和谐的生活离不开摸头与被摸头。",
    "url": "https://movie.douban.com/subject/2353023/"
  },
  {
    "rank": "129",
    "cover": "https://img9.doubanio.com/view/photo/s_ratio_poster/public/p488255145.jpg",
    "title": "玛丽和马克思",
    "actor": "\n                            导演: 亚当·艾略特 Adam Elliot   主演: 托妮·科莱特 Toni Collette / 菲利...",
    "score": "8.9",
    "display": "你是我最好的朋友，你是我唯一的朋友 。",
    "url": "https://movie.douban.com/subject/3072124/"
  },
  {
    "rank": "130",
    "cover": "https://img1.doubanio.com/view/photo/s_ratio_poster/public/p854757687.jpg",
    "title": "幸福终点站",
    "actor": "\n                            导演: 史蒂文·斯皮尔伯格 Steven Spielberg   主演: 汤姆·汉克斯 Tom Hanks...",
    "score": "8.8",
    "display": "有时候幸福需要等一等。 ",
    "url": "https://movie.douban.com/subject/1292274/"
  },
  {
    "rank": "131",
    "cover": "https://img1.doubanio.com/view/photo/s_ratio_poster/public/p2515539487.jpg",
    "title": "天书奇谭",
    "actor": "\n                            导演: 王树忱 Shuchen Wang / 钱运达 Yunda Qian   主演: 丁建华 Jianhua Din...",
    "score": "9.2",
    "display": "传奇的年代，醉人的童话。",
    "url": "https://movie.douban.com/subject/1428581/"
  },
  {
    "rank": "132",
    "cover": "https://img3.doubanio.com/view/photo/s_ratio_poster/public/p1082651990.jpg",
    "title": "哈利·波特与密室",
    "actor": "\n                            导演: Chris Columbus   主演: 丹尼尔·雷德克里夫 Daniel Radcliffe / 艾玛...",
    "score": "8.7",
    "display": "魔法的密室之门已打开...",
    "url": "https://movie.douban.com/subject/1296996/"
  },
  {
    "rank": "133",
    "cover": "https://img9.doubanio.com/view/photo/s_ratio_poster/public/p689520756.jpg",
    "title": "告白",
    "actor": "\n                            导演: 中岛哲也 Tetsuya Nakashima   主演: 松隆子 Takako Matsu / 冈田将生 ...",
    "score": "8.7",
    "display": "没有一人完全善，也没有一人完全恶。",
    "url": "https://movie.douban.com/subject/4268598/"
  },
  {
    "rank": "134",
    "cover": "https://img9.doubanio.com/view/photo/s_ratio_poster/public/p692813374.jpg",
    "title": "大鱼",
    "actor": "\n                            导演: 蒂姆·波顿 Tim Burton   主演: 伊万·麦克格雷格 Ewan McGregor / 阿...",
    "score": "8.8",
    "display": "抱着梦想而活着的人是幸福的，怀抱梦想而死去的人是不朽的。",
    "url": "https://movie.douban.com/subject/1291545/"
  },
  {
    "rank": "135",
    "cover": "https://img1.doubanio.com/view/photo/s_ratio_poster/public/p1374786017.jpg",
    "title": "阳光姐妹淘",
    "actor": "\n                            导演: 姜炯哲 Hyeong-Cheol Kang   主演: 沈恩京 Eun-kyung Shim / 闵孝琳 Hy...",
    "score": "8.8",
    "display": "再多各自牛逼的时光，也比不上一起傻逼的岁月。 ",
    "url": "https://movie.douban.com/subject/4917726/"
  },
  {
    "rank": "136",
    "cover": "https://img9.doubanio.com/view/photo/s_ratio_poster/public/p2609063925.jpg",
    "title": "射雕英雄传之东成西就",
    "actor": "\n                            导演: 刘镇伟 Jeffrey Lau   主演: 梁朝伟 Tony Leung Chiu Wai / 林青霞 Bri...",
    "score": "8.7",
    "display": "百看不厌。 ",
    "url": "https://movie.douban.com/subject/1316510/"
  },
  {
    "rank": "137",
    "cover": "https://img1.doubanio.com/view/photo/s_ratio_poster/public/p2513247938.jpg",
    "title": "怪兽电力公司",
    "actor": "\n                            导演: 彼特·道格特 Pete Docter / 大卫·斯沃曼 David Silverman   主演: 约...",
    "score": "8.7",
    "display": "不要给它起名字，起了名字就有感情了。",
    "url": "https://movie.douban.com/subject/1291579/"
  },
  {
    "rank": "138",
    "cover": "https://img9.doubanio.com/view/photo/s_ratio_poster/public/p2016930906.jpg",
    "title": "恐怖直播",
    "actor": "\n                            导演: 金秉祐 Byeong-woo Kim   主演: 河正宇 Jung-woo Ha / 李璟荣 Kyeong-y...",
    "score": "8.7",
    "display": "恐怖分子的“秋菊打官司”。",
    "url": "https://movie.douban.com/subject/21360417/"
  },
  {
    "rank": "139",
    "cover": "https://img1.doubanio.com/view/photo/s_ratio_poster/public/p792776858.jpg",
    "title": "神偷奶爸",
    "actor": "\n                            导演: 皮艾尔·柯芬 Pierre Coffin / 克里斯·雷纳德 Chris Renaud   主演: ...",
    "score": "8.6",
    "display": "Mr. I Don't Care其实也有Care的时候。",
    "url": "https://movie.douban.com/subject/3287562/"
  },
  {
    "rank": "140",
    "cover": "https://img9.doubanio.com/view/photo/s_ratio_poster/public/p2070153774.jpg",
    "title": "时空恋旅人",
    "actor": "\n                            导演: 理查德·柯蒂斯 Richard Curtis   主演: 多姆纳尔·格里森 Domhnall Gl...",
    "score": "8.8",
    "display": "把每天当作最后一天般珍惜度过，积极拥抱生活，就是幸福。",
    "url": "https://movie.douban.com/subject/10577869/"
  },
  {
    "rank": "141",
    "cover": "https://img1.doubanio.com/view/photo/s_ratio_poster/public/p1283675359.jpg",
    "title": "玩具总动员3",
    "actor": "\n                            导演: 李·昂克里奇 Lee Unkrich   主演: 汤姆·汉克斯 Tom Hanks / 蒂姆·艾...",
    "score": "8.9",
    "display": "跨度十五年的欢乐与泪水。",
    "url": "https://movie.douban.com/subject/1858711/"
  },
  {
    "rank": "142",
    "cover": "https://img1.doubanio.com/view/photo/s_ratio_poster/public/p2016401659.jpg",
    "title": "傲慢与偏见",
    "actor": "\n                            导演: 乔·怀特 Joe Wright   主演: 凯拉·奈特莉 Keira Knightley / 马修·...",
    "score": "8.7",
    "display": "爱是摈弃傲慢与偏见之后的曙光。",
    "url": "https://movie.douban.com/subject/1418200/"
  },
  {
    "rank": "143",
    "cover": "https://img2.doubanio.com/view/photo/s_ratio_poster/public/p2169664351.jpg",
    "title": "教父3",
    "actor": "\n                            导演: 弗朗西斯·福特·科波拉 Francis Ford Coppola   主演: 阿尔·帕西诺 A...",
    "score": "9.0",
    "display": "任何信念的力量，都无法改变命运。",
    "url": "https://movie.douban.com/subject/1294240/"
  },
  {
    "rank": "144",
    "cover": "https://img1.doubanio.com/view/photo/s_ratio_poster/public/p2360940399.jpg",
    "title": "釜山行",
    "actor": "\n                            导演: 延尚昊 Sang-ho Yeon   主演: 孔侑 Yoo Gong / 郑有美 Yu-mi Jung / 马...",
    "score": "8.6",
    "display": "揭露人性的丧尸题材力作。",
    "url": "https://movie.douban.com/subject/25986180/"
  },
  {
    "rank": "145",
    "cover": "https://img9.doubanio.com/view/photo/s_ratio_poster/public/p2532803206.jpg",
    "title": "哪吒闹海",
    "actor": "\n                            导演: 严定宪 Dingxian Yan / 王树忱 Shuchen Wang   主演: 梁正晖 Zhenghui ...",
    "score": "9.1",
    "display": "想你时你在闹海。",
    "url": "https://movie.douban.com/subject/1307315/"
  },
  {
    "rank": "146",
    "cover": "https://img2.doubanio.com/view/photo/s_ratio_poster/public/p2406624993.jpg",
    "title": "一个叫欧维的男人决定去死",
    "actor": "\n                            导演: 汉内斯·赫尔姆 Hannes Holm   主演: 罗夫·拉斯加德 Rolf Lassgård...",
    "score": "8.9",
    "display": "惠及一生的美丽。",
    "url": "https://movie.douban.com/subject/26628357/"
  },
  {
    "rank": "147",
    "cover": "https://img1.doubanio.com/view/photo/s_ratio_poster/public/p2398141939.jpg",
    "title": "血战钢锯岭",
    "actor": "\n                            导演: 梅尔·吉布森 Mel Gibson   主演: 安德鲁·加菲尔德 Andrew Garfield /...",
    "score": "8.7",
    "display": "优秀的战争片不会美化战场，不会粉饰死亡，不会矮化敌人，不会无视常识，最重要的，不会宣扬战争。",
    "url": "https://movie.douban.com/subject/26325320/"
  },
  {
    "rank": "148",
    "cover": "https://img1.doubanio.com/view/photo/s_ratio_poster/public/p1800813767.jpg",
    "title": "被解救的姜戈",
    "actor": "\n                            导演: 昆汀·塔伦蒂诺 Quentin Tarantino   主演: 杰米·福克斯 Jamie Foxx /...",
    "score": "8.8",
    "display": "热血沸腾，那个低俗、性感的无耻混蛋又来了。",
    "url": "https://movie.douban.com/subject/6307447/"
  },
  {
    "rank": "149",
    "cover": "https://img9.doubanio.com/view/photo/s_ratio_poster/public/p2215886505.jpg",
    "title": "七武士",
    "actor": "\n                            导演: 黑泽明 Akira Kurosawa   主演: 三船敏郎 Toshirô Mifune / 志村乔 ...",
    "score": "9.3",
    "display": "时代悲歌。",
    "url": "https://movie.douban.com/subject/1295399/"
  },
  {
    "rank": "150",
    "cover": "https://img2.doubanio.com/view/photo/s_ratio_poster/public/p1351050722.jpg",
    "title": "未麻的部屋",
    "actor": "\n                            导演: 今敏 Satoshi Kon   主演: 岩男润子 Junko Iwao / 松本梨香 Rica Matsu...",
    "score": "9.0",
    "display": "好的剧本是，就算你猜到了结局也猜不到全部。",
    "url": "https://movie.douban.com/subject/1395091/"
  }
]
