[
  {
    "rank": "201",
    "cover": "https://img2.doubanio.com/view/photo/s_ratio_poster/public/p2399597512.jpg",
    "title": "虎口脱险",
    "actor": "\n                            导演: 杰拉尔·乌里 Gérard Oury   主演: 路易·德·菲耐斯 Louis de Funès...",
    "score": "8.9",
    "display": "永远看不腻的喜剧。",
    "url": "https://movie.douban.com/subject/1296909/"
  },
  {
    "rank": "202",
    "cover": "https://img9.doubanio.com/view/photo/s_ratio_poster/public/p2421855655.jpg",
    "title": "海边的曼彻斯特",
    "actor": "\n                            导演: 肯尼斯·罗纳根 Kenneth Lonergan   主演: 卡西·阿弗莱克 Casey Affle...",
    "score": "8.6",
    "display": "我们都有权利不与自己的过去和解。",
    "url": "https://movie.douban.com/subject/25980443/"
  },
  {
    "rank": "203",
    "cover": "https://img9.doubanio.com/view/photo/s_ratio_poster/public/p2363208684.jpg",
    "title": "可可西里",
    "actor": "\n                            导演: 陆川 Chuan Lu   主演: 多布杰 Duobujie / 张磊 Lei Zhang / 亓亮 Qi L...",
    "score": "8.8",
    "display": "坚硬的信仰。",
    "url": "https://movie.douban.com/subject/1308857/"
  },
  {
    "rank": "204",
    "cover": "https://img1.doubanio.com/view/photo/s_ratio_poster/public/p792257137.jpg",
    "title": "人工智能",
    "actor": "\n                            导演: 史蒂文·斯皮尔伯格 Steven Spielberg   主演: 海利·乔·奥斯蒙 Haley...",
    "score": "8.7",
    "display": "对爱的执着，可以超越一切。",
    "url": "https://movie.douban.com/subject/1302827/"
  },
  {
    "rank": "205",
    "cover": "https://img1.doubanio.com/view/photo/s_ratio_poster/public/p2170238828.jpg",
    "title": "城市之光",
    "actor": "\n                            导演: Charles Chaplin   主演: 查理·卓别林 Charles Chaplin / 弗吉尼亚·...",
    "score": "9.3",
    "display": "永远的小人物，伟大的卓别林。",
    "url": "https://movie.douban.com/subject/1293908/"
  },
  {
    "rank": "206",
    "cover": "https://img2.doubanio.com/view/photo/s_ratio_poster/public/p1505312273.jpg",
    "title": "初恋这件小事",
    "actor": "\n                            导演: 普特鹏·普罗萨卡·那·萨克那卡林 Puttipong Promsaka Na Sakolnakorn / 华森·波克彭...",
    "score": "8.4",
    "display": "黑小鸭速效美白记。",
    "url": "https://movie.douban.com/subject/4739952/"
  },
  {
    "rank": "207",
    "cover": "https://img9.doubanio.com/view/photo/s_ratio_poster/public/p2259715855.jpg",
    "title": "房间",
    "actor": "\n                            导演: 伦尼·阿伯拉罕森 Lenny Abrahamson   主演: 布丽·拉尔森 Brie Larson...",
    "score": "8.8",
    "display": "被偷走的岁月，被伤害的生命，被禁锢的灵魂，终将被希望和善意救赎。",
    "url": "https://movie.douban.com/subject/25724855/"
  },
  {
    "rank": "208",
    "cover": "https://img2.doubanio.com/view/photo/s_ratio_poster/public/p1598883511.jpg",
    "title": "罗生门",
    "actor": "\n                            导演: 黑泽明 Akira Kurosawa   主演: 三船敏郎 Toshirô Mifune / 京町子 ...",
    "score": "8.8",
    "display": "人生的N种可能性。",
    "url": "https://movie.douban.com/subject/1291879/"
  },
  {
    "rank": "209",
    "cover": "https://img9.doubanio.com/view/photo/s_ratio_poster/public/p1910909085.jpg",
    "title": "终结者2：审判日",
    "actor": "\n                            导演: 詹姆斯·卡梅隆 James Cameron   主演: 阿诺·施瓦辛格 Arnold Schwarz...",
    "score": "8.7",
    "display": "少见的超越首部的续集，动作片中的经典。",
    "url": "https://movie.douban.com/subject/1291844/"
  },
  {
    "rank": "210",
    "cover": "https://img1.doubanio.com/view/photo/s_ratio_poster/public/p2457609817.jpg",
    "title": "二十二",
    "actor": "\n                            导演: 郭柯 Ke Guo   主演: ",
    "score": "8.7",
    "display": "有一些东西不应该被遗忘。",
    "url": "https://movie.douban.com/subject/26430107/"
  },
  {
    "rank": "211",
    "cover": "https://img2.doubanio.com/view/photo/s_ratio_poster/public/p2505928032.jpg",
    "title": "大佛普拉斯",
    "actor": "\n                            导演: 黄信尧 Hsin-yao Huang   主演: 庄益增 Yizeng Zhuang / 陈竹昇 Chu-sh...",
    "score": "8.7",
    "display": "人们可以登上月球，却永远无法探索人们内心的宇宙。",
    "url": "https://movie.douban.com/subject/27059130/"
  },
  {
    "rank": "212",
    "cover": "https://img1.doubanio.com/view/photo/s_ratio_poster/public/p1481879628.jpg",
    "title": "遗愿清单",
    "actor": "\n                            导演: 罗伯·莱纳 Rob Reiner   主演: 杰克·尼科尔森 Jack Nicholson / 摩根...",
    "score": "8.7",
    "display": "用剩余不多的时间，去燃烧整个生命。",
    "url": "https://movie.douban.com/subject/1867345/"
  },
  {
    "rank": "213",
    "cover": "https://img9.doubanio.com/view/photo/s_ratio_poster/public/p848381236.jpg",
    "title": "牯岭街少年杀人事件",
    "actor": "\n                            导演: 杨德昌 Edward Yang   主演: 张震 Chen Chang / 杨静怡 Lisa Yang / 张...",
    "score": "8.9",
    "display": "弱者送给弱者的一刀。",
    "url": "https://movie.douban.com/subject/1292329/"
  },
  {
    "rank": "214",
    "cover": "https://img2.doubanio.com/view/photo/s_ratio_poster/public/p2549558913.jpg",
    "title": "波西米亚狂想曲",
    "actor": "\n                            导演: 布莱恩·辛格 Bryan Singer   主演: 拉米·马雷克 Rami Malek / 本·哈...",
    "score": "8.7",
    "display": "自己脑补",
    "url": "https://movie.douban.com/subject/5300054/"
  },
  {
    "rank": "215",
    "cover": "https://img9.doubanio.com/view/photo/s_ratio_poster/public/p988260245.jpg",
    "title": "源代码",
    "actor": "\n                            导演: 邓肯·琼斯 Duncan Jones   主演: 杰克·吉伦哈尔 Jake Gyllenhaal / ...",
    "score": "8.5",
    "display": "邓肯·琼斯继《月球》之后再度奉献出一部精彩绝伦的科幻佳作。",
    "url": "https://movie.douban.com/subject/3075287/"
  },
  {
    "rank": "216",
    "cover": "https://img1.doubanio.com/view/photo/s_ratio_poster/public/p2351134499.jpg",
    "title": "魂断蓝桥",
    "actor": "\n                            导演: 茂文·勒鲁瓦 Mervyn LeRoy   主演: 费雯·丽 Vivien Leigh / 罗伯特·...",
    "score": "8.8",
    "display": "中国式内在的美国电影。",
    "url": "https://movie.douban.com/subject/1293964/"
  },
  {
    "rank": "217",
    "cover": "https://img1.doubanio.com/view/photo/s_ratio_poster/public/p1421018669.jpg",
    "title": "新龙门客栈",
    "actor": "\n                            导演: 李惠民 Raymond Lee   主演: 张曼玉 Maggie Cheung / 林青霞 Brigitte ...",
    "score": "8.6",
    "display": "嬉笑怒骂，调风动月。",
    "url": "https://movie.douban.com/subject/1292287/"
  },
  {
    "rank": "218",
    "cover": "https://img2.doubanio.com/view/photo/s_ratio_poster/public/p2570901292.jpg",
    "title": "青蛇",
    "actor": "\n                            导演: 徐克 Hark Tsui   主演: 张曼玉 Maggie Cheung / 王祖贤 Joey Wang / ...",
    "score": "8.6",
    "display": "人生如此，浮生如斯。谁人言，花彼岸，此生情长意短。谁都是不懂爱的罢了。",
    "url": "https://movie.douban.com/subject/1303394/"
  },
  {
    "rank": "219",
    "cover": "https://img2.doubanio.com/view/photo/s_ratio_poster/public/p2236181653.jpg",
    "title": "疯狂的麦克斯4：狂暴之路",
    "actor": "\n                            导演: 乔治·米勒 George Miller   主演: 汤姆·哈迪 Tom Hardy / 查理兹·塞...",
    "score": "8.6",
    "display": "“多么美好的一天！”轰轰轰砰咚，啪哒哒哒轰隆隆，磅~",
    "url": "https://movie.douban.com/subject/3592854/"
  },
  {
    "rank": "220",
    "cover": "https://img1.doubanio.com/view/photo/s_ratio_poster/public/p2575043939.jpg",
    "title": "无耻混蛋",
    "actor": "\n                            导演: Quentin Tarantino   主演: 布拉德·皮特 Brad Pitt / 梅拉尼·罗兰 M...",
    "score": "8.6",
    "display": "昆汀同学越来越变态了，比北野武还杜琪峰。",
    "url": "https://movie.douban.com/subject/1438652/"
  },
  {
    "rank": "221",
    "cover": "https://img1.doubanio.com/view/photo/s_ratio_poster/public/p2375245718.jpg",
    "title": "步履不停",
    "actor": "\n                            导演: 是枝裕和 Hirokazu Koreeda   主演: 阿部宽 Hiroshi Abe / 夏川结衣 Yu...",
    "score": "8.8",
    "display": "日本的家庭电影已经是世界巅峰了，步履不停是巅峰中的佳作。",
    "url": "https://movie.douban.com/subject/2222996/"
  },
  {
    "rank": "222",
    "cover": "https://img2.doubanio.com/view/photo/s_ratio_poster/public/p1244017073.jpg",
    "title": "血钻",
    "actor": "\n                            导演: 爱德华·兹威克 Edward Zwick   主演: 莱昂纳多·迪卡普里奥 Leonardo ...",
    "score": "8.7",
    "display": "每个美丽事物背后都是滴血的现实。",
    "url": "https://movie.douban.com/subject/1428175/"
  },
  {
    "rank": "223",
    "cover": "https://img1.doubanio.com/view/photo/s_ratio_poster/public/p456703618.jpg",
    "title": "东京教父",
    "actor": "\n                            导演: 今敏 Satoshi Kon   主演: 江守彻 Toru Emori / 梅垣义明 Yoshiaki Ume...",
    "score": "9.0",
    "display": "自己脑补",
    "url": "https://movie.douban.com/subject/1310177/"
  },
  {
    "rank": "224",
    "cover": "https://img3.doubanio.com/view/photo/s_ratio_poster/public/p958008320.jpg",
    "title": "无间道2",
    "actor": "\n                            导演: 刘伟强 / 麦兆辉   主演: 陈冠希 / 余文乐 / 曾志伟",
    "score": "8.6",
    "display": "自己脑补",
    "url": "https://movie.douban.com/subject/1307106/"
  },
  {
    "rank": "225",
    "cover": "https://img1.doubanio.com/view/photo/s_ratio_poster/public/p1023654037.jpg",
    "title": "燃情岁月",
    "actor": "\n                            导演: 爱德华·兹威克 Edward Zwick   主演: 布拉德·皮特 Brad Pitt / 安东...",
    "score": "8.8",
    "display": "传奇，不是每个人都可以拥有。",
    "url": "https://movie.douban.com/subject/1295865/"
  }
]
