[
  {
    "rank": "101",
    "cover": "https://img2.doubanio.com/view/photo/s_ratio_poster/public/p2447590313.jpg",
    "title": "天使爱美丽",
    "actor": "\n                            导演: 让-皮埃尔·热内 Jean-Pierre Jeunet   主演: 奥黛丽·塔图 Audrey Tau...",
    "score": "8.7",
    "display": "法式小清新。 ",
    "url": "https://movie.douban.com/subject/1292215/"
  },
  {
    "rank": "102",
    "cover": "https://img9.doubanio.com/view/photo/s_ratio_poster/public/p1613191025.jpg",
    "title": "幽灵公主",
    "actor": "\n                            导演: 宫崎骏 Hayao Miyazaki   主演: 松田洋治 Yôji Matsuda / 石田百合...",
    "score": "8.9",
    "display": "人与自然的战争史诗。",
    "url": "https://movie.douban.com/subject/1297359/"
  },
  {
    "rank": "103",
    "cover": "https://img1.doubanio.com/view/photo/s_ratio_poster/public/p2219011938.jpg",
    "title": "功夫",
    "actor": "\n                            导演: 周星驰 Stephen Chow   主演: 周星驰 Stephen Chow / 元秋 Qiu Yuen / ...",
    "score": "8.7",
    "display": "警恶惩奸，维护世界和平这个任务就交给你了，好吗？",
    "url": "https://movie.douban.com/subject/1291543/"
  },
  {
    "rank": "104",
    "cover": "https://img2.doubanio.com/view/photo/s_ratio_poster/public/p1305562621.jpg",
    "title": "超脱",
    "actor": "\n                            导演: 托尼·凯耶 Tony Kaye   主演: 艾德里安·布洛迪 Adrien Brody / 马西...",
    "score": "8.9",
    "display": "穷尽一生，我们要学会的，不过是彼此拥抱。",
    "url": "https://movie.douban.com/subject/5322596/"
  },
  {
    "rank": "105",
    "cover": "https://img2.doubanio.com/view/photo/s_ratio_poster/public/p2564498893.jpg",
    "title": "小森林 夏秋篇",
    "actor": "\n                            导演: 森淳一 Junichi Mori   主演: 桥本爱 Ai Hashimoto / 三浦贵大 Takahir...",
    "score": "9.0",
    "display": "那些静得只能听见呼吸的日子里，你明白孤独即生活。",
    "url": "https://movie.douban.com/subject/25814705/"
  },
  {
    "rank": "106",
    "cover": "https://img9.doubanio.com/view/photo/s_ratio_poster/public/p2220184425.jpg",
    "title": "第六感",
    "actor": "\n                            导演: M·奈特·沙马兰 M. Night Shyamalan   主演: 布鲁斯·威利斯 Bruce Wi...",
    "score": "8.9",
    "display": "深入内心的恐怖，出人意料的结局。",
    "url": "https://movie.douban.com/subject/1297630/"
  },
  {
    "rank": "107",
    "cover": "https://img9.doubanio.com/view/photo/s_ratio_poster/public/p2564685215.jpg",
    "title": "阳光灿烂的日子",
    "actor": "\n                            导演: 姜文 Wen Jiang   主演: 夏雨 Yu Xia / 宁静 Jing Ning / 陶虹 Hong Tao",
    "score": "8.8",
    "display": "一场华丽的意淫。",
    "url": "https://movie.douban.com/subject/1291875/"
  },
  {
    "rank": "108",
    "cover": "https://img2.doubanio.com/view/photo/s_ratio_poster/public/p792381411.jpg",
    "title": "重庆森林",
    "actor": "\n                            导演: 王家卫 Kar Wai Wong   主演: 林青霞 Brigitte Lin / 金城武 Takeshi K...",
    "score": "8.8",
    "display": "寂寞没有期限。",
    "url": "https://movie.douban.com/subject/1291999/"
  },
  {
    "rank": "109",
    "cover": "https://img9.doubanio.com/view/photo/s_ratio_poster/public/p2357915564.jpg",
    "title": "唐伯虎点秋香",
    "actor": "\n                            导演: 李力持 Lik-Chi Lee   主演: 周星驰 Stephen Chow / 巩俐 Li Gong / 陈...",
    "score": "8.7",
    "display": "华太师是黄霑，吴镇宇四大才子之一。",
    "url": "https://movie.douban.com/subject/1306249/"
  },
  {
    "rank": "110",
    "cover": "https://img9.doubanio.com/view/photo/s_ratio_poster/public/p2555762374.jpg",
    "title": "爱在黎明破晓前",
    "actor": "\n                            导演: 理查德·林克莱特 Richard Linklater   主演: 伊桑·霍克 Ethan Hawke ...",
    "score": "8.8",
    "display": "缘分是个连绵词，最美不过一瞬。",
    "url": "https://movie.douban.com/subject/1296339/"
  },
  {
    "rank": "111",
    "cover": "https://img2.doubanio.com/view/photo/s_ratio_poster/public/p2544912792.jpg",
    "title": "人生果实",
    "actor": "\n                            导演: 伏原健之 Kenshi Fushihara   主演: 津端修一 Shûichi Tsubata / 津...",
    "score": "9.5",
    "display": "土壤没有落叶不会肥沃，没有了你就不算人生。",
    "url": "https://movie.douban.com/subject/26874505/"
  },
  {
    "rank": "112",
    "cover": "https://img2.doubanio.com/view/photo/s_ratio_poster/public/p2567845803.jpg",
    "title": "一一",
    "actor": "\n                            导演: 杨德昌 Edward Yang   主演: 吴念真 / 李凯莉 Kelly Lee / 金燕玲 Elai...",
    "score": "9.1",
    "display": "我们都曾经是一一。",
    "url": "https://movie.douban.com/subject/1292434/"
  },
  {
    "rank": "113",
    "cover": "https://img9.doubanio.com/view/photo/s_ratio_poster/public/p1706428744.jpg",
    "title": "蝙蝠侠：黑暗骑士崛起",
    "actor": "\n                            导演: 克里斯托弗·诺兰 Christopher Nolan   主演: 克里斯蒂安·贝尔 Christ...",
    "score": "8.8",
    "display": "诺兰就是保证。",
    "url": "https://movie.douban.com/subject/3395373/"
  },
  {
    "rank": "114",
    "cover": "https://img9.doubanio.com/view/photo/s_ratio_poster/public/p2620392435.jpg",
    "title": "菊次郎的夏天",
    "actor": "\n                            导演: 北野武 Takeshi Kitano   主演: 北野武 Takeshi Kitano / 关口雄介 Yus...",
    "score": "8.8",
    "display": "从没见过那么流氓的温柔，从没见过那么温柔的流氓。",
    "url": "https://movie.douban.com/subject/1293359/"
  },
  {
    "rank": "115",
    "cover": "https://img1.doubanio.com/view/photo/s_ratio_poster/public/p2215147728.jpg",
    "title": "小森林 冬春篇",
    "actor": "\n                            导演: 森淳一 Junichi Mori   主演: 桥本爱 Ai Hashimoto / 三浦贵大 Takahir...",
    "score": "9.0",
    "display": "尊敬他人，尊敬你生活的这片土地，明白孤独是人生的常态。",
    "url": "https://movie.douban.com/subject/25814707/"
  },
  {
    "rank": "116",
    "cover": "https://img1.doubanio.com/view/photo/s_ratio_poster/public/p1910812549.jpg",
    "title": "哈利·波特与阿兹卡班的囚徒",
    "actor": "\n                            导演: Alfonso Cuarón   主演: 丹尼尔·雷德克里夫 Daniel Radcliffe / Emma...",
    "score": "8.8",
    "display": "不一样的导演，不一样的哈利·波特。",
    "url": "https://movie.douban.com/subject/1291544/"
  },
  {
    "rank": "117",
    "cover": "https://img9.doubanio.com/view/photo/s_ratio_poster/public/p2221768894.jpg",
    "title": "消失的爱人",
    "actor": "\n                            导演: 大卫·芬奇 David Fincher   主演: 本·阿弗莱克 Ben Affleck / 罗莎蒙...",
    "score": "8.7",
    "display": "年度最佳date movie。",
    "url": "https://movie.douban.com/subject/21318488/"
  },
  {
    "rank": "118",
    "cover": "https://img2.doubanio.com/view/photo/s_ratio_poster/public/p661160053.jpg",
    "title": "无人知晓",
    "actor": "\n                            导演: 是枝裕和 Hirokazu Koreeda   主演: 柳乐优弥 Yûya Yagira / 北浦爱...",
    "score": "9.1",
    "display": "我的平常生活就是他人的幸福。",
    "url": "https://movie.douban.com/subject/1292337/"
  },
  {
    "rank": "119",
    "cover": "https://img1.doubanio.com/view/photo/s_ratio_poster/public/p2635433927.jpg",
    "title": "入殓师",
    "actor": "\n                            导演: 泷田洋二郎 Yôjirô Takita   主演: 本木雅弘 Masahiro Motoki / ...",
    "score": "8.9",
    "display": "死可能是一道门，逝去并不是终结，而是超越，走向下一程。",
    "url": "https://movie.douban.com/subject/2149806/"
  },
  {
    "rank": "120",
    "cover": "https://img2.doubanio.com/view/photo/s_ratio_poster/public/p2614500883.jpg",
    "title": "超能陆战队",
    "actor": "\n                            导演: 唐·霍尔 Don Hall / 克里斯·威廉姆斯 Chris Williams   主演: 斯科特...",
    "score": "8.7",
    "display": "Balalala~~~",
    "url": "https://movie.douban.com/subject/11026735/"
  },
  {
    "rank": "121",
    "cover": "https://img9.doubanio.com/view/photo/s_ratio_poster/public/p2414157745.jpg",
    "title": "倩女幽魂",
    "actor": "\n                            导演: 程小东 Siu-Tung Ching   主演: 张国荣 Leslie Cheung / 王祖贤 Joey W...",
    "score": "8.7",
    "display": "两张绝世的脸。 ",
    "url": "https://movie.douban.com/subject/1297447/"
  },
  {
    "rank": "122",
    "cover": "https://img2.doubanio.com/view/photo/s_ratio_poster/public/p456692072.jpg",
    "title": "侧耳倾听",
    "actor": "\n                            导演: 近藤喜文 Yoshifumi Kondo   主演: 本名阳子 Youko Honna / 小林桂树 K...",
    "score": "8.9",
    "display": "少女情怀总是诗。",
    "url": "https://movie.douban.com/subject/1297052/"
  },
  {
    "rank": "123",
    "cover": "https://img1.doubanio.com/view/photo/s_ratio_poster/public/p2190556408.jpg",
    "title": "完美的世界",
    "actor": "\n                            导演: 克林特·伊斯特伍德 Clint Eastwood   主演: 凯文·科斯特纳 Kevin Cos...",
    "score": "9.1",
    "display": "坏人的好总是比好人的好来得更感人。",
    "url": "https://movie.douban.com/subject/1300992/"
  },
  {
    "rank": "124",
    "cover": "https://img9.doubanio.com/view/photo/s_ratio_poster/public/p617533616.jpg",
    "title": "借东西的小人阿莉埃蒂",
    "actor": "\n                            导演: 米林宏昌 Hiromasa Yonebayashi   主演: 志田未来 Mirai Shida / 神木...",
    "score": "8.9",
    "display": "曾经的那段美好会沉淀为一辈子的记忆。",
    "url": "https://movie.douban.com/subject/4202302/"
  },
  {
    "rank": "125",
    "cover": "https://img9.doubanio.com/view/photo/s_ratio_poster/public/p2223011274.jpg",
    "title": "甜蜜蜜",
    "actor": "\n                            导演: 陈可辛 Peter Chan   主演: 黎明 Leon Lai / 张曼玉 Maggie Cheung / ...",
    "score": "8.9",
    "display": "相逢只要一瞬间，等待却像是一辈子。",
    "url": "https://movie.douban.com/subject/1305164/"
  }
]
