[{
    "rank": "226",
    "cover": "https://img9.doubanio.com/view/photo/s_ratio_poster/public/p2559581324.jpg",
    "title": "海洋",
    "actor": "\n                            导演: 雅克·贝汉 Jacques Perrin / 雅克·克鲁奥德 Jacques Cluzaud   主演:...",
    "score": "9.1",
    "display": "大海啊，不全是水。",
    "url": "https://movie.douban.com/subject/3443389/"
}, {
    "rank": "227",
    "cover": "https://img9.doubanio.com/view/photo/s_ratio_poster/public/p2187896734.jpg",
    "title": "彗星来的那一夜",
    "actor": "\n                            导演: 詹姆斯·沃德·布柯特 James Ward Byrkit   主演: 艾米丽·芭尔多尼 Em...",
    "score": "8.5",
    "display": "小成本大魅力。",
    "url": "https://movie.douban.com/subject/25807345/"
}, {
    "rank": "228",
    "cover": "https://img9.doubanio.com/view/photo/s_ratio_poster/public/p667644866.jpg",
    "title": "谍影重重2",
    "actor": "\n                            导演: 保罗·格林格拉斯 Paul Greengrass   主演: 马特·达蒙 Matt Damon / ...",
    "score": "8.7",
    "display": "谁说王家卫镜头很晃？",
    "url": "https://movie.douban.com/subject/1308767/"
}, {
    "rank": "229",
    "cover": "https://img2.doubanio.com/view/photo/s_ratio_poster/public/p792282381.jpg",
    "title": "战争之王",
    "actor": "\n                            导演: 安德鲁·尼科尔 Andrew Niccol   主演: 尼古拉斯·凯奇 Nicolas Cage /...",
    "score": "8.7",
    "display": "做一颗让别人需要你的棋子。",
    "url": "https://movie.douban.com/subject/1419936/"
}, {
    "rank": "230",
    "cover": "https://img9.doubanio.com/view/photo/s_ratio_poster/public/p2079334286.jpg",
    "title": "穿越时空的少女",
    "actor": "\n                            导演: 细田守 Mamoru Hosoda   主演: 仲里依纱 Riisa Naka / 石田卓也 Takuya...",
    "score": "8.6",
    "display": "爱上未来的你。 ",
    "url": "https://movie.douban.com/subject/1937946/"
}, {
    "rank": "231",
    "cover": "https://img2.doubanio.com/view/photo/s_ratio_poster/public/p2525770523.jpg",
    "title": "阿飞正传",
    "actor": "\n                            导演: 王家卫 Kar Wai Wong   主演: 张国荣 Leslie Cheung / 张曼玉 Maggie C...",
    "score": "8.5",
    "display": "王家卫是一种风格，张国荣是一个代表。",
    "url": "https://movie.douban.com/subject/1305690/"
}, {
    "rank": "232",
    "cover": "https://img9.doubanio.com/view/photo/s_ratio_poster/public/p1973489335.jpg",
    "title": "地球上的星星",
    "actor": "\n                            导演: 阿米尔·汗 Aamir Khan   主演: 达席尔·萨法瑞 Darsheel Safary / 阿...",
    "score": "8.9",
    "display": "天使保护事件始末。",
    "url": "https://movie.douban.com/subject/2363506/"
}, {
    "rank": "233",
    "cover": "https://img9.doubanio.com/view/photo/s_ratio_poster/public/p2195672555.jpg",
    "title": "千钧一发",
    "actor": "\n                            导演: 安德鲁·尼科尔 Andrew Niccol   主演: 伊桑·霍克 Ethan Hawke / 乌玛...",
    "score": "8.8",
    "display": "一部能引人思考的科幻励志片。",
    "url": "https://movie.douban.com/subject/1300117/"
}, {
    "rank": "234",
    "cover": "https://img9.doubanio.com/view/photo/s_ratio_poster/public/p2522331945.jpg",
    "title": "完美陌生人",
    "actor": "\n                            导演: 保罗·格诺维瑟 Paolo Genovese   主演: 马可·贾利尼 Marco Giallini ...",
    "score": "8.5",
    "display": "来啊，互相伤害啊！",
    "url": "https://movie.douban.com/subject/26614893/"
}, {
    "rank": "235",
    "cover": "https://img2.doubanio.com/view/photo/s_ratio_poster/public/p1597183981.jpg",
    "title": "谍影重重",
    "actor": "\n                            导演: 道格·里曼 Doug Liman   主演: 马特·达蒙 Matt Damon / 弗兰卡·波坦...",
    "score": "8.6",
    "display": "哗啦啦啦啦，天在下雨，哗啦啦啦啦，云在哭泣……找自己。",
    "url": "https://movie.douban.com/subject/1304102/"
}, {
    "rank": "236",
    "cover": "https://img9.doubanio.com/view/photo/s_ratio_poster/public/p1925331564.jpg",
    "title": "东京物语",
    "actor": "\n                            导演: 小津安二郎 Yasujirô Ozu   主演: 笠智众 Chishû Ryû / 原节...",
    "score": "9.2",
    "display": "东京那么大，如果有一天走失了，恐怕一辈子不能再相见。",
    "url": "https://movie.douban.com/subject/1291568/"
}, {
    "rank": "237",
    "cover": "https://img3.doubanio.com/view/photo/s_ratio_poster/public/p443461390.jpg",
    "title": "黑客帝国2：重装上阵",
    "actor": "\n                            导演: 拉娜·沃卓斯基 Lana Wachowski / 莉莉·沃卓斯基 Lilly Wachowski   ...",
    "score": "8.6",
    "display": "一个精彩的世界观正在缓缓建立。",
    "url": "https://movie.douban.com/subject/1304141/"
}, {
    "rank": "238",
    "cover": "https://img2.doubanio.com/view/photo/s_ratio_poster/public/p2571500223.jpg",
    "title": "香水",
    "actor": "\n                            导演: 汤姆·提克威 Tom Tykwer   主演: 本·卫肖 Ben Whishaw / 艾伦·瑞克...",
    "score": "8.5",
    "display": "一个单凭体香达到高潮的男人。",
    "url": "https://movie.douban.com/subject/1760622/"
}, {
    "rank": "239",
    "cover": "https://img1.doubanio.com/view/photo/s_ratio_poster/public/p2627847859.jpg",
    "title": "崖上的波妞",
    "actor": "\n                            导演: 宫崎骏 Hayao Miyazaki   主演: 奈良柚莉爱 Yuria Nara / 土井洋辉 Hir...",
    "score": "8.6",
    "display": "自己脑补",
    "url": "https://movie.douban.com/subject/1959877/"
}, {
    "rank": "240",
    "cover": "https://img1.doubanio.com/view/photo/s_ratio_poster/public/p1075591188.jpg",
    "title": "我爱你",
    "actor": "\n                            导演: 秋昌民 Chang-min Choo   主演: 宋在河 Jae-ho Song / 李顺载 Soon-jae...",
    "score": "9.1",
    "display": "你要相信，这世上真的有爱存在，不管在什么年纪 ",
    "url": "https://movie.douban.com/subject/5908478/"
}, {
    "rank": "241",
    "cover": "https://img2.doubanio.com/view/photo/s_ratio_poster/public/p2250287733.jpg",
    "title": "再次出发之纽约遇见你",
    "actor": "\n                            导演: 约翰·卡尼 John Carney   主演: 凯拉·奈特莉 Keira Knightley / 马克...",
    "score": "8.6",
    "display": "爱我就给我看你的播放列表。",
    "url": "https://movie.douban.com/subject/6874403/"
}, {
    "rank": "242",
    "cover": "https://img1.doubanio.com/view/photo/s_ratio_poster/public/p1140984198.jpg",
    "title": "朗读者",
    "actor": "\n                            导演: 史蒂芬·戴德利 Stephen Daldry   主演: 凯特·温丝莱特 Kate Winslet ...",
    "score": "8.6",
    "display": "当爱情跨越年龄的界限，它似乎能变得更久远一点，成为一种责任，一种水到渠成的相濡以沫。 ",
    "url": "https://movie.douban.com/subject/2213597/"
}, {
    "rank": "243",
    "cover": "https://img9.doubanio.com/view/photo/s_ratio_poster/public/p2528965424.jpg",
    "title": "茶馆",
    "actor": "\n                            导演: 谢添 Tian Xie   主演: 于是之 Shizhi Yu / 郑榕 Rong Zhen / 蓝天野 T...",
    "score": "9.5",
    "display": "自己脑补",
    "url": "https://movie.douban.com/subject/1461403/"
}, {
    "rank": "244",
    "cover": "https://img1.doubanio.com/view/photo/s_ratio_poster/public/p2263822658.jpg",
    "title": "聚焦",
    "actor": "\n                            导演: 托马斯·麦卡锡 Thomas McCarthy   主演: 马克·鲁弗洛 Mark Ruffalo /...",
    "score": "8.8",
    "display": "新闻人的理性求真。",
    "url": "https://movie.douban.com/subject/25954475/"
}, {
    "rank": "245",
    "cover": "https://img2.doubanio.com/view/photo/s_ratio_poster/public/p1344888983.jpg",
    "title": "浪潮",
    "actor": "\n                            导演: 丹尼斯·甘塞尔 Dennis Gansel   主演: 尤尔根·沃格尔 Jürgen Vogel ...",
    "score": "8.7",
    "display": "世界离独裁只有五天。",
    "url": "https://movie.douban.com/subject/2297265/"
}, {
    "rank": "246",
    "cover": "https://img2.doubanio.com/view/photo/s_ratio_poster/public/p2393044761.jpg",
    "title": "驴得水",
    "actor": "\n                            导演: 周申 Shen Zhou / 刘露 Lu Liu   主演: 任素汐 Suxi Ren / 大力 Da Li ...",
    "score": "8.3",
    "display": "过去的如果就让它过去了，未来只会越来越糟！",
    "url": "https://movie.douban.com/subject/25921812/"
}, {
    "rank": "247",
    "cover": "https://img1.doubanio.com/view/photo/s_ratio_poster/public/p513567548.jpg",
    "title": "猜火车",
    "actor": "\n                            导演: 丹尼·博伊尔 Danny Boyle   主演: 伊万·麦克格雷格 Ewan McGregor / ...",
    "score": "8.5",
    "display": "不可猜的青春迷笛。 ",
    "url": "https://movie.douban.com/subject/1292528/"
}, {
    "rank": "248",
    "cover": "https://img9.doubanio.com/view/photo/s_ratio_poster/public/p2510956726.jpg",
    "title": "小萝莉的猴神大叔",
    "actor": "\n                            导演: 卡比尔·汗 Kabir Khan   主演: 萨尔曼·汗 Salman Khan / 哈莎莉·马...",
    "score": "8.4",
    "display": "宝莱坞的萝莉与大叔。",
    "url": "https://movie.douban.com/subject/26393561/"
}, {
    "rank": "249",
    "cover": "https://img9.doubanio.com/view/photo/s_ratio_poster/public/p2395517414.jpg",
    "title": "爱乐之城",
    "actor": "\n                            导演: 达米恩·查泽雷 Damien Chazelle   主演: 瑞恩·高斯林 Ryan Gosling /...",
    "score": "8.4",
    "display": "自己脑补",
    "url": "https://movie.douban.com/subject/25934014/"
}, {
    "rank": "250",
    "cover": "https://img2.doubanio.com/view/photo/s_ratio_poster/public/p2561545031.jpg",
    "title": "追随",
    "actor": "\n                            导演: 克里斯托弗·诺兰 Christopher Nolan   主演: 杰里米·西奥伯德 Jeremy...",
    "score": "8.9",
    "display": "诺兰的牛逼来源于内心散发出的恐惧。",
    "url": "https://movie.douban.com/subject/1397546/"
}]