[{
    "rank": "26",
    "cover": "https://img9.doubanio.com/view/photo/s_ratio_poster/public/p1454261925.jpg",
    "title": "触不可及",
    "actor": "\n                            导演: 奥利维·那卡什 Olivier Nakache / 艾力克·托兰达 Eric Toledano   主...",
    "score": "9.3",
    "display": "满满温情的高雅喜剧。",
    "url": "https://movie.douban.com/subject/6786002/"
}, {
    "rank": "27",
    "cover": "https://img2.doubanio.com/view/photo/s_ratio_poster/public/p452089833.jpg",
    "title": "末代皇帝",
    "actor": "\n                            导演: 贝纳尔多·贝托鲁奇 Bernardo Bertolucci   主演: 尊龙 John Lone / 陈...",
    "score": "9.3",
    "display": "“不要跟我比惨，我比你更惨”再适合这部电影不过了。",
    "url": "https://movie.douban.com/subject/1293172/"
}, {
    "rank": "28",
    "cover": "https://img2.doubanio.com/view/photo/s_ratio_poster/public/p462657443.jpg",
    "title": "蝙蝠侠：黑暗骑士",
    "actor": "\n                            导演: 克里斯托弗·诺兰 Christopher Nolan   主演: 克里斯蒂安·贝尔 Christ...",
    "score": "9.2",
    "display": "无尽的黑暗。",
    "url": "https://movie.douban.com/subject/1851857/"
}, {
    "rank": "29",
    "cover": "https://img9.doubanio.com/view/photo/s_ratio_poster/public/p2614500706.jpg",
    "title": "寻梦环游记",
    "actor": "\n                            导演: 李·昂克里奇 Lee Unkrich / 阿德里安·莫利纳 Adrian Molina   主演: ...",
    "score": "9.1",
    "display": "死亡不是真的逝去，遗忘才是永恒的消亡。",
    "url": "https://movie.douban.com/subject/20495023/"
}, {
    "rank": "30",
    "cover": "https://img2.doubanio.com/view/photo/s_ratio_poster/public/p2524040532.jpg",
    "title": "活着",
    "actor": "\n                            导演: 张艺谋 Yimou Zhang   主演: 葛优 You Ge / 巩俐 Li Gong / 姜武 Wu Jiang",
    "score": "9.3",
    "display": "张艺谋最好的电影。",
    "url": "https://movie.douban.com/subject/1292365/"
}, {
    "rank": "31",
    "cover": "https://img2.doubanio.com/view/photo/s_ratio_poster/public/p2642829472.jpg",
    "title": "指环王3：王者无敌",
    "actor": "\n                            导演: 彼得·杰克逊 Peter Jackson   主演: 伊利亚·伍德 Elijah Wood / 西恩...",
    "score": "9.3",
    "display": "史诗的终章。",
    "url": "https://movie.douban.com/subject/1291552/"
}, {
    "rank": "32",
    "cover": "https://img3.doubanio.com/view/photo/s_ratio_poster/public/p1963126880.jpg",
    "title": "乱世佳人",
    "actor": "\n                            导演: 维克多·弗莱明 Victor Fleming / 乔治·库克 George Cukor   主演: 费...",
    "score": "9.3",
    "display": "Tomorrow is another day.",
    "url": "https://movie.douban.com/subject/1300267/"
}, {
    "rank": "33",
    "cover": "https://img9.doubanio.com/view/photo/s_ratio_poster/public/p2614949805.jpg",
    "title": "哈利·波特与魔法石",
    "actor": "\n                            导演: Chris Columbus   主演: Daniel Radcliffe / Emma Watson / Rupert Grint",
    "score": "9.1",
    "display": "童话世界的开端。",
    "url": "https://movie.douban.com/subject/1295038/"
}, {
    "rank": "34",
    "cover": "https://img1.doubanio.com/view/photo/s_ratio_poster/public/p2555295759.jpg",
    "title": "何以为家",
    "actor": "\n                            导演: 娜丁·拉巴基 Nadine Labaki   主演: 扎因·拉费阿 Zain al-Rafeea / ...",
    "score": "9.1",
    "display": "凝视卑弱生命，用电影改变命运。",
    "url": "https://movie.douban.com/subject/30170448/"
}, {
    "rank": "35",
    "cover": "https://img2.doubanio.com/view/photo/s_ratio_poster/public/p2363116942.jpg",
    "title": "飞屋环游记",
    "actor": "\n                            导演: 彼特·道格特 Pete Docter / 鲍勃·彼德森 Bob Peterson   主演: 爱德...",
    "score": "9.0",
    "display": "最后那些最无聊的事情，才是最值得怀念的。 ",
    "url": "https://movie.douban.com/subject/2129039/"
}, {
    "rank": "36",
    "cover": "https://img9.doubanio.com/view/photo/s_ratio_poster/public/p2118532944.jpg",
    "title": "素媛",
    "actor": "\n                            导演: 李濬益 Jun-ik Lee   主演: 薛景求 Kyung-gu Sol / 严志媛 Ji-won Uhm ...",
    "score": "9.3",
    "display": "受过伤害的人总是笑得最开心，因为他们不愿意让身边的人承受一样的痛苦。",
    "url": "https://movie.douban.com/subject/21937452/"
}, {
    "rank": "37",
    "cover": "https://img1.doubanio.com/view/photo/s_ratio_poster/public/p2401676338.jpg",
    "title": "摔跤吧！爸爸",
    "actor": "\n                            导演: 涅提·蒂瓦里 Nitesh Tiwari   主演: 阿米尔·汗 Aamir Khan / 法缇玛...",
    "score": "9.0",
    "display": "你不是在为你一个人战斗，你要让千千万万的女性看到女生并不是只能相夫教子。",
    "url": "https://movie.douban.com/subject/26387939/"
}, {
    "rank": "38",
    "cover": "https://img2.doubanio.com/view/photo/s_ratio_poster/public/p2173577632.jpg",
    "title": "十二怒汉",
    "actor": "\n                            导演: Sidney Lumet   主演: 亨利·方达 Henry Fonda / 马丁·鲍尔萨姆 Marti...",
    "score": "9.4",
    "display": "1957年的理想主义。 ",
    "url": "https://movie.douban.com/subject/1293182/"
}, {
    "rank": "39",
    "cover": "https://img2.doubanio.com/view/photo/s_ratio_poster/public/p1784592701.jpg",
    "title": "少年派的奇幻漂流",
    "actor": "\n                            导演: 李安 Ang Lee   主演: 苏拉·沙玛 Suraj Sharma / 伊尔凡·可汗 Irrfan...",
    "score": "9.1",
    "display": "瑰丽壮观、无人能及的冒险之旅。",
    "url": "https://movie.douban.com/subject/1929463/"
}, {
    "rank": "40",
    "cover": "https://img3.doubanio.com/view/photo/s_ratio_poster/public/p2174346180.jpg",
    "title": "哈尔的移动城堡",
    "actor": "\n                            导演: 宫崎骏 Hayao Miyazaki   主演: 倍赏千惠子 Chieko Baishô / 木村拓...",
    "score": "9.1",
    "display": "带着心爱的人在天空飞翔。",
    "url": "https://movie.douban.com/subject/1308807/"
}, {
    "rank": "41",
    "cover": "https://img1.doubanio.com/view/photo/s_ratio_poster/public/p2553104888.jpg",
    "title": "鬼子来了",
    "actor": "\n                            导演: 姜文 Wen Jiang   主演: 姜文 Wen Jiang / 香川照之 Teruyuki Kagawa /...",
    "score": "9.3",
    "display": "对敌人的仁慈，就是对自己残忍。",
    "url": "https://movie.douban.com/subject/1291858/"
}, {
    "rank": "42",
    "cover": "https://img9.doubanio.com/view/photo/s_ratio_poster/public/p2561305376.jpg",
    "title": "我不是药神",
    "actor": "\n                            导演: 文牧野 Muye Wen   主演: 徐峥 Zheng Xu / 王传君 Chuanjun Wang / 周...",
    "score": "9.0",
    "display": "对我们国家而言，这样的电影多一部是一部。",
    "url": "https://movie.douban.com/subject/26752088/"
}, {
    "rank": "43",
    "cover": "https://img2.doubanio.com/view/photo/s_ratio_poster/public/p2561721372.jpg",
    "title": "大话西游之月光宝盒",
    "actor": "\n                            导演: 刘镇伟 Jeffrey Lau   主演: 周星驰 Stephen Chow / 吴孟达 Man Tat Ng...",
    "score": "9.0",
    "display": "旷古烁今。",
    "url": "https://movie.douban.com/subject/1299398/"
}, {
    "rank": "44",
    "cover": "https://img1.doubanio.com/view/photo/s_ratio_poster/public/p1446261379.jpg",
    "title": "天空之城",
    "actor": "\n                            导演: 宫崎骏 Hayao Miyazaki   主演: 田中真弓 Mayumi Tanaka / 横泽启子 Ke...",
    "score": "9.1",
    "display": "对天空的追逐，永不停止。 ",
    "url": "https://movie.douban.com/subject/1291583/"
}, {
    "rank": "45",
    "cover": "https://img3.doubanio.com/view/photo/s_ratio_poster/public/p2653054340.jpg",
    "title": "天堂电影院",
    "actor": "\n                            导演: 朱塞佩·托纳多雷 Giuseppe Tornatore   主演: 菲利普·努瓦雷 Philipp...",
    "score": "9.2",
    "display": "那些吻戏，那些青春，都在影院的黑暗里被泪水冲刷得无比清晰。",
    "url": "https://movie.douban.com/subject/1291828/"
}, {
    "rank": "46",
    "cover": "https://img1.doubanio.com/view/photo/s_ratio_poster/public/p2550757929.jpg",
    "title": "闻香识女人",
    "actor": "\n                            导演: 马丁·布莱斯 Martin Brest   主演: 阿尔·帕西诺 Al Pacino / 克里斯...",
    "score": "9.1",
    "display": "史上最美的探戈。",
    "url": "https://movie.douban.com/subject/1298624/"
}, {
    "rank": "47",
    "cover": "https://img9.doubanio.com/view/photo/s_ratio_poster/public/p2640236255.jpg",
    "title": "指环王2：双塔奇兵",
    "actor": "\n                            导演: 彼得·杰克逊 Peter Jackson   主演: 伊利亚·伍德 Elijah Wood / 西恩...",
    "score": "9.1",
    "display": "承前启后的史诗篇章。",
    "url": "https://movie.douban.com/subject/1291572/"
}, {
    "rank": "48",
    "cover": "https://img9.doubanio.com/view/photo/s_ratio_poster/public/p2189265085.jpg",
    "title": "罗马假日",
    "actor": "\n                            导演: 威廉·惠勒 William Wyler   主演: 奥黛丽·赫本 Audrey Hepburn / 格...",
    "score": "9.0",
    "display": "爱情哪怕只有一天。",
    "url": "https://movie.douban.com/subject/1293839/"
}, {
    "rank": "49",
    "cover": "https://img2.doubanio.com/view/photo/s_ratio_poster/public/p453924541.jpg",
    "title": "猫鼠游戏",
    "actor": "\n                            导演: 史蒂文·斯皮尔伯格 Steven Spielberg   主演: 莱昂纳多·迪卡普里奥 L...",
    "score": "9.1",
    "display": "骗子大师和执著警探的你追我跑故事。 ",
    "url": "https://movie.douban.com/subject/1305487/"
}, {
    "rank": "50",
    "cover": "https://img9.doubanio.com/view/photo/s_ratio_poster/public/p2158166535.jpg",
    "title": "辩护人",
    "actor": "\n                            导演: 杨宇硕 Woo-seok Yang   主演: 宋康昊 Kang-ho Song / 金英爱 Yeong-ae...",
    "score": "9.2",
    "display": "电影的现实意义大过电影本身。",
    "url": "https://movie.douban.com/subject/21937445/"
}]