[
  {
    "rank": "76",
    "cover": "https://img1.doubanio.com/view/photo/s_ratio_poster/public/p2559579779.jpg",
    "title": "海豚湾",
    "actor": "\n                            导演: 路易·西霍尤斯 Louie Psihoyos   主演: Richard O'Barry / 路易·西霍...",
    "score": "9.3",
    "display": "海豚的微笑，是世界上最高明的伪装。",
    "url": "https://movie.douban.com/subject/3442220/"
  },
  {
    "rank": "77",
    "cover": "https://img9.doubanio.com/view/photo/s_ratio_poster/public/p480383375.jpg",
    "title": "致命魔术",
    "actor": "\n                            导演: 克里斯托弗·诺兰 Christopher Nolan   主演: 休·杰克曼 Hugh Jackman...",
    "score": "8.9",
    "display": "孪生蝙蝠侠大战克隆金刚狼。",
    "url": "https://movie.douban.com/subject/1780330/"
  },
  {
    "rank": "78",
    "cover": "https://img1.doubanio.com/view/photo/s_ratio_poster/public/p477229647.jpg",
    "title": "美国往事",
    "actor": "\n                            导演: 赛尔乔·莱翁内 Sergio Leone   主演: 罗伯特·德尼罗 Robert De Niro ...",
    "score": "9.2",
    "display": "往事如烟，无处祭奠。",
    "url": "https://movie.douban.com/subject/1292262/"
  },
  {
    "rank": "79",
    "cover": "https://img1.doubanio.com/view/photo/s_ratio_poster/public/p1593414327.jpg",
    "title": "沉默的羔羊",
    "actor": "\n                            导演: 乔纳森·戴米 Jonathan Demme   主演: 朱迪·福斯特 Jodie Foster / 安...",
    "score": "8.9",
    "display": "安东尼·霍普金斯的顶级表演。",
    "url": "https://movie.douban.com/subject/1293544/"
  },
  {
    "rank": "80",
    "cover": "https://img1.doubanio.com/view/photo/s_ratio_poster/public/p1832875827.jpg",
    "title": "禁闭岛",
    "actor": "\n                            导演: Martin Scorsese   主演: 莱昂纳多·迪卡普里奥 Leonardo DiCaprio / ...",
    "score": "8.8",
    "display": "昔日翩翩少年，今日大腹便便。",
    "url": "https://movie.douban.com/subject/2334904/"
  },
  {
    "rank": "81",
    "cover": "https://img1.doubanio.com/view/photo/s_ratio_poster/public/p2209066019.jpg",
    "title": "蝴蝶效应",
    "actor": "\n                            导演: 埃里克·布雷斯 Eric Bress / J·麦基·格鲁伯 J. Mackye Gruber   主...",
    "score": "8.8",
    "display": "人的命运被自己瞬间的抉择改变。",
    "url": "https://movie.douban.com/subject/1292343/"
  },
  {
    "rank": "82",
    "cover": "https://img2.doubanio.com/view/photo/s_ratio_poster/public/p1910902213.jpg",
    "title": "低俗小说",
    "actor": "\n                            导演: 昆汀·塔伦蒂诺 Quentin Tarantino   主演: 约翰·特拉沃尔塔 John Tra...",
    "score": "8.9",
    "display": "故事的高级讲法。",
    "url": "https://movie.douban.com/subject/1291832/"
  },
  {
    "rank": "83",
    "cover": "https://img9.doubanio.com/view/photo/s_ratio_poster/public/p480965695.jpg",
    "title": "心灵捕手",
    "actor": "\n                            导演: 格斯·范·桑特 Gus Van Sant   主演: 马特·达蒙 Matt Damon / 罗宾·...",
    "score": "8.9",
    "display": "人生中应该拥有这样的一段豁然开朗。",
    "url": "https://movie.douban.com/subject/1292656/"
  },
  {
    "rank": "84",
    "cover": "https://img2.doubanio.com/view/photo/s_ratio_poster/public/p2178872593.jpg",
    "title": "布达佩斯大饭店",
    "actor": "\n                            导演: 韦斯·安德森 Wes Anderson   主演: 拉尔夫·费因斯 Ralph Fiennes / ...",
    "score": "8.9",
    "display": "小清新的故事里注入了大历史的情怀。",
    "url": "https://movie.douban.com/subject/11525673/"
  },
  {
    "rank": "85",
    "cover": "https://img2.doubanio.com/view/photo/s_ratio_poster/public/p917846733.jpg",
    "title": "哈利·波特与死亡圣器(下)",
    "actor": "\n                            导演: 大卫·叶茨 David Yates   主演: 丹尼尔·雷德克里夫 Daniel Radcliffe...",
    "score": "8.9",
    "display": "10年的完美句点。",
    "url": "https://movie.douban.com/subject/3011235/"
  },
  {
    "rank": "86",
    "cover": "https://img2.doubanio.com/view/photo/s_ratio_poster/public/p465939041.jpg",
    "title": "春光乍泄",
    "actor": "\n                            导演: 王家卫 Kar Wai Wong   主演: 张国荣 Leslie Cheung / 梁朝伟 Tony Leu...",
    "score": "9.0",
    "display": "爱情纠缠，男女一致。",
    "url": "https://movie.douban.com/subject/1292679/"
  },
  {
    "rank": "87",
    "cover": "https://img9.doubanio.com/view/photo/s_ratio_poster/public/p2219586434.jpg",
    "title": "七宗罪",
    "actor": "\n                            导演: 大卫·芬奇 David Fincher   主演: 摩根·弗里曼 Morgan Freeman / 布...",
    "score": "8.8",
    "display": "警察抓小偷，老鼠玩死猫。",
    "url": "https://movie.douban.com/subject/1292223/"
  },
  {
    "rank": "88",
    "cover": "https://img1.doubanio.com/view/photo/s_ratio_poster/public/p2263408369.jpg",
    "title": "摩登时代",
    "actor": "\n                            导演: 查理·卓别林 Charles Chaplin   主演: 查理·卓别林 Charles Chaplin ...",
    "score": "9.3",
    "display": "大时代中的人生，小人物的悲喜。",
    "url": "https://movie.douban.com/subject/1294371/"
  },
  {
    "rank": "89",
    "cover": "https://img1.doubanio.com/view/photo/s_ratio_poster/public/p2579932167.jpg",
    "title": "喜剧之王",
    "actor": "\n                            导演: 周星驰 Stephen Chow / 李力持 Lik-Chi Lee   主演: 周星驰 Stephen Ch...",
    "score": "8.8",
    "display": "我是一个演员。",
    "url": "https://movie.douban.com/subject/1302425/"
  },
  {
    "rank": "90",
    "cover": "https://img9.doubanio.com/view/photo/s_ratio_poster/public/p884763596.jpg",
    "title": "被嫌弃的松子的一生",
    "actor": "\n                            导演: 中岛哲也 Tetsuya Nakashima   主演: 中谷美纪 Miki Nakatani / 瑛太 E...",
    "score": "8.9",
    "display": "以戏谑来戏谑戏谑。",
    "url": "https://movie.douban.com/subject/1787291/"
  },
  {
    "rank": "91",
    "cover": "https://img9.doubanio.com/view/photo/s_ratio_poster/public/p2558364386.jpg",
    "title": "致命ID",
    "actor": "\n                            导演: 詹姆斯·曼高德 James Mangold   主演: 约翰·库萨克 John Cusack / 雷...",
    "score": "8.8",
    "display": "最不可能的那个人永远是最可能的。",
    "url": "https://movie.douban.com/subject/1297192/"
  },
  {
    "rank": "92",
    "cover": "https://img3.doubanio.com/view/photo/s_ratio_poster/public/p1633113220.jpg",
    "title": "杀人回忆",
    "actor": "\n                            导演: 奉俊昊 Joon-ho Bong   主演: 宋康昊 Kang-ho Song / 金相庆 Sang-kyun...",
    "score": "8.9",
    "display": "关于连环杀人悬案的集体回忆。",
    "url": "https://movie.douban.com/subject/1300299/"
  },
  {
    "rank": "93",
    "cover": "https://img9.doubanio.com/view/photo/s_ratio_poster/public/p1596085504.jpg",
    "title": "加勒比海盗",
    "actor": "\n                            导演: 戈尔·维宾斯基 Gore Verbinski   主演: 约翰尼·德普 Johnny Depp / ...",
    "score": "8.8",
    "display": "约翰尼·德普的独角戏。",
    "url": "https://movie.douban.com/subject/1298070/"
  },
  {
    "rank": "94",
    "cover": "https://img1.doubanio.com/view/photo/s_ratio_poster/public/p480956937.jpg",
    "title": "剪刀手爱德华",
    "actor": "\n                            导演: 蒂姆·波顿 Tim Burton   主演: 约翰尼·德普 Johnny Depp / 薇诺娜·...",
    "score": "8.7",
    "display": "浪漫忧郁的成人童话。",
    "url": "https://movie.douban.com/subject/1292370/"
  },
  {
    "rank": "95",
    "cover": "https://img1.doubanio.com/view/photo/s_ratio_poster/public/p2004174709.jpg",
    "title": "勇敢的心",
    "actor": "\n                            导演: 梅尔·吉布森 Mel Gibson   主演: 梅尔·吉布森 Mel Gibson / 苏菲·玛...",
    "score": "8.9",
    "display": "史诗大片的典范。",
    "url": "https://movie.douban.com/subject/1294639/"
  },
  {
    "rank": "96",
    "cover": "https://img1.doubanio.com/view/photo/s_ratio_poster/public/p1546987967.jpg",
    "title": "狩猎",
    "actor": "\n                            导演: 托马斯·温特伯格 Thomas Vinterberg   主演: 麦斯·米科尔森 Mads Mik...",
    "score": "9.1",
    "display": "人言可畏。",
    "url": "https://movie.douban.com/subject/6985810/"
  },
  {
    "rank": "97",
    "cover": "https://img3.doubanio.com/view/photo/s_ratio_poster/public/p2505525050.jpg",
    "title": "请以你的名字呼唤我",
    "actor": "\n                            导演: 卢卡·瓜达尼诺 Luca Guadagnino   主演: 艾米·汉莫 Armie Hammer / ...",
    "score": "8.9",
    "display": "沉醉在电影的情感和视听氛围中无法自拔。",
    "url": "https://movie.douban.com/subject/26799731/"
  },
  {
    "rank": "98",
    "cover": "https://img3.doubanio.com/view/photo/s_ratio_poster/public/p456825720.jpg",
    "title": "红辣椒",
    "actor": "\n                            导演: 今敏 Satoshi Kon   主演: 林原惠美 Megumi Hayashibara / 江守彻 Toru...",
    "score": "9.0",
    "display": "梦的勾结。",
    "url": "https://movie.douban.com/subject/1865703/"
  },
  {
    "rank": "99",
    "cover": "https://img9.doubanio.com/view/photo/s_ratio_poster/public/p1816276065.jpg",
    "title": "7号房的礼物",
    "actor": "\n                            导演: 李焕庆 Hwan-kyeong Lee   主演: 柳承龙 Seung-yong Ryoo / 朴信惠 Shi...",
    "score": "8.9",
    "display": "《我是山姆》的《美丽人生》。",
    "url": "https://movie.douban.com/subject/10777687/"
  },
  {
    "rank": "100",
    "cover": "https://img1.doubanio.com/view/photo/s_ratio_poster/public/p2604889017.jpg",
    "title": "断背山",
    "actor": "\n                            导演: 李安 Ang Lee   主演: 希斯·莱杰 Heath Ledger / 杰克·吉伦哈尔 Jake...",
    "score": "8.8",
    "display": "每个人心中都有一座断背山。",
    "url": "https://movie.douban.com/subject/1418834/"
  }
]
