[{
    "rank": "51",
    "cover": "https://img3.doubanio.com/view/photo/s_ratio_poster/public/p2640234840.jpg",
    "title": "指环王1：护戒使者",
    "actor": "\n                            导演: 彼得·杰克逊 Peter Jackson   主演: 伊利亚·伍德 Elijah Wood / 西恩...",
    "score": "9.1",
    "display": "传说的开始。",
    "url": "https://movie.douban.com/subject/1291571/"
}, {
    "rank": "52",
    "cover": "https://img1.doubanio.com/view/photo/s_ratio_poster/public/p2184505167.jpg",
    "title": "大闹天宫",
    "actor": "\n                            导演: 万籁鸣 Laiming Wan   主演: 邱岳峰 Yuefeng Qiu / 富润生 Runsheng Fu...",
    "score": "9.4",
    "display": "经典之作，历久弥新。",
    "url": "https://movie.douban.com/subject/1418019/"
}, {
    "rank": "53",
    "cover": "https://img2.doubanio.com/view/photo/s_ratio_poster/public/p792376093.jpg",
    "title": "钢琴家",
    "actor": "\n                            导演: 罗曼·波兰斯基 Roman Polanski   主演: 艾德里安·布洛迪 Adrien Brod...",
    "score": "9.2",
    "display": "音乐能化解仇恨。",
    "url": "https://movie.douban.com/subject/1296736/"
}, {
    "rank": "54",
    "cover": "https://img1.doubanio.com/view/photo/s_ratio_poster/public/p2277799019.jpg",
    "title": "狮子王",
    "actor": "\n                            导演: Roger Allers / 罗伯·明可夫 Rob Minkoff   主演: 乔纳森·泰勒·托马...",
    "score": "9.1",
    "display": "动物版《哈姆雷特》。",
    "url": "https://movie.douban.com/subject/1301753/"
}, {
    "rank": "55",
    "cover": "https://img1.doubanio.com/view/photo/s_ratio_poster/public/p2194138787.jpg",
    "title": "教父2",
    "actor": "\n                            导演: 弗朗西斯·福特·科波拉 Francis Ford Coppola   主演: 阿尔·帕西诺 A...",
    "score": "9.2",
    "display": "优雅的孤独。",
    "url": "https://movie.douban.com/subject/1299131/"
}, {
    "rank": "56",
    "cover": "https://img3.doubanio.com/view/photo/s_ratio_poster/public/p2575465690.jpg",
    "title": "死亡诗社",
    "actor": "\n                            导演: 彼得·威尔 Peter Weir   主演: 罗宾·威廉姆斯 Robin Williams / 罗伯...",
    "score": "9.1",
    "display": "当一个死水般的体制内出现一个活跃的变数时，所有的腐臭都站在了光明的对面。",
    "url": "https://movie.douban.com/subject/1291548/"
}, {
    "rank": "57",
    "cover": "https://img1.doubanio.com/view/photo/s_ratio_poster/public/p1512562287.jpg",
    "title": "让子弹飞",
    "actor": "\n                            导演: 姜文 Wen Jiang   主演: 姜文 Wen Jiang / 葛优 You Ge / 周润发 Yun-F...",
    "score": "8.9",
    "display": "你给我翻译翻译，神马叫做TMD的惊喜。",
    "url": "https://movie.douban.com/subject/3742360/"
}, {
    "rank": "58",
    "cover": "https://img1.doubanio.com/view/photo/s_ratio_poster/public/p1910926158.jpg",
    "title": "搏击俱乐部",
    "actor": "\n                            导演: 大卫·芬奇 David Fincher   主演: 爱德华·诺顿 Edward Norton / 布拉...",
    "score": "9.0",
    "display": "邪恶与平庸蛰伏于同一个母体，在特定的时间互相对峙。",
    "url": "https://movie.douban.com/subject/1292000/"
}, {
    "rank": "59",
    "cover": "https://img1.doubanio.com/view/photo/s_ratio_poster/public/p451926968.jpg",
    "title": "黑客帝国",
    "actor": "\n                            导演: 安迪·沃卓斯基 Andy Wachowski / 拉娜·沃卓斯基 Lana Wachowski   主...",
    "score": "9.1",
    "display": "视觉革命。",
    "url": "https://movie.douban.com/subject/1291843/"
}, {
    "rank": "60",
    "cover": "https://img2.doubanio.com/view/photo/s_ratio_poster/public/p2549177902.jpg",
    "title": "绿皮书",
    "actor": "\n                            导演: 彼得·法雷里 Peter Farrelly   主演: 维果·莫腾森 Viggo Mortensen /...",
    "score": "8.9",
    "display": "去除成见，需要勇气。",
    "url": "https://movie.douban.com/subject/27060077/"
}, {
    "rank": "61",
    "cover": "https://img9.doubanio.com/view/photo/s_ratio_poster/public/p2554525534.jpg",
    "title": "海蒂和爷爷",
    "actor": "\n                            导演: 阿兰·葛斯彭纳 Alain Gsponer   主演: 阿努克·斯特芬 Anuk Steffen /...",
    "score": "9.2",
    "display": "如果生活中有什么使你感到快乐，那就去做吧！不要管别人说什么。",
    "url": "https://movie.douban.com/subject/25958717/"
}, {
    "rank": "62",
    "cover": "https://img2.doubanio.com/view/photo/s_ratio_poster/public/p1910899751.jpg",
    "title": "饮食男女",
    "actor": "\n                            导演: 李安 Ang Lee   主演: 郎雄 Sihung Lung / 杨贵媚 Kuei-Mei Yang / 吴...",
    "score": "9.1",
    "display": "人生不能像做菜，把所有的料都准备好了才下锅。",
    "url": "https://movie.douban.com/subject/1291818/"
}, {
    "rank": "63",
    "cover": "https://img3.doubanio.com/view/photo/s_ratio_poster/public/p1665997400.jpg",
    "title": "美丽心灵",
    "actor": "\n                            导演: 朗·霍华德 Ron Howard   主演: 罗素·克劳 Russell Crowe / 艾德·哈...",
    "score": "9.0",
    "display": "爱是一切逻辑和原由。",
    "url": "https://movie.douban.com/subject/1306029/"
}, {
    "rank": "64",
    "cover": "https://img1.doubanio.com/view/photo/s_ratio_poster/public/p1808872109.jpg",
    "title": "窃听风暴",
    "actor": "\n                            导演: 弗洛里安·亨克尔·冯·多纳斯马尔克 Florian Henckel von Donnersmarck  &n...",
    "score": "9.2",
    "display": "别样人生。",
    "url": "https://movie.douban.com/subject/1900841/"
}, {
    "rank": "65",
    "cover": "https://img2.doubanio.com/view/photo/s_ratio_poster/public/p2192535722.jpg",
    "title": "本杰明·巴顿奇事",
    "actor": "\n                            导演: 大卫·芬奇 David Fincher   主演: 凯特·布兰切特 Cate Blanchett / ...",
    "score": "8.9",
    "display": "在时间之河里感受溺水之苦。",
    "url": "https://movie.douban.com/subject/1485260/"
}, {
    "rank": "66",
    "cover": "https://img1.doubanio.com/view/photo/s_ratio_poster/public/p792443418.jpg",
    "title": "两杆大烟枪",
    "actor": "\n                            导演: Guy Ritchie   主演: Jason Flemyng / Dexter Fletcher / Nick Moran",
    "score": "9.1",
    "display": "4个臭皮匠顶个诸葛亮，盖·里奇果然不是盖的。",
    "url": "https://movie.douban.com/subject/1293350/"
}, {
    "rank": "67",
    "cover": "https://img3.doubanio.com/view/photo/s_ratio_poster/public/p2648230660.jpg",
    "title": "情书",
    "actor": "\n                            导演: 岩井俊二 Shunji Iwai   主演: 中山美穗 Miho Nakayama / 丰川悦司 Ets...",
    "score": "8.9",
    "display": "暗恋的极致。",
    "url": "https://movie.douban.com/subject/1292220/"
}, {
    "rank": "68",
    "cover": "https://img9.doubanio.com/view/photo/s_ratio_poster/public/p2498971355.jpg",
    "title": "看不见的客人",
    "actor": "\n                            导演: 奥里奥尔·保罗 Oriol Paulo   主演: 马里奥·卡萨斯 Mario Casas / 阿...",
    "score": "8.8",
    "display": "你以为你以为的就是你以为的。",
    "url": "https://movie.douban.com/subject/26580232/"
}, {
    "rank": "69",
    "cover": "https://img2.doubanio.com/view/photo/s_ratio_poster/public/p1473670352.jpg",
    "title": "穿条纹睡衣的男孩",
    "actor": "\n                            导演: 马克·赫尔曼 Mark Herman   主演: 阿萨·巴特菲尔德 Asa Butterfield ...",
    "score": "9.1",
    "display": "尽管有些不切实际的幻想，这部电影依旧是一部感人肺腑的佳作。",
    "url": "https://movie.douban.com/subject/3008247/"
}, {
    "rank": "70",
    "cover": "https://img1.doubanio.com/view/photo/s_ratio_poster/public/p792238287.jpg",
    "title": "飞越疯人院",
    "actor": "\n                            导演: 米洛斯·福尔曼 Miloš Forman   主演: 杰克·尼科尔森 Jack Nichols...",
    "score": "9.1",
    "display": "自由万岁。",
    "url": "https://movie.douban.com/subject/1292224/"
}, {
    "rank": "71",
    "cover": "https://img1.doubanio.com/view/photo/s_ratio_poster/public/p2441988159.jpg",
    "title": "西西里的美丽传说",
    "actor": "\n                            导演: 朱塞佩·托纳多雷 Giuseppe Tornatore   主演: 莫妮卡·贝鲁奇 Monica ...",
    "score": "8.9",
    "display": "美丽无罪。",
    "url": "https://movie.douban.com/subject/1292402/"
}, {
    "rank": "72",
    "cover": "https://img9.doubanio.com/view/photo/s_ratio_poster/public/p1014542496.jpg",
    "title": "拯救大兵瑞恩",
    "actor": "\n                            导演: 史蒂文·斯皮尔伯格 Steven Spielberg   主演: 汤姆·汉克斯 Tom Hanks...",
    "score": "9.0",
    "display": "美利坚精神输出大片No1.",
    "url": "https://movie.douban.com/subject/1292849/"
}, {
    "rank": "73",
    "cover": "https://img9.doubanio.com/view/photo/s_ratio_poster/public/p2165511465.jpg",
    "title": "小鞋子",
    "actor": "\n                            导演: 马基德·马基迪 Majid Majidi   主演: 默罕默德·阿米尔·纳吉 Mohamma...",
    "score": "9.2",
    "display": "奔跑的孩子是天使。",
    "url": "https://movie.douban.com/subject/1303021/"
}, {
    "rank": "74",
    "cover": "https://img1.doubanio.com/view/photo/s_ratio_poster/public/p453788577.jpg",
    "title": "音乐之声",
    "actor": "\n                            导演: 罗伯特·怀斯 Robert Wise   主演: 朱莉·安德鲁斯 Julie Andrews / 克...",
    "score": "9.1",
    "display": "用音乐化解仇恨，让歌声串起美好。",
    "url": "https://movie.douban.com/subject/1294408/"
}, {
    "rank": "75",
    "cover": "https://img2.doubanio.com/view/photo/s_ratio_poster/public/p2634997853.jpg",
    "title": "阿凡达",
    "actor": "\n                            导演: 詹姆斯·卡梅隆 James Cameron   主演: 萨姆·沃辛顿 Sam Worthington ...",
    "score": "8.8",
    "display": "绝对意义上的美轮美奂。",
    "url": "https://movie.douban.com/subject/1652587/"
}]
