[
  {
    "title": "沙丘 Dune",
    "cover": "https://img9.doubanio.com/view/photo/s_ratio_poster/public/p2687443734.jpg",
    "rate": "7.9",
    "url": "https://movie.douban.com/subject/3001114/?from=showing"
  },
  {
    "title": "入殓师 おくりびと",
    "cover": "https://img9.doubanio.com/view/photo/s_ratio_poster/public/p2707581855.jpg",
    "rate": "8.9",
    "url": "https://movie.douban.com/subject/2149806/?from=showing"
  },
  {
    "title": "第一炉香",
    "cover": "https://img3.doubanio.com/view/photo/s_ratio_poster/public/p2700127550.jpg",
    "rate": "5.5",
    "url": "https://movie.douban.com/subject/27102476/?from=showing"
  },
  {
    "title": "007：无暇赴死 No Time to Die",
    "cover": "https://img9.doubanio.com/view/photo/s_ratio_poster/public/p2707553644.jpg",
    "rate": "7.0",
    "url": "https://movie.douban.com/subject/20276229/?from=showing"
  },
  {
    "title": "不速来客",
    "cover": "https://img9.doubanio.com/view/photo/s_ratio_poster/public/p2687924214.jpg",
    "rate": "7.0",
    "url": "https://movie.douban.com/subject/34927916/?from=showing"
  },
  {
    "title": "长津湖",
    "cover": "https://img9.doubanio.com/view/photo/s_ratio_poster/public/p2681329386.jpg",
    "rate": "7.4",
    "url": "https://movie.douban.com/subject/25845392/?from=showing"
  },
  {
    "title": "五个扑水的少年",
    "cover": "https://img1.doubanio.com/view/photo/s_ratio_poster/public/p2682685788.jpg",
    "rate": "7.5",
    "url": "https://movie.douban.com/subject/35030151/?from=showing"
  },
  {
    "title": "兰心大剧院",
    "cover": "https://img1.doubanio.com/view/photo/s_ratio_poster/public/p2681336608.jpg",
    "rate": "7.3",
    "url": "https://movie.douban.com/subject/26954859/?from=showing"
  },
  {
    "title": "我和我的父辈",
    "cover": "https://img2.doubanio.com/view/photo/s_ratio_poster/public/p2683055011.jpg",
    "rate": "6.9",
    "url": "https://movie.douban.com/subject/35294995/?from=showing"
  },
  {
    "title": "图兰朵：魔咒缘起",
    "cover": "https://img1.doubanio.com/view/photo/s_ratio_poster/public/p2697608977.jpg",
    "rate": "3.4",
    "url": "https://movie.douban.com/subject/26662331/?from=showing"
  },
  {
    "title": "乌海",
    "cover": "https://img1.doubanio.com/view/photo/s_ratio_poster/public/p2686958768.jpg",
    "rate": 0,
    "url": "https://movie.douban.com/subject/34852976/?from=showing"
  },
  {
    "title": "永不消逝的电波",
    "cover": "https://img1.doubanio.com/view/photo/s_ratio_poster/public/p2693881679.jpg",
    "rate": "8.0",
    "url": "https://movie.douban.com/subject/1431694/?from=showing"
  },
  {
    "title": "越界",
    "cover": "https://img9.doubanio.com/view/photo/s_ratio_poster/public/p2704603496.jpg",
    "rate": 0,
    "url": "https://movie.douban.com/subject/35597628/?from=showing"
  },
  {
    "title": "峰爆",
    "cover": "https://img2.doubanio.com/view/photo/s_ratio_poster/public/p2680735532.jpg",
    "rate": "6.3",
    "url": "https://movie.douban.com/subject/35231370/?from=showing"
  },
  {
    "title": "关于我妈的一切",
    "cover": "https://img3.doubanio.com/view/photo/s_ratio_poster/public/p2684251260.jpg",
    "rate": "6.8",
    "url": "https://movie.douban.com/subject/35196097/?from=showing"
  },
  {
    "title": "皮皮鲁与鲁西西之罐头小人",
    "cover": "https://img9.doubanio.com/view/photo/s_ratio_poster/public/p2680748636.jpg",
    "rate": "7.1",
    "url": "https://movie.douban.com/subject/33973077/?from=showing"
  },
  {
    "title": "深宅迷案",
    "cover": "https://img1.doubanio.com/view/photo/s_ratio_poster/public/p2682728257.jpg",
    "rate": 0,
    "url": "https://movie.douban.com/subject/35599326/?from=showing"
  },
  {
    "title": "拯救甜甜圈：时空大营救",
    "cover": "https://img1.doubanio.com/view/photo/s_ratio_poster/public/p2687368709.jpg",
    "rate": 0,
    "url": "https://movie.douban.com/subject/35081773/?from=showing"
  },
  {
    "title": "大耳朵图图之霸王龙在行动",
    "cover": "https://img1.doubanio.com/view/photo/s_ratio_poster/public/p2688292139.jpg",
    "rate": 0,
    "url": "https://movie.douban.com/subject/34950173/?from=showing"
  },
  {
    "title": "老鹰抓小鸡",
    "cover": "https://img1.doubanio.com/view/photo/s_ratio_poster/public/p2685731098.jpg",
    "rate": 0,
    "url": "https://movie.douban.com/subject/35529231/?from=showing"
  }
]