[{
    "episodes_info": "",
    "rate": "6.4",
    "cover_x": 864,
    "title": "黑寡妇",
    "url": "https://movie.douban.com/subject/25828589/",
    "playable": false,
    "cover": "https://img1.doubanio.com/view/photo/s_ratio_poster/public/p2665872718.jpg",
    "id": "25828589",
    "cover_y": 1280,
    "is_new": true
}, {
    "episodes_info": "",
    "rate": "6.5",
    "cover_x": 486,
    "title": "明日之战",
    "url": "https://movie.douban.com/subject/30459571/",
    "playable": false,
    "cover": "https://img3.doubanio.com/view/photo/s_ratio_poster/public/p2667504590.jpg",
    "id": "30459571",
    "cover_y": 720,
    "is_new": false
}, {
    "episodes_info": "",
    "rate": "6.3",
    "cover_x": 1382,
    "title": "格罗姆少校：瘟疫医生",
    "url": "https://movie.douban.com/subject/35215069/",
    "playable": false,
    "cover": "https://img2.doubanio.com/view/photo/s_ratio_poster/public/p2634590321.jpg",
    "id": "35215069",
    "cover_y": 1974,
    "is_new": true
}, {
    "episodes_info": "",
    "rate": "6.9",
    "cover_x": 1080,
    "title": "怪奇宅",
    "url": "https://movie.douban.com/subject/35477218/",
    "playable": false,
    "cover": "https://img9.doubanio.com/view/photo/s_ratio_poster/public/p2654205515.jpg",
    "id": "35477218",
    "cover_y": 1539,
    "is_new": true
}, {
    "episodes_info": "",
    "rate": "6.0",
    "cover_x": 1000,
    "title": "那个时候～男子喧闹物语",
    "url": "https://movie.douban.com/subject/34954086/",
    "playable": false,
    "cover": "https://img9.doubanio.com/view/photo/s_ratio_poster/public/p2627312726.jpg",
    "id": "34954086",
    "cover_y": 1416,
    "is_new": true
}, {
    "episodes_info": "",
    "rate": "7.8",
    "cover_x": 5906,
    "title": "狼行者",
    "url": "https://movie.douban.com/subject/26694926/",
    "playable": false,
    "cover": "https://img1.doubanio.com/view/photo/s_ratio_poster/public/p2654733189.jpg",
    "id": "26694926",
    "cover_y": 8268,
    "is_new": false
}, {
    "episodes_info": "",
    "rate": "7.3",
    "cover_x": 1535,
    "title": "智齿",
    "url": "https://movie.douban.com/subject/27124695/",
    "playable": false,
    "cover": "https://img1.doubanio.com/view/photo/s_ratio_poster/public/p2633677609.jpg",
    "id": "27124695",
    "cover_y": 2126,
    "is_new": false
}, {
    "episodes_info": "",
    "rate": "6.1",
    "cover_x": 1080,
    "title": "我要我们在一起",
    "url": "https://movie.douban.com/subject/25881778/",
    "playable": true,
    "cover": "https://img2.doubanio.com/view/photo/s_ratio_poster/public/p2641399262.jpg",
    "id": "25881778",
    "cover_y": 1512,
    "is_new": false
}, {
    "episodes_info": "",
    "rate": "6.4",
    "cover_x": 4320,
    "title": "杀手妻子的保镖",
    "url": "https://movie.douban.com/subject/30216729/",
    "playable": false,
    "cover": "https://img9.doubanio.com/view/photo/s_ratio_poster/public/p2647131304.jpg",
    "id": "30216729",
    "cover_y": 6660,
    "is_new": false
}, {
    "episodes_info": "",
    "rate": "6.6",
    "cover_x": 1293,
    "title": "宝贝老板2",
    "url": "https://movie.douban.com/subject/27056396/",
    "playable": false,
    "cover": "https://img2.doubanio.com/view/photo/s_ratio_poster/public/p2651996671.jpg",
    "id": "27056396",
    "cover_y": 2047,
    "is_new": false
}, {
    "episodes_info": "",
    "rate": "7.3",
    "cover_x": 2025,
    "title": "夏日友晴天",
    "url": "https://movie.douban.com/subject/35161768/",
    "playable": false,
    "cover": "https://img9.doubanio.com/view/photo/s_ratio_poster/public/p2642899925.jpg",
    "id": "35161768",
    "cover_y": 3000,
    "is_new": false
}, {
    "episodes_info": "",
    "rate": "6.5",
    "cover_x": 3957,
    "title": "寂静之地2",
    "url": "https://movie.douban.com/subject/30206311/",
    "playable": false,
    "cover": "https://img1.doubanio.com/view/photo/s_ratio_poster/public/p2651298629.jpg",
    "id": "30206311",
    "cover_y": 5793,
    "is_new": false
}, {
    "episodes_info": "",
    "rate": "7.2",
    "cover_x": 540,
    "title": "比得兔2：逃跑计划",
    "url": "https://movie.douban.com/subject/30213339/",
    "playable": false,
    "cover": "https://img3.doubanio.com/view/photo/s_ratio_poster/public/p2656009080.jpg",
    "id": "30213339",
    "cover_y": 800,
    "is_new": false
}, {
    "episodes_info": "",
    "rate": "7.6",
    "cover_x": 5315,
    "title": "悬崖之上",
    "url": "https://movie.douban.com/subject/32493124/",
    "playable": true,
    "cover": "https://img2.doubanio.com/view/photo/s_ratio_poster/public/p2641614433.jpg",
    "id": "32493124",
    "cover_y": 7440,
    "is_new": false
}, {
    "episodes_info": "",
    "rate": "8.0",
    "cover_x": 851,
    "title": "鬼灭之刃 剧场版 无限列车篇",
    "url": "https://movie.douban.com/subject/34845781/",
    "playable": false,
    "cover": "https://img9.doubanio.com/view/photo/s_ratio_poster/public/p2623798236.jpg",
    "id": "34845781",
    "cover_y": 1200,
    "is_new": false
}, {
    "episodes_info": "",
    "rate": "5.7",
    "cover_x": 1500,
    "title": "恐惧街",
    "url": "https://movie.douban.com/subject/27089580/",
    "playable": false,
    "cover": "https://img1.doubanio.com/view/photo/s_ratio_poster/public/p2665617507.jpg",
    "id": "27089580",
    "cover_y": 2222,
    "is_new": false
}, {
    "episodes_info": "",
    "rate": "7.4",
    "cover_x": 2024,
    "title": "浪客剑心 最终章 人诛篇",
    "url": "https://movie.douban.com/subject/30167974/",
    "playable": false,
    "cover": "https://img2.doubanio.com/view/photo/s_ratio_poster/public/p2627551613.jpg",
    "id": "30167974",
    "cover_y": 2866,
    "is_new": false
}, {
    "episodes_info": "",
    "rate": "8.6",
    "cover_x": 1080,
    "title": "机动战士高达 闪光的哈萨维 剧场版1",
    "url": "https://movie.douban.com/subject/30201133/",
    "playable": true,
    "cover": "https://img2.doubanio.com/view/photo/s_ratio_poster/public/p2591960411.jpg",
    "id": "30201133",
    "cover_y": 1528,
    "is_new": false
}, {
    "episodes_info": "",
    "rate": "5.3",
    "cover_x": 1920,
    "title": "河豚",
    "url": "https://movie.douban.com/subject/35496803/",
    "playable": true,
    "cover": "https://img9.doubanio.com/view/photo/s_ratio_poster/public/p2668712956.jpg",
    "id": "35496803",
    "cover_y": 2851,
    "is_new": true
}, {
    "episodes_info": "",
    "rate": "7.0",
    "cover_x": 6759,
    "title": "黑白魔女库伊拉",
    "url": "https://movie.douban.com/subject/26703121/",
    "playable": false,
    "cover": "https://img9.doubanio.com/view/photo/s_ratio_poster/public/p2653946775.jpg",
    "id": "26703121",
    "cover_y": 10160,
    "is_new": false
}, {
    "episodes_info": "",
    "rate": "6.4",
    "cover_x": 2764,
    "title": "招魂3",
    "url": "https://movie.douban.com/subject/27077479/",
    "playable": false,
    "cover": "https://img2.doubanio.com/view/photo/s_ratio_poster/public/p2641811991.jpg",
    "id": "27077479",
    "cover_y": 4096,
    "is_new": false
}, {
    "episodes_info": "",
    "rate": "5.4",
    "cover_x": 5315,
    "title": "秘密访客",
    "url": "https://movie.douban.com/subject/30378158/",
    "playable": true,
    "cover": "https://img9.doubanio.com/view/photo/s_ratio_poster/public/p2640266496.jpg",
    "id": "30378158",
    "cover_y": 7767,
    "is_new": false
}, {
    "episodes_info": "",
    "rate": "6.4",
    "cover_x": 1500,
    "title": "恐惧街2",
    "url": "https://movie.douban.com/subject/30444938/",
    "playable": false,
    "cover": "https://img9.doubanio.com/view/photo/s_ratio_poster/public/p2668347584.jpg",
    "id": "30444938",
    "cover_y": 2222,
    "is_new": true
}, {
    "episodes_info": "",
    "rate": "7.2",
    "cover_x": 1119,
    "title": "新秩序",
    "url": "https://movie.douban.com/subject/30397916/",
    "playable": false,
    "cover": "https://img3.doubanio.com/view/photo/s_ratio_poster/public/p2621425700.jpg",
    "id": "30397916",
    "cover_y": 1600,
    "is_new": false
}, {
    "episodes_info": "",
    "rate": "7.7",
    "cover_x": 1000,
    "title": "酒精计划",
    "url": "https://movie.douban.com/subject/30323120/",
    "playable": true,
    "cover": "https://img9.doubanio.com/view/photo/s_ratio_poster/public/p2628440526.jpg",
    "id": "30323120",
    "cover_y": 1481,
    "is_new": false
}, {
    "episodes_info": "",
    "rate": "9.2",
    "cover_x": 960,
    "title": "普吉岛的最后黄昏",
    "url": "https://movie.douban.com/subject/35472124/",
    "playable": false,
    "cover": "https://img9.doubanio.com/view/photo/s_ratio_poster/public/p2652268085.jpg",
    "id": "35472124",
    "cover_y": 1200,
    "is_new": false
}, {
    "episodes_info": "",
    "rate": "7.0",
    "cover_x": 5000,
    "title": "我的姐姐",
    "url": "https://movie.douban.com/subject/35158160/",
    "playable": true,
    "cover": "https://img3.doubanio.com/view/photo/s_ratio_poster/public/p2630463690.jpg",
    "id": "35158160",
    "cover_y": 7478,
    "is_new": false
}, {
    "episodes_info": "",
    "rate": "5.2",
    "cover_x": 1067,
    "title": "超越",
    "url": "https://movie.douban.com/subject/34917447/",
    "playable": true,
    "cover": "https://img1.doubanio.com/view/photo/s_ratio_poster/public/p2658143548.jpg",
    "id": "34917447",
    "cover_y": 1600,
    "is_new": false
}, {
    "episodes_info": "",
    "rate": "5.6",
    "cover_x": 1323,
    "title": "至死不渝",
    "url": "https://movie.douban.com/subject/34970326/",
    "playable": false,
    "cover": "https://img2.doubanio.com/view/photo/s_ratio_poster/public/p2666724631.jpg",
    "id": "34970326",
    "cover_y": 1985,
    "is_new": false
}, {
    "episodes_info": "",
    "rate": "7.8",
    "cover_x": 1080,
    "title": "小人物",
    "url": "https://movie.douban.com/subject/34865507/",
    "playable": false,
    "cover": "https://img3.doubanio.com/view/photo/s_ratio_poster/public/p2636551330.jpg",
    "id": "34865507",
    "cover_y": 1350,
    "is_new": false
}, {
    "episodes_info": "",
    "rate": "7.3",
    "cover_x": 5781,
    "title": "哆啦A梦：伴我同行2",
    "url": "https://movie.douban.com/subject/34913671/",
    "playable": false,
    "cover": "https://img2.doubanio.com/view/photo/s_ratio_poster/public/p2641407963.jpg",
    "id": "34913671",
    "cover_y": 8206,
    "is_new": false
}, {
    "episodes_info": "",
    "rate": "5.4",
    "cover_x": 2143,
    "title": "唐人街探案3",
    "url": "https://movie.douban.com/subject/27619748/",
    "playable": true,
    "cover": "https://img2.doubanio.com/view/photo/s_ratio_poster/public/p2622388983.jpg",
    "id": "27619748",
    "cover_y": 3000,
    "is_new": false
}, {
    "episodes_info": "",
    "rate": "6.3",
    "cover_x": 1500,
    "title": "冰路营救",
    "url": "https://movie.douban.com/subject/34802334/",
    "playable": false,
    "cover": "https://img1.doubanio.com/view/photo/s_ratio_poster/public/p2649209327.jpg",
    "id": "34802334",
    "cover_y": 2222,
    "is_new": false
}, {
    "episodes_info": "",
    "rate": "5.9",
    "cover_x": 1745,
    "title": "盖亚",
    "url": "https://movie.douban.com/subject/35363988/",
    "playable": false,
    "cover": "https://img3.doubanio.com/view/photo/s_ratio_poster/public/p2654849860.jpg",
    "id": "35363988",
    "cover_y": 2560,
    "is_new": false
}, {
    "episodes_info": "",
    "rate": "6.4",
    "cover_x": 2764,
    "title": "哥斯拉大战金刚",
    "url": "https://movie.douban.com/subject/26613692/",
    "playable": true,
    "cover": "https://img9.doubanio.com/view/photo/s_ratio_poster/public/p2634253484.jpg",
    "id": "26613692",
    "cover_y": 4096,
    "is_new": false
}, {
    "episodes_info": "",
    "rate": "5.2",
    "cover_x": 1946,
    "title": "电锯惊魂9：漩涡",
    "url": "https://movie.douban.com/subject/33450426/",
    "playable": false,
    "cover": "https://img9.doubanio.com/view/photo/s_ratio_poster/public/p2637809736.jpg",
    "id": "33450426",
    "cover_y": 3000,
    "is_new": false
}, {
    "episodes_info": "",
    "rate": "5.1",
    "cover_x": 4858,
    "title": "追虎擒龙",
    "url": "https://movie.douban.com/subject/32493666/",
    "playable": true,
    "cover": "https://img2.doubanio.com/view/photo/s_ratio_poster/public/p2640758773.jpg",
    "id": "32493666",
    "cover_y": 6802,
    "is_new": false
}, {
    "episodes_info": "",
    "rate": "6.8",
    "cover_x": 2765,
    "title": "人之怒",
    "url": "https://movie.douban.com/subject/27046740/",
    "playable": false,
    "cover": "https://img2.doubanio.com/view/photo/s_ratio_poster/public/p2642842673.jpg",
    "id": "27046740",
    "cover_y": 4096,
    "is_new": false
}, {
    "episodes_info": "",
    "rate": "8.6",
    "cover_x": 560,
    "title": "兹山鱼谱",
    "url": "https://movie.douban.com/subject/30409439/",
    "playable": false,
    "cover": "https://img2.doubanio.com/view/photo/s_ratio_poster/public/p2634952893.webp",
    "id": "30409439",
    "cover_y": 802,
    "is_new": false
}, {
    "episodes_info": "",
    "rate": "7.9",
    "cover_x": 3000,
    "title": "你好，李焕英",
    "url": "https://movie.douban.com/subject/34841067/",
    "playable": true,
    "cover": "https://img1.doubanio.com/view/photo/s_ratio_poster/public/p2629056068.jpg",
    "id": "34841067",
    "cover_y": 4292,
    "is_new": false
}, {
    "episodes_info": "",
    "rate": "8.2",
    "cover_x": 2700,
    "title": "无依之地",
    "url": "https://movie.douban.com/subject/30458949/",
    "playable": false,
    "cover": "https://img1.doubanio.com/view/photo/s_ratio_poster/public/p2630453887.jpg",
    "id": "30458949",
    "cover_y": 4000,
    "is_new": false
}, {
    "episodes_info": "",
    "rate": "7.3",
    "cover_x": 2000,
    "title": "第十一回",
    "url": "https://movie.douban.com/subject/30279836/",
    "playable": true,
    "cover": "https://img9.doubanio.com/view/photo/s_ratio_poster/public/p2637603645.jpg",
    "id": "30279836",
    "cover_y": 2800,
    "is_new": false
}, {
    "episodes_info": "",
    "rate": "7.8",
    "cover_x": 1841,
    "title": "有答案的男子",
    "url": "https://movie.douban.com/subject/35287558/",
    "playable": false,
    "cover": "https://img9.doubanio.com/view/photo/s_ratio_poster/public/p2642244414.jpg",
    "id": "35287558",
    "cover_y": 2560,
    "is_new": false
}, {
    "episodes_info": "",
    "rate": "6.2",
    "cover_x": 2025,
    "title": "切勿擅动",
    "url": "https://movie.douban.com/subject/34894797/",
    "playable": false,
    "cover": "https://img2.doubanio.com/view/photo/s_ratio_poster/public/p2656337591.jpg",
    "id": "34894797",
    "cover_y": 3000,
    "is_new": false
}, {
    "episodes_info": "",
    "rate": "6.2",
    "cover_x": 2764,
    "title": "神奇女侠1984",
    "url": "https://movie.douban.com/subject/27073752/",
    "playable": true,
    "cover": "https://img1.doubanio.com/view/photo/s_ratio_poster/public/p2626959989.jpg",
    "id": "27073752",
    "cover_y": 4096,
    "is_new": false
}, {
    "episodes_info": "",
    "rate": "8.8",
    "cover_x": 6611,
    "title": "心灵奇旅",
    "url": "https://movie.douban.com/subject/24733428/",
    "playable": true,
    "cover": "https://img9.doubanio.com/view/photo/s_ratio_poster/public/p2626308994.jpg",
    "id": "24733428",
    "cover_y": 9435,
    "is_new": false
}, {
    "episodes_info": "",
    "rate": "7.7",
    "cover_x": 2805,
    "title": "一秒钟",
    "url": "https://movie.douban.com/subject/30257787/",
    "playable": true,
    "cover": "https://img1.doubanio.com/view/photo/s_ratio_poster/public/p2628373757.jpg",
    "id": "30257787",
    "cover_y": 4134,
    "is_new": false
}, {
    "episodes_info": "",
    "rate": "6.4",
    "cover_x": 562,
    "title": "切尔诺贝利",
    "url": "https://movie.douban.com/subject/34966152/",
    "playable": false,
    "cover": "https://img9.doubanio.com/view/photo/s_ratio_poster/public/p2640665946.jpg",
    "id": "34966152",
    "cover_y": 800,
    "is_new": false
}, {
    "episodes_info": "",
    "rate": "8.2",
    "cover_x": 2025,
    "title": "扎克·施奈德版正义联盟",
    "url": "https://movie.douban.com/subject/35076714/",
    "playable": true,
    "cover": "https://img9.doubanio.com/view/photo/s_ratio_poster/public/p2634360594.jpg",
    "id": "35076714",
    "cover_y": 3000,
    "is_new": false
}, {
    "episodes_info": "",
    "rate": "7.7",
    "cover_x": 2160,
    "title": "信条",
    "url": "https://movie.douban.com/subject/30444960/",
    "playable": true,
    "cover": "https://img9.doubanio.com/view/photo/s_ratio_poster/public/p2618403186.jpg",
    "id": "30444960",
    "cover_y": 3201,
    "is_new": false
}]
