    [{
        "episodes_info": "更新至17集",
        "rate": "",
        "cover_x": 2000,
        "title": "你好，火焰蓝",
        "url": "https://movie.douban.com/subject/35231076/",
        "playable": true,
        "cover": "https://img2.doubanio.com/view/photo/s_ratio_poster/public/p2668701351.jpg",
        "id": "35231076",
        "cover_y": 2800,
        "is_new": false
    }, {
        "episodes_info": "31集全",
        "rate": "2.9",
        "cover_x": 1080,
        "title": "你微笑时很美",
        "url": "https://movie.douban.com/subject/30148173/",
        "playable": true,
        "cover": "https://img1.doubanio.com/view/photo/s_ratio_poster/public/p2616363269.jpg",
        "id": "30148173",
        "cover_y": 1920,
        "is_new": false
    }, {
        "episodes_info": "",
        "rate": "7.5",
        "cover_x": 1600,
        "title": "侦探已死",
        "url": "https://movie.douban.com/subject/35335719/",
        "playable": false,
        "cover": "https://img2.doubanio.com/view/photo/s_ratio_poster/public/p2631090282.jpg",
        "id": "35335719",
        "cover_y": 2271,
        "is_new": true
    }, {
        "episodes_info": "",
        "rate": "8.4",
        "cover_x": 707,
        "title": "LoveLive! SuperStar!!",
        "url": "https://movie.douban.com/subject/35073328/",
        "playable": false,
        "cover": "https://img1.doubanio.com/view/photo/s_ratio_poster/public/p2638503798.jpg",
        "id": "35073328",
        "cover_y": 1000,
        "is_new": true
    }, {
        "episodes_info": "",
        "rate": "7.2",
        "cover_x": 1080,
        "title": "美国恐怖故事集",
        "url": "https://movie.douban.com/subject/35063924/",
        "playable": false,
        "cover": "https://img9.doubanio.com/view/photo/s_ratio_poster/public/p2661723666.jpg",
        "id": "35063924",
        "cover_y": 1350,
        "is_new": true
    }, {
        "episodes_info": "",
        "rate": "8.6",
        "cover_x": 5906,
        "title": "山河令",
        "url": "https://movie.douban.com/subject/34923491/",
        "playable": true,
        "cover": "https://img2.doubanio.com/view/photo/s_ratio_poster/public/p2633696791.jpg",
        "id": "34923491",
        "cover_y": 10498,
        "is_new": false
    }, {
        "episodes_info": "更新至38集",
        "rate": "4.0",
        "cover_x": 1078,
        "title": "不说再见",
        "url": "https://movie.douban.com/subject/30284901/",
        "playable": true,
        "cover": "https://img1.doubanio.com/view/photo/s_ratio_poster/public/p2542861359.jpg",
        "id": "30284901",
        "cover_y": 1932,
        "is_new": false
    }, {
        "episodes_info": "",
        "rate": "9.3",
        "cover_x": 1000,
        "title": "觉醒年代",
        "url": "https://movie.douban.com/subject/30228394/",
        "playable": true,
        "cover": "https://img9.doubanio.com/view/photo/s_ratio_poster/public/p2631873666.jpg",
        "id": "30228394",
        "cover_y": 1333,
        "is_new": false
    }, {
        "episodes_info": "更新至12集",
        "rate": "",
        "cover_x": 1080,
        "title": "北辙南辕",
        "url": "https://movie.douban.com/subject/35135955/",
        "playable": true,
        "cover": "https://img2.doubanio.com/view/photo/s_ratio_poster/public/p2670154181.jpg",
        "id": "35135955",
        "cover_y": 1620,
        "is_new": true
    }, {
        "episodes_info": "更新至12集",
        "rate": "",
        "cover_x": 1080,
        "title": "陌生的恋人",
        "url": "https://movie.douban.com/subject/35033542/",
        "playable": true,
        "cover": "https://img9.doubanio.com/view/photo/s_ratio_poster/public/p2668940144.jpg",
        "id": "35033542",
        "cover_y": 1920,
        "is_new": true
    }, {
        "episodes_info": "更新至46集",
        "rate": "5.2",
        "cover_x": 5494,
        "title": "千古玦尘",
        "url": "https://movie.douban.com/subject/26811532/",
        "playable": true,
        "cover": "https://img2.doubanio.com/view/photo/s_ratio_poster/public/p2603568403.jpg",
        "id": "26811532",
        "cover_y": 8000,
        "is_new": false
    }, {
        "episodes_info": "",
        "rate": "8.9",
        "cover_x": 2025,
        "title": "洛基 第一季",
        "url": "https://movie.douban.com/subject/30331432/",
        "playable": false,
        "cover": "https://img1.doubanio.com/view/photo/s_ratio_poster/public/p2646859929.jpg",
        "id": "30331432",
        "cover_y": 3000,
        "is_new": false
    }, {
        "episodes_info": "",
        "rate": "9.6",
        "cover_x": 960,
        "title": "机智医生生活 第二季",
        "url": "https://movie.douban.com/subject/35049544/",
        "playable": false,
        "cover": "https://img2.doubanio.com/view/photo/s_ratio_poster/public/p2644812791.jpg",
        "id": "35049544",
        "cover_y": 1360,
        "is_new": false
    }, {
        "episodes_info": "25集全",
        "rate": "7.9",
        "cover_x": 1500,
        "title": "刑侦日记",
        "url": "https://movie.douban.com/subject/35073682/",
        "playable": true,
        "cover": "https://img2.doubanio.com/view/photo/s_ratio_poster/public/p2659046052.jpg",
        "id": "35073682",
        "cover_y": 2667,
        "is_new": false
    }, {
        "episodes_info": "26集全",
        "rate": "7.7",
        "cover_x": 4134,
        "title": "变成你的那一天",
        "url": "https://movie.douban.com/subject/35231321/",
        "playable": true,
        "cover": "https://img2.doubanio.com/view/photo/s_ratio_poster/public/p2655718442.jpg",
        "id": "35231321",
        "cover_y": 6496,
        "is_new": false
    }, {
        "episodes_info": "更新至12集",
        "rate": "",
        "cover_x": 1125,
        "title": "盗墓笔记之云顶天宫",
        "url": "https://movie.douban.com/subject/26617075/",
        "playable": true,
        "cover": "https://img1.doubanio.com/view/photo/s_ratio_poster/public/p2668938219.jpg",
        "id": "26617075",
        "cover_y": 2000,
        "is_new": true
    }, {
        "episodes_info": "",
        "rate": "8.8",
        "cover_x": 720,
        "title": "女子警察的逆袭",
        "url": "https://movie.douban.com/subject/35447242/",
        "playable": false,
        "cover": "https://img9.doubanio.com/view/photo/s_ratio_poster/public/p2666533784.jpg",
        "id": "35447242",
        "cover_y": 960,
        "is_new": false
    }, {
        "episodes_info": "",
        "rate": "8.3",
        "cover_x": 1827,
        "title": "致命女人 第二季",
        "url": "https://movie.douban.com/subject/34859070/",
        "playable": false,
        "cover": "https://img2.doubanio.com/view/photo/s_ratio_poster/public/p2654626463.jpg",
        "id": "34859070",
        "cover_y": 2704,
        "is_new": false
    }, {
        "episodes_info": "11集全",
        "rate": "8.3",
        "cover_x": 1355,
        "title": "时光代理人",
        "url": "https://movie.douban.com/subject/35263440/",
        "playable": true,
        "cover": "https://img9.doubanio.com/view/photo/s_ratio_poster/public/p2669131265.jpg",
        "id": "35263440",
        "cover_y": 1920,
        "is_new": false
    }, {
        "episodes_info": "",
        "rate": "9.7",
        "cover_x": 810,
        "title": "瑞克和莫蒂 第五季",
        "url": "https://movie.douban.com/subject/34908206/",
        "playable": false,
        "cover": "https://img3.doubanio.com/view/photo/s_ratio_poster/public/p2660594300.jpg",
        "id": "34908206",
        "cover_y": 1080,
        "is_new": false
    }, {
        "episodes_info": "43集全",
        "rate": "8.3",
        "cover_x": 1407,
        "title": "叛逆者",
        "url": "https://movie.douban.com/subject/34949767/",
        "playable": true,
        "cover": "https://img3.doubanio.com/view/photo/s_ratio_poster/public/p2647381880.jpg",
        "id": "34949767",
        "cover_y": 2500,
        "is_new": false
    }, {
        "episodes_info": "",
        "rate": "8.0",
        "cover_x": 1429,
        "title": "无法抗拒的他",
        "url": "https://movie.douban.com/subject/35211575/",
        "playable": false,
        "cover": "https://img2.doubanio.com/view/photo/s_ratio_poster/public/p2656617953.jpg",
        "id": "35211575",
        "cover_y": 2048,
        "is_new": false
    }, {
        "episodes_info": "",
        "rate": "",
        "cover_x": 4252,
        "title": "对你的爱很美",
        "url": "https://movie.douban.com/subject/35228355/",
        "playable": true,
        "cover": "https://img1.doubanio.com/view/photo/s_ratio_poster/public/p2669333708.jpg",
        "id": "35228355",
        "cover_y": 5952,
        "is_new": true
    }, {
        "episodes_info": "更新至8集",
        "rate": "",
        "cover_x": 2000,
        "title": "我的邻居长不大",
        "url": "https://movie.douban.com/subject/35141617/",
        "playable": true,
        "cover": "https://img9.doubanio.com/view/photo/s_ratio_poster/public/p2651332406.jpg",
        "id": "35141617",
        "cover_y": 3000,
        "is_new": true
    }, {
        "episodes_info": "更新至4集",
        "rate": "",
        "cover_x": 3000,
        "title": "贺先生的恋恋不忘",
        "url": "https://movie.douban.com/subject/35161175/",
        "playable": true,
        "cover": "https://img1.doubanio.com/view/photo/s_ratio_poster/public/p2668675209.jpg",
        "id": "35161175",
        "cover_y": 4600,
        "is_new": true
    }, {
        "episodes_info": "",
        "rate": "9.5",
        "cover_x": 557,
        "title": "奇巧计程车",
        "url": "https://movie.douban.com/subject/35332568/",
        "playable": false,
        "cover": "https://img9.doubanio.com/view/photo/s_ratio_poster/public/p2630996296.jpg",
        "id": "35332568",
        "cover_y": 800,
        "is_new": false
    }, {
        "episodes_info": "",
        "rate": "8.1",
        "cover_x": 1080,
        "title": "御赐小仵作",
        "url": "https://movie.douban.com/subject/32581207/",
        "playable": true,
        "cover": "https://img2.doubanio.com/view/photo/s_ratio_poster/public/p2652208493.jpg",
        "id": "32581207",
        "cover_y": 1656,
        "is_new": false
    }, {
        "episodes_info": "",
        "rate": "5.8",
        "cover_x": 3378,
        "title": "心动的信号 第四季",
        "url": "https://movie.douban.com/subject/35236752/",
        "playable": true,
        "cover": "https://img9.doubanio.com/view/photo/s_ratio_poster/public/p2662570115.jpg",
        "id": "35236752",
        "cover_y": 6000,
        "is_new": false
    }, {
        "episodes_info": "",
        "rate": "8.3",
        "cover_x": 1080,
        "title": "终极笔记",
        "url": "https://movie.douban.com/subject/34794707/",
        "playable": true,
        "cover": "https://img2.doubanio.com/view/photo/s_ratio_poster/public/p2628058192.jpg",
        "id": "34794707",
        "cover_y": 1920,
        "is_new": false
    }, {
        "episodes_info": "",
        "rate": "7.7",
        "cover_x": 3000,
        "title": "陈情令",
        "url": "https://movie.douban.com/subject/27195020/",
        "playable": true,
        "cover": "https://img9.doubanio.com/view/photo/s_ratio_poster/public/p2563766934.jpg",
        "id": "27195020",
        "cover_y": 4280,
        "is_new": false
    }, {
        "episodes_info": "",
        "rate": "8.4",
        "cover_x": 1438,
        "title": "恶魔法官",
        "url": "https://movie.douban.com/subject/35131291/",
        "playable": false,
        "cover": "https://img2.doubanio.com/view/photo/s_ratio_poster/public/p2657260891.jpg",
        "id": "35131291",
        "cover_y": 2048,
        "is_new": false
    }, {
        "episodes_info": "",
        "rate": "8.3",
        "cover_x": 1279,
        "title": "第三布局 尘沙惑",
        "url": "https://movie.douban.com/subject/35161094/",
        "playable": false,
        "cover": "https://img2.doubanio.com/view/photo/s_ratio_poster/public/p2666564622.jpg",
        "id": "35161094",
        "cover_y": 1822,
        "is_new": false
    }, {
        "episodes_info": "更新至32集",
        "rate": "",
        "cover_x": 584,
        "title": "大决战",
        "url": "https://movie.douban.com/subject/35268507/",
        "playable": true,
        "cover": "https://img3.doubanio.com/view/photo/s_ratio_poster/public/p2627282430.jpg",
        "id": "35268507",
        "cover_y": 1334,
        "is_new": false
    }, {
        "episodes_info": "",
        "rate": "8.4",
        "cover_x": 1195,
        "title": "过江新娘",
        "url": "https://movie.douban.com/subject/35371508/",
        "playable": false,
        "cover": "https://img9.doubanio.com/view/photo/s_ratio_poster/public/p2633781955.jpg",
        "id": "35371508",
        "cover_y": 896,
        "is_new": false
    }, {
        "episodes_info": "",
        "rate": "6.4",
        "cover_x": 1080,
        "title": "斗罗大陆",
        "url": "https://movie.douban.com/subject/30313969/",
        "playable": true,
        "cover": "https://img9.doubanio.com/view/photo/s_ratio_poster/public/p2578827815.jpg",
        "id": "30313969",
        "cover_y": 1620,
        "is_new": false
    }, {
        "episodes_info": "更新至16集",
        "rate": "",
        "cover_x": 1080,
        "title": "喵，请许愿",
        "url": "https://movie.douban.com/subject/35089902/",
        "playable": true,
        "cover": "https://img9.doubanio.com/view/photo/s_ratio_poster/public/p2625907414.jpg",
        "id": "35089902",
        "cover_y": 1920,
        "is_new": false
    }, {
        "episodes_info": "更新至46集",
        "rate": "",
        "cover_x": 4370,
        "title": "我们的新时代",
        "url": "https://movie.douban.com/subject/35126672/",
        "playable": true,
        "cover": "https://img3.doubanio.com/view/photo/s_ratio_poster/public/p2659834420.jpg",
        "id": "35126672",
        "cover_y": 6201,
        "is_new": false
    }, {
        "episodes_info": "更新至6集",
        "rate": "8.3",
        "cover_x": 770,
        "title": "眷思量",
        "url": "https://movie.douban.com/subject/33717831/",
        "playable": true,
        "cover": "https://img9.doubanio.com/view/photo/s_ratio_poster/public/p2651514826.jpg",
        "id": "33717831",
        "cover_y": 1365,
        "is_new": false
    }, {
        "episodes_info": "",
        "rate": "",
        "cover_x": 1080,
        "title": "奇异剧本鲨",
        "url": "https://movie.douban.com/subject/35231936/",
        "playable": true,
        "cover": "https://img1.doubanio.com/view/photo/s_ratio_poster/public/p2669776909.jpg",
        "id": "35231936",
        "cover_y": 1920,
        "is_new": true
    }, {
        "episodes_info": "",
        "rate": "3.2",
        "cover_x": 1080,
        "title": "拜托了冰箱 轰趴季",
        "url": "https://movie.douban.com/subject/35236751/",
        "playable": true,
        "cover": "https://img9.doubanio.com/view/photo/s_ratio_poster/public/p2654427495.jpg",
        "id": "35236751",
        "cover_y": 1920,
        "is_new": false
    }, {
        "episodes_info": "",
        "rate": "9.5",
        "cover_x": 1200,
        "title": "机智医生生活",
        "url": "https://movie.douban.com/subject/33464863/",
        "playable": false,
        "cover": "https://img1.doubanio.com/view/photo/s_ratio_poster/public/p2586800409.jpg",
        "id": "33464863",
        "cover_y": 1700,
        "is_new": false
    }, {
        "episodes_info": "",
        "rate": "7.9",
        "cover_x": 1080,
        "title": "心惊胆战的同居",
        "url": "https://movie.douban.com/subject/35131294/",
        "playable": false,
        "cover": "https://img2.doubanio.com/view/photo/s_ratio_poster/public/p2645143151.jpg",
        "id": "35131294",
        "cover_y": 1540,
        "is_new": false
    }, {
        "episodes_info": "",
        "rate": "6.9",
        "cover_x": 1536,
        "title": "顶楼 第三季",
        "url": "https://movie.douban.com/subject/35306372/",
        "playable": false,
        "cover": "https://img9.doubanio.com/view/photo/s_ratio_poster/public/p2649090146.jpg",
        "id": "35306372",
        "cover_y": 2188,
        "is_new": false
    }, {
        "episodes_info": "",
        "rate": "8.9",
        "cover_x": 2000,
        "title": "东城梦魇",
        "url": "https://movie.douban.com/subject/30441731/",
        "playable": false,
        "cover": "https://img1.doubanio.com/view/photo/s_ratio_poster/public/p2637878518.jpg",
        "id": "30441731",
        "cover_y": 3000,
        "is_new": false
    }, {
        "episodes_info": "",
        "rate": "9.7",
        "cover_x": 1701,
        "title": "请回答1988",
        "url": "https://movie.douban.com/subject/26302614/",
        "playable": true,
        "cover": "https://img9.doubanio.com/view/photo/s_ratio_poster/public/p2272563445.jpg",
        "id": "26302614",
        "cover_y": 2410,
        "is_new": false
    }, {
        "episodes_info": "",
        "rate": "8.6",
        "cover_x": 680,
        "title": "青春王室",
        "url": "https://movie.douban.com/subject/35466957/",
        "playable": false,
        "cover": "https://img1.doubanio.com/view/photo/s_ratio_poster/public/p2670887889.jpg",
        "id": "35466957",
        "cover_y": 1000,
        "is_new": false
    }, {
        "episodes_info": "更新至30集",
        "rate": "4.2",
        "cover_x": 1183,
        "title": "海上繁花",
        "url": "https://movie.douban.com/subject/26765221/",
        "playable": true,
        "cover": "https://img2.doubanio.com/view/photo/s_ratio_poster/public/p2659891161.jpg",
        "id": "26765221",
        "cover_y": 1690,
        "is_new": false
    }, {
        "episodes_info": "",
        "rate": "9.4",
        "cover_x": 2028,
        "title": "傲骨之战 第五季",
        "url": "https://movie.douban.com/subject/35069434/",
        "playable": false,
        "cover": "https://img1.doubanio.com/view/photo/s_ratio_poster/public/p2655279408.jpg",
        "id": "35069434",
        "cover_y": 2897,
        "is_new": false
    }, {
        "episodes_info": "",
        "rate": "9.2",
        "cover_x": 2000,
        "title": "短剧开始啦",
        "url": "https://movie.douban.com/subject/35358556/",
        "playable": false,
        "cover": "https://img2.doubanio.com/view/photo/s_ratio_poster/public/p2641570601.jpg",
        "id": "35358556",
        "cover_y": 3000,
        "is_new": false
    }, {
        "episodes_info": "",
        "rate": "",
        "cover_x": 1080,
        "title": "黑怕女孩",
        "url": "https://movie.douban.com/subject/35322686/",
        "playable": true,
        "cover": "https://img1.doubanio.com/view/photo/s_ratio_poster/public/p2654005678.jpg",
        "id": "35322686",
        "cover_y": 1920,
        "is_new": true
    }]


