 [{
    "original_price": null,
    "rating": {
      "count": 714959,
      "max": 10,
      "value": 8.9,
      "star_count": 4.5
    },
    "actions": [],
    "press": ["上海人民出版社"],
    "year": ["2006-5"],
    "card_subtitle": "[美] 卡勒德·胡赛尼 \/ 2006 \/ 上海人民出版社",
    "recommend_comment": "两年前，我在美国上一门英语课。坐在我旁边的男孩就来自阿富汗。当他用英语说出这个名字的时候，我们都以为他穿过重重战火和历史的沉疴而来，身上闪耀着神圣的荣光。而他，只是一个普通的阿富汗男孩，好像天空下奔跑着追风筝的人。 —— 赫恩曼尼的短评",
    "id": "1770782",
    "title": "追风筝的人",
    "wish_count": 401035,
    "label": null,
    "interest": null,
    "type": "book",
    "onsale": true,
    "description": "",
    "tags": ["追风筝的人", "人性"],
    "price": null,
    "date": null,
    "info": "[美] 卡勒德·胡赛尼\/上海人民出版社\/2006-5",
    "url": "https:\/\/book.douban.com\/subject\/1770782\/",
    "release_date": null,
    "author": ["[美] 卡勒德·胡赛尼"],
    "cover": {
      "url": "https://img3.doubanio.com\/view\/subject\/l\/public\/s1727290.jpg",
      "width": 0,
      "shape": "rectangle",
      "height": 0
    },
    "uri": "douban:\/\/douban.com\/book\/1770782",
    "subtype": "",
    "reviewer_name": "",
    "null_rating_reason": ""
  }, {
    "original_price": null,
    "rating": {
      "count": 182266,
      "max": 10,
      "value": 8.8,
      "star_count": 4.5
    },
    "actions": [],
    "press": ["浙江文艺出版社"],
    "year": ["2017-1-1"],
    "card_subtitle": "[英] 威廉·萨默塞特·毛姆 \/ 2017 \/ 浙江文艺出版社",
    "recommend_comment": "或许，六便士是地上的月亮呢 —— 芝士——————拉丝的短评",
    "id": "26954760",
    "title": "月亮与六便士",
    "wish_count": 400765,
    "label": null,
    "interest": null,
    "type": "book",
    "onsale": true,
    "description": "",
    "tags": ["月亮与六便士", "毛姆"],
    "price": null,
    "date": null,
    "info": "[英] 威廉·萨默塞特·毛姆\/浙江文艺出版社\/2017-1-1",
    "url": "https:\/\/book.douban.com\/subject\/26954760\/",
    "release_date": null,
    "author": ["[英] 威廉·萨默塞特·毛姆"],
    "cover": {
      "url": "https://img1.doubanio.com\/view\/subject\/l\/public\/s29634528.jpg",
      "width": 0,
      "shape": "rectangle",
      "height": 0
    },
    "uri": "douban:\/\/douban.com\/book\/26954760",
    "subtype": "",
    "reviewer_name": "",
    "null_rating_reason": ""
  }, {
    "original_price": null,
    "rating": {
      "count": 349964,
      "max": 10,
      "value": 9.6,
      "star_count": 5.0
    },
    "actions": [],
    "press": ["人民文学出版社"],
    "year": ["1996-12"],
    "card_subtitle": "[清] 曹雪芹 著 高鹗 续 \/ 1996 \/ 人民文学出版社",
    "recommend_comment": "一个呼吁：那些清穿小说的主人公你们风花雪月以后就不能顺道送曹雪芹个打印机么？ —— NGC2906大使的短评",
    "id": "1007305",
    "title": "红楼梦",
    "wish_count": 146572,
    "label": null,
    "interest": null,
    "type": "book",
    "onsale": true,
    "description": "",
    "tags": ["红楼梦", "古典文学"],
    "price": null,
    "date": null,
    "info": "[清] 曹雪芹 著\/高鹗 续\/人民文学出版社\/1996-12",
    "url": "https:\/\/book.douban.com\/subject\/1007305\/",
    "release_date": null,
    "author": ["[清] 曹雪芹 著"],
    "cover": {
      "url": "https://img1.doubanio.com\/view\/subject\/l\/public\/s1070959.jpg",
      "width": 0,
      "shape": "rectangle",
      "height": 0
    },
    "uri": "douban:\/\/douban.com\/book\/1007305",
    "subtype": "",
    "reviewer_name": "",
    "null_rating_reason": ""
  }, {
    "original_price": null,
    "rating": {
      "count": 415675,
      "max": 10,
      "value": 8.8,
      "star_count": 4.5
    },
    "actions": [],
    "press": ["重庆出版社"],
    "year": ["2008-1"],
    "card_subtitle": "刘慈欣 \/ 2008 \/ 重庆出版社",
    "recommend_comment": "文科生表示，已尽力，但真的很不好看！！逻辑松散、文笔差、人物个性几乎从头到尾都没有建立，大段大段的跟故事推进并无多大关系的所谓“科幻”描述并不会让你显得有多高明好吗？不敢想象这么差的东西怎么改编电影，编剧要非作者本人，估计得吐十斤血才能改的看起来不那么晦涩且幼稚吧？不是堆砌一堆似是而非的理论，摆几个面壁人、破壁人、乱世纪这样的辞藻就能算是“中国当代最出色的科幻小说”了，亲！吐槽好累。。。。 —— 少年 遊的短评",
    "id": "2567698",
    "title": "三体",
    "wish_count": 166195,
    "label": null,
    "interest": null,
    "type": "book",
    "onsale": true,
    "description": "",
    "tags": ["科幻", "刘慈欣"],
    "price": null,
    "date": null,
    "info": "刘慈欣\/重庆出版社\/2008-1",
    "url": "https:\/\/book.douban.com\/subject\/2567698\/",
    "release_date": null,
    "author": ["刘慈欣"],
    "cover": {
      "url": "https://img1.doubanio.com\/view\/subject\/l\/public\/s2768378.jpg",
      "width": 0,
      "shape": "rectangle",
      "height": 0
    },
    "uri": "douban:\/\/douban.com\/book\/2567698",
    "subtype": "",
    "reviewer_name": "",
    "null_rating_reason": ""
  }, {
    "original_price": null,
    "rating": {
      "count": 273700,
      "max": 10,
      "value": 9.2,
      "star_count": 4.5
    },
    "actions": [],
    "press": ["北京联合出版公司"],
    "year": ["2018-2"],
    "card_subtitle": "林奕含 \/ 2018 \/ 北京联合出版公司",
    "recommend_comment": "简体版终于体面问世了：「一切文学，余爱以血书者。」 —— 銀 光 閃 爍的短评",
    "id": "27614904",
    "title": "房思琪的初恋乐园",
    "wish_count": 231149,
    "label": null,
    "interest": null,
    "type": "book",
    "onsale": true,
    "description": "",
    "tags": ["女性", "自我保护"],
    "price": null,
    "date": null,
    "info": "林奕含\/北京联合出版公司\/2018-2",
    "url": "https:\/\/book.douban.com\/subject\/27614904\/",
    "release_date": null,
    "author": ["林奕含"],
    "cover": {
      "url": "https://img2.doubanio.com\/view\/subject\/l\/public\/s29651121.jpg",
      "width": 0,
      "shape": "rectangle",
      "height": 0
    },
    "uri": "douban:\/\/douban.com\/book\/27614904",
    "subtype": "",
    "reviewer_name": "",
    "null_rating_reason": ""
  }, {
    "original_price": null,
    "rating": {
      "count": 246059,
      "max": 10,
      "value": 9.3,
      "star_count": 4.5
    },
    "actions": [],
    "press": ["重庆出版社"],
    "year": ["2008-5"],
    "card_subtitle": "刘慈欣 \/ 2008 \/ 重庆出版社",
    "recommend_comment": "不理解庄颜这个角色的存在意义，纯粹的花瓶。她和逻辑浮夸烂俗的感情描写，对于罗辑最后发现和利用黑暗森林毫无关系。关于她的段落看着都如同嚼蜡，且微微反胃。刘慈欣在女性描写上真的很差，品味更差。黑暗森林理论也是个争议很大的点，不过我能接受，只要别遇到大刘粉丝和我认真谈这个……水滴全灭地球舰队是这本最大的亮点，压倒性科学优势下的战争。 —— Roland的短评",
    "id": "3066477",
    "title": "三体Ⅱ",
    "wish_count": 67081,
    "label": null,
    "interest": null,
    "type": "book",
    "onsale": true,
    "description": "",
    "tags": ["科幻", "刘慈欣"],
    "price": null,
    "date": null,
    "info": "刘慈欣\/重庆出版社\/2008-5",
    "url": "https:\/\/book.douban.com\/subject\/3066477\/",
    "release_date": null,
    "author": ["刘慈欣"],
    "cover": {
      "url": "https://img2.doubanio.com\/view\/subject\/l\/public\/s3078482.jpg",
      "width": 0,
      "shape": "rectangle",
      "height": 0
    },
    "uri": "douban:\/\/douban.com\/book\/3066477",
    "subtype": "",
    "reviewer_name": "",
    "null_rating_reason": ""
  }, {
    "original_price": null,
    "rating": {
      "count": 167960,
      "max": 10,
      "value": 8.9,
      "star_count": 4.5
    },
    "actions": [],
    "press": ["生活·读书·新知三联书店"],
    "year": ["1997-5"],
    "card_subtitle": "[美] 黄仁宇 \/ 1997 \/ 生活·读书·新知三联书店",
    "recommend_comment": "读明史，我是越来越憎恶知识分子和儒家了 —— 陆大鹏Hans的短评",
    "id": "1041482",
    "title": "万历十五年",
    "wish_count": 166097,
    "label": null,
    "interest": null,
    "type": "book",
    "onsale": true,
    "description": "",
    "tags": ["历史", "黄仁宇"],
    "price": null,
    "date": null,
    "info": "[美] 黄仁宇\/生活·读书·新知三联书店\/1997-5",
    "url": "https:\/\/book.douban.com\/subject\/1041482\/",
    "release_date": null,
    "author": ["[美] 黄仁宇"],
    "cover": {
      "url": "https://img9.doubanio.com\/view\/subject\/l\/public\/s1800355.jpg",
      "width": 0,
      "shape": "rectangle",
      "height": 0
    },
    "uri": "douban:\/\/douban.com\/book\/1041482",
    "subtype": "",
    "reviewer_name": "",
    "null_rating_reason": ""
  }, {
    "original_price": null,
    "rating": {
      "count": 235407,
      "max": 10,
      "value": 9.2,
      "star_count": 4.5
    },
    "actions": [],
    "press": ["重庆出版社"],
    "year": ["2010-11"],
    "card_subtitle": "刘慈欣 \/ 2010 \/ 重庆出版社",
    "recommend_comment": "《三体》就是那种让你在读完三部之后掩卷抬头，感觉眼中的世界都从此不一样了的书。 —— 燕仰的短评",
    "id": "5363767",
    "title": "三体Ⅲ",
    "wish_count": 81211,
    "label": null,
    "interest": null,
    "type": "book",
    "onsale": true,
    "description": "",
    "tags": ["刘慈欣", "科幻"],
    "price": null,
    "date": null,
    "info": "刘慈欣\/重庆出版社\/2010-11",
    "url": "https:\/\/book.douban.com\/subject\/5363767\/",
    "release_date": null,
    "author": ["刘慈欣"],
    "cover": {
      "url": "https://img9.doubanio.com\/view\/subject\/l\/public\/s26012674.jpg",
      "width": 0,
      "shape": "rectangle",
      "height": 0
    },
    "uri": "douban:\/\/douban.com\/book\/5363767",
    "subtype": "",
    "reviewer_name": "",
    "null_rating_reason": ""
  }, {
    "original_price": null,
    "rating": {
      "count": 122275,
      "max": 10,
      "value": 8.7,
      "star_count": 4.5
    },
    "actions": [],
    "press": ["南海出版公司"],
    "year": ["2019-10"],
    "card_subtitle": "[美] 塔拉·韦斯特弗 \/ 2019 \/ 南海出版公司",
    "recommend_comment": "看到急着吐槽译名的人，忍不住想替译者\/编辑高亮这句话(〃'▽'〃)——你当像鸟飞往你的山（Flee as a bird to your mountain）。出自《圣经·诗篇》，这句话本身有双重解释，一种是“逃离”，一种是“找到新的信仰”。另：作者亲定中译名。 —— 一口胡柴的短评",
    "id": "33440205",
    "title": "你当像鸟飞往你的山",
    "wish_count": 199409,
    "label": null,
    "interest": null,
    "type": "book",
    "onsale": true,
    "description": "",
    "tags": ["教育与女性", "教育"],
    "price": null,
    "date": null,
    "info": "[美] 塔拉·韦斯特弗\/南海出版公司\/2019-10",
    "url": "https:\/\/book.douban.com\/subject\/33440205\/",
    "release_date": null,
    "author": ["[美] 塔拉·韦斯特弗"],
    "cover": {
      "url": "https://img9.doubanio.com\/view\/subject\/l\/public\/s33492346.jpg",
      "width": 0,
      "shape": "rectangle",
      "height": 0
    },
    "uri": "douban:\/\/douban.com\/book\/33440205",
    "subtype": "",
    "reviewer_name": "",
    "null_rating_reason": ""
  }, {
    "original_price": null,
    "rating": {
      "count": 128888,
      "max": 10,
      "value": 8.2,
      "star_count": 4.0
    },
    "actions": [],
    "press": ["江苏凤凰文艺出版社"],
    "year": ["2015-7"],
    "card_subtitle": "[美] 伍绮诗 \/ 2015 \/ 江苏凤凰文艺出版社",
    "recommend_comment": "不是种族歧视，更不是什么中国式教育在美国的冲突，这个故事虽然有华裔背景，但完全不需要冲着中国而敏感，小说是一个困境的悲剧，唯一自己走出来的人，却不小心死去，但她的死却帮助了家人邻居走出困境。我还是坚信生活的一个道理：有时候杀死你的不是绝望，而是希望。小说的叙事非常朴素，所以前半部显得平淡，后半部则很感人，作者的功力在于驾驭各种生活小细节，小说情节性并不强，但细节的描写烘托很老练精准，不夸张但成功的让故事感人起来。这个作者在同龄人里很成熟了，高于和她同龄的我知道的中国作者。 —— danyboy的短评",
    "id": "26382433",
    "title": "无声告白",
    "wish_count": 86744,
    "label": null,
    "interest": null,
    "type": "book",
    "onsale": true,
    "description": "",
    "tags": ["成长", "小说"],
    "price": null,
    "date": null,
    "info": "[美] 伍绮诗\/江苏凤凰文艺出版社\/2015-7",
    "url": "https:\/\/book.douban.com\/subject\/26382433\/",
    "release_date": null,
    "author": ["[美] 伍绮诗"],
    "cover": {
      "url": "https://img2.doubanio.com\/view\/subject\/l\/public\/s28109182.jpg",
      "width": 0,
      "shape": "rectangle",
      "height": 0
    },
    "uri": "douban:\/\/douban.com\/book\/26382433",
    "subtype": "",
    "reviewer_name": "",
    "null_rating_reason": ""
  }, {
    "original_price": null,
    "rating": {
      "count": 35616,
      "max": 10,
      "value": 9.3,
      "star_count": 4.5
    },
    "actions": [],
    "press": ["译林出版社"],
    "year": ["2017-2"],
    "card_subtitle": "[美] 哈珀·李 \/ 2017 \/ 译林出版社",
    "recommend_comment": "你永远不可能真正了解一个人，除非你钻进他的皮囊像他一样四处行走。 —— 非虚构的短评",
    "id": "26879778",
    "title": "杀死一只知更鸟",
    "wish_count": 158252,
    "label": null,
    "interest": null,
    "type": "book",
    "onsale": true,
    "description": "",
    "tags": ["成长", "心灵的洗涤"],
    "price": null,
    "date": null,
    "info": "[美] 哈珀·李\/译林出版社\/2017-2",
    "url": "https:\/\/book.douban.com\/subject\/26879778\/",
    "release_date": null,
    "author": ["[美] 哈珀·李"],
    "cover": {
      "url": "https://img9.doubanio.com\/view\/subject\/l\/public\/s29350294.jpg",
      "width": 0,
      "shape": "rectangle",
      "height": 0
    },
    "uri": "douban:\/\/douban.com\/book\/26879778",
    "subtype": "",
    "reviewer_name": "",
    "null_rating_reason": ""
  }, {
    "original_price": null,
    "rating": {
      "count": 132335,
      "max": 10,
      "value": 7.6,
      "star_count": 4.0
    },
    "actions": [],
    "press": ["江苏凤凰文艺出版社"],
    "year": ["2015-5-1"],
    "card_subtitle": "[美] 加布瑞埃拉·泽文 \/ 2015 \/ 江苏凤凰文艺出版社",
    "recommend_comment": "花了一个晚上加一个上午看了本不好看的书真的令人难过… —— lily的短评",
    "id": "26340138",
    "title": "岛上书店",
    "wish_count": 57540,
    "label": null,
    "interest": null,
    "type": "book",
    "onsale": true,
    "description": "",
    "tags": ["小说", "外国文学"],
    "price": null,
    "date": null,
    "info": "[美] 加布瑞埃拉·泽文\/江苏凤凰文艺出版社\/2015-5-1",
    "url": "https:\/\/book.douban.com\/subject\/26340138\/",
    "release_date": null,
    "author": ["[美] 加布瑞埃拉·泽文"],
    "cover": {
      "url": "https://img1.doubanio.com\/view\/subject\/l\/public\/s29810488.jpg",
      "width": 0,
      "shape": "rectangle",
      "height": 0
    },
    "uri": "douban:\/\/douban.com\/book\/26340138",
    "subtype": "",
    "reviewer_name": "",
    "null_rating_reason": ""
  }, {
    "original_price": null,
    "rating": {
      "count": 74893,
      "max": 10,
      "value": 9.3,
      "star_count": 4.5
    },
    "actions": [],
    "press": ["人民文学出版社"],
    "year": ["1991-2-1"],
    "card_subtitle": "钱锺书 \/ 1991 \/ 人民文学出版社",
    "recommend_comment": "小时候读过，只记住了主人公叫方鸿渐；现在再读，才发现其中的各种妙处。钱老先生把人心揣摩得真是太细了，恋爱中人的心理以及女人的勾心斗角都栩栩如生，对于各种知识分子嘴脸的刻画可谓入木三分，对于新人在职场中的倾轧则让我感同身受。最后杨绛先生的回忆散文更使读者坠入无尽的情怀与伤感。 —— 不勒个二的短评",
    "id": "11524204",
    "title": "围城",
    "wish_count": 38365,
    "label": null,
    "interest": null,
    "type": "book",
    "onsale": true,
    "description": "",
    "tags": ["钱钟书", "婚姻"],
    "price": null,
    "date": null,
    "info": "钱锺书\/人民文学出版社\/1991-2-1",
    "url": "https:\/\/book.douban.com\/subject\/11524204\/",
    "release_date": null,
    "author": ["钱锺书"],
    "cover": {
      "url": "https://img1.doubanio.com\/view\/subject\/l\/public\/s11276847.jpg",
      "width": 0,
      "shape": "rectangle",
      "height": 0
    },
    "uri": "douban:\/\/douban.com\/book\/11524204",
    "subtype": "",
    "reviewer_name": "",
    "null_rating_reason": ""
  }, {
    "original_price": null,
    "rating": {
      "count": 71375,
      "max": 10,
      "value": 8.6,
      "star_count": 4.5
    },
    "actions": [],
    "press": ["机械工业出版社"],
    "year": ["2015-3-1"],
    "card_subtitle": "岸见一郎 古贺史健 \/ 2015 \/ 机械工业出版社",
    "recommend_comment": "去年读的，那时候对人际关系有困惑，但现在已经完全不记得书里讲了什么。只记得书中的对话体，彼此间分饰两角，逻辑咬合非常完美，这样智性的对话非常有启发性。刚随手又翻了一下，原来这本书主旨是“怎样都好”，难怪我忘记了。治愈之后，就不需要药了。 —— 闪烁的猩猩的短评",
    "id": "26369699",
    "title": "被讨厌的勇气",
    "wish_count": 124764,
    "label": null,
    "interest": null,
    "type": "book",
    "onsale": true,
    "description": "",
    "tags": ["心理学", "心灵成长"],
    "price": null,
    "date": null,
    "info": "岸见一郎\/古贺史健\/机械工业出版社\/2015-3-1",
    "url": "https:\/\/book.douban.com\/subject\/26369699\/",
    "release_date": null,
    "author": ["岸见一郎"],
    "cover": {
      "url": "https://img1.doubanio.com\/view\/subject\/l\/public\/s29237648.jpg",
      "width": 0,
      "shape": "rectangle",
      "height": 0
    },
    "uri": "douban:\/\/douban.com\/book\/26369699",
    "subtype": "",
    "reviewer_name": "",
    "null_rating_reason": ""
  }, {
    "original_price": null,
    "rating": {
      "count": 100375,
      "max": 10,
      "value": 7.5,
      "star_count": 4.0
    },
    "actions": [],
    "press": ["天津人民出版社"],
    "year": ["2014-12-1"],
    "card_subtitle": "蔡崇达 \/ 2014 \/ 天津人民出版社",
    "recommend_comment": "没有期待中的好，写得太用力，特稿的痕迹太重。弱弱地问，我是一个人吗 —— 慕容素衣的短评",
    "id": "26278687",
    "title": "皮囊",
    "wish_count": 65053,
    "label": null,
    "interest": null,
    "type": "book",
    "onsale": true,
    "description": "",
    "tags": ["蔡崇达", "成长"],
    "price": null,
    "date": null,
    "info": "蔡崇达\/天津人民出版社\/2014-12-1",
    "url": "https:\/\/book.douban.com\/subject\/26278687\/",
    "release_date": null,
    "author": ["蔡崇达"],
    "cover": {
      "url": "https://img2.doubanio.com\/view\/subject\/l\/public\/s27943411.jpg",
      "width": 0,
      "shape": "rectangle",
      "height": 0
    },
    "uri": "douban:\/\/douban.com\/book\/26278687",
    "subtype": "",
    "reviewer_name": "",
    "null_rating_reason": ""
  }, {
    "original_price": null,
    "rating": {
      "count": 85029,
      "max": 10,
      "value": 9.0,
      "star_count": 4.5
    },
    "actions": [],
    "press": ["作家出版社"],
    "year": ["2012-9"],
    "card_subtitle": "余华 \/ 2012 \/ 作家出版社",
    "recommend_comment": "“我要沿着村庄去卖血，救我的儿子。”他流着泪微笑说。我想起严歌苓的《小姨多鹤》，想起小环，想起自己的父亲母亲。许三观和许玉兰都是和他们一样的人物。他们骂骂咧咧，世俗小气，嘴上硬心里软，爱恨分明。许三观曾经不愿意用自己的卖血钱带一乐去吃一碗面，但最后却仍旧爱一乐如己出，为他的病沿着村庄去卖血，这是多么地让人心痛不忍！而许玉兰虽然是被迫嫁给许三观，彼此之间也有过几多争执怒骂，但多年风雨以后，她成为最疼惜许三观的人。我感到这正是中国人的家庭观和感情观，许多个家庭都是这样，很笨拙也很深情。 —— 伊卡洛斯的短评",
    "id": "4760224",
    "title": "许三观卖血记",
    "wish_count": 28215,
    "label": null,
    "interest": null,
    "type": "book",
    "onsale": true,
    "description": "",
    "tags": ["余华", "人性"],
    "price": null,
    "date": null,
    "info": "余华\/作家出版社\/2012-9",
    "url": "https:\/\/book.douban.com\/subject\/4760224\/",
    "release_date": null,
    "author": ["余华"],
    "cover": {
      "url": "https://img3.doubanio.com\/view\/subject\/l\/public\/s24575140.jpg",
      "width": 0,
      "shape": "rectangle",
      "height": 0
    },
    "uri": "douban:\/\/douban.com\/book\/4760224",
    "subtype": "",
    "reviewer_name": "",
    "null_rating_reason": ""
  }, {
    "original_price": null,
    "rating": {
      "count": 70284,
      "max": 10,
      "value": 8.3,
      "star_count": 4.0
    },
    "actions": [],
    "press": ["商务印书馆"],
    "year": ["2004-1"],
    "card_subtitle": "[美] 莫提默·J. 艾德勒 查尔斯·范多伦 \/ 2004 \/ 商务印书馆",
    "recommend_comment": "作者也许是个很会读书的人，但是肯定不会写书 —— Oceannagirl的短评",
    "id": "1013208",
    "title": "如何阅读一本书",
    "wish_count": 104575,
    "label": null,
    "interest": null,
    "type": "book",
    "onsale": true,
    "description": "",
    "tags": ["阅读方法", "阅读"],
    "price": null,
    "date": null,
    "info": "[美] 莫提默·J. 艾德勒\/查尔斯·范多伦\/商务印书馆\/2004-1",
    "url": "https:\/\/book.douban.com\/subject\/1013208\/",
    "release_date": null,
    "author": ["[美] 莫提默·J. 艾德勒"],
    "cover": {
      "url": "https://img1.doubanio.com\/view\/subject\/l\/public\/s1670978.jpg",
      "width": 0,
      "shape": "rectangle",
      "height": 0
    },
    "uri": "douban:\/\/douban.com\/book\/1013208",
    "subtype": "",
    "reviewer_name": "",
    "null_rating_reason": ""
  }, {
    "original_price": null,
    "rating": {
      "count": 69906,
      "max": 10,
      "value": 8.9,
      "star_count": 4.5
    },
    "actions": [],
    "press": ["人民文学出版社"],
    "year": ["2004-8"],
    "card_subtitle": "吴承恩 \/ 2004 \/ 人民文学出版社",
    "recommend_comment": "看过原著后发现师徒四人的感情并没有电视剧演得那么好，孙悟空真的是特别优秀的徒弟，典型的刀子嘴豆腐心，打妖是他化缘是他救唐僧也是他，他行动力强责任心重，给人十足的安全感，而他得到的是唐僧的一次次质疑，身为高僧的唐三藏对谁都可以宽容，唯独对孙悟空有错必究，被冤枉、质疑的悟空却没真心责怪过这个师傅，论修行我真的觉得孙悟空比唐僧高多了。 —— 伊兰月的短评",
    "id": "1029553",
    "title": "西游记（全二册）",
    "wish_count": 18405,
    "label": null,
    "interest": null,
    "type": "book",
    "onsale": true,
    "description": "",
    "tags": ["古典文学", "西游记"],
    "price": null,
    "date": null,
    "info": "吴承恩\/人民文学出版社\/2004-8",
    "url": "https:\/\/book.douban.com\/subject\/1029553\/",
    "release_date": null,
    "author": ["吴承恩"],
    "cover": {
      "url": "https://img9.doubanio.com\/view\/subject\/l\/public\/s1627374.jpg",
      "width": 0,
      "shape": "rectangle",
      "height": 0
    },
    "uri": "douban:\/\/douban.com\/book\/1029553",
    "subtype": "",
    "reviewer_name": "",
    "null_rating_reason": ""
  }, {
    "original_price": null,
    "rating": {
      "count": 54326,
      "max": 10,
      "value": 8.8,
      "star_count": 4.5
    },
    "actions": [],
    "press": ["湖南科学技术出版社"],
    "year": ["2010-4"],
    "card_subtitle": "[英] 史蒂芬·霍金 \/ 2010 \/ 湖南科学技术出版社",
    "recommend_comment": "情绪低潮期就靠这本书治愈了。「时空太过大 超脱我的喜与悲」 —— yo的短评",
    "id": "1034282",
    "title": "时间简史",
    "wish_count": 90798,
    "label": null,
    "interest": null,
    "type": "book",
    "onsale": true,
    "description": "",
    "tags": ["科普", "史蒂芬·霍金"],
    "price": null,
    "date": null,
    "info": "[英] 史蒂芬·霍金\/湖南科学技术出版社\/2010-4",
    "url": "https:\/\/book.douban.com\/subject\/1034282\/",
    "release_date": null,
    "author": ["[英] 史蒂芬·霍金"],
    "cover": {
      "url": "https://img2.doubanio.com\/view\/subject\/l\/public\/s1914861.jpg",
      "width": 0,
      "shape": "rectangle",
      "height": 0
    },
    "uri": "douban:\/\/douban.com\/book\/1034282",
    "subtype": "",
    "reviewer_name": "",
    "null_rating_reason": ""
  }, {
    "original_price": null,
    "rating": {
      "count": 54702,
      "max": 10,
      "value": 7.5,
      "star_count": 4.0
    },
    "actions": [],
    "press": ["湖南文艺出版社"],
    "year": ["2018-7"],
    "card_subtitle": "张嘉佳 \/ 2018 \/ 湖南文艺出版社",
    "recommend_comment": "我没有读出悲喜，只能是闲暇的消遣，没有内心的波动。“写给每个人心中的山和海。”我希望我心中的山和海不要是在自己的世界里，沉醉在自己的小情绪里，我理解的山和海是宽阔的厚重的，是有沉淀的。这些小情绪太浅显了，青春疼痛已经不能打动我了。什么叫写小人物的悲喜命运，请看老舍和鲁迅，它是需要烟火气的，是由小见大的，是轻巧一扔石子激起波澜壮阔。不是带着壮阔的心去扔石子，不是扔出石子还要让石子有什么样子的弧度与旋转，太刻意的要用力又要装得不用力了。 —— 克罗戈多的短评",
    "id": "30254298",
    "title": "云边有个小卖部",
    "wish_count": 64714,
    "label": null,
    "interest": null,
    "type": "book",
    "onsale": true,
    "description": "",
    "tags": ["治愈", "故乡"],
    "price": null,
    "date": null,
    "info": "张嘉佳\/湖南文艺出版社\/2018-7",
    "url": "https:\/\/book.douban.com\/subject\/30254298\/",
    "release_date": null,
    "author": ["张嘉佳"],
    "cover": {
      "url": "https://img9.doubanio.com\/view\/subject\/l\/public\/s29799055.jpg",
      "width": 0,
      "shape": "rectangle",
      "height": 0
    },
    "uri": "douban:\/\/douban.com\/book\/30254298",
    "subtype": "",
    "reviewer_name": "",
    "null_rating_reason": ""
  }]