
    [{
        "episodes_info": "",
        "rate": "6.8",
        "cover_x": 563,
        "title": "向往的生活 第五季",
        "url": "https://movie.douban.com/subject/35404034/",
        "playable": true,
        "cover": "https://img9.doubanio.com/view/photo/s_ratio_poster/public/p2643199694.jpg",
        "id": "35404034",
        "cover_y": 858,
        "is_new": false
    }, {
        "episodes_info": "",
        "rate": "3.2",
        "cover_x": 1080,
        "title": "拜托了冰箱 轰趴季",
        "url": "https://movie.douban.com/subject/35236751/",
        "playable": true,
        "cover": "https://img9.doubanio.com/view/photo/s_ratio_poster/public/p2654427495.jpg",
        "id": "35236751",
        "cover_y": 1920,
        "is_new": false
    }, {
        "episodes_info": "",
        "rate": "8.5",
        "cover_x": 500,
        "title": "钢铁部队",
        "url": "https://movie.douban.com/subject/35412392/",
        "playable": false,
        "cover": "https://img2.doubanio.com/view/photo/s_ratio_poster/public/p2637169782.jpg",
        "id": "35412392",
        "cover_y": 708,
        "is_new": true
    }, {
        "episodes_info": "",
        "rate": "8.1",
        "cover_x": 1080,
        "title": "想谈一场偶像剧般的恋爱~真假之吻~",
        "url": "https://movie.douban.com/subject/35445031/",
        "playable": false,
        "cover": "https://img2.doubanio.com/view/photo/s_ratio_poster/public/p2642517492.jpg",
        "id": "35445031",
        "cover_y": 1080,
        "is_new": true
    }, {
        "episodes_info": "",
        "rate": "8.9",
        "cover_x": 1000,
        "title": "2020欧洲杯足球赛",
        "url": "https://movie.douban.com/subject/33218520/",
        "playable": false,
        "cover": "https://img1.doubanio.com/view/photo/s_ratio_poster/public/p2657959047.jpg",
        "id": "33218520",
        "cover_y": 1600,
        "is_new": true
    }, {
        "episodes_info": "",
        "rate": "5.8",
        "cover_x": 3378,
        "title": "心动的信号 第四季",
        "url": "https://movie.douban.com/subject/35236752/",
        "playable": true,
        "cover": "https://img9.doubanio.com/view/photo/s_ratio_poster/public/p2662570115.jpg",
        "id": "35236752",
        "cover_y": 6000,
        "is_new": false
    }, {
        "episodes_info": "",
        "rate": "8.2",
        "cover_x": 702,
        "title": "恰好是少年",
        "url": "https://movie.douban.com/subject/35236745/",
        "playable": true,
        "cover": "https://img3.doubanio.com/view/photo/s_ratio_poster/public/p2636874360.jpg",
        "id": "35236745",
        "cover_y": 1396,
        "is_new": false
    }, {
        "episodes_info": "",
        "rate": "5.2",
        "cover_x": 4320,
        "title": "萌探探探案",
        "url": "https://movie.douban.com/subject/35231928/",
        "playable": true,
        "cover": "https://img1.doubanio.com/view/photo/s_ratio_poster/public/p2648552268.jpg",
        "id": "35231928",
        "cover_y": 7680,
        "is_new": false
    }, {
        "episodes_info": "",
        "rate": "9.3",
        "cover_x": 1080,
        "title": "明星大侦探之名侦探学院 第四季",
        "url": "https://movie.douban.com/subject/35400235/",
        "playable": false,
        "cover": "https://img1.doubanio.com/view/photo/s_ratio_poster/public/p2640274177.jpg",
        "id": "35400235",
        "cover_y": 1614,
        "is_new": false
    }, {
        "episodes_info": "",
        "rate": "9.2",
        "cover_x": 810,
        "title": "说唱新世代",
        "url": "https://movie.douban.com/subject/35134297/",
        "playable": true,
        "cover": "https://img2.doubanio.com/view/photo/s_ratio_poster/public/p2620834741.jpg",
        "id": "35134297",
        "cover_y": 1080,
        "is_new": false
    }, {
        "episodes_info": "",
        "rate": "8.2",
        "cover_x": 1500,
        "title": "我们的歌 第一季",
        "url": "https://movie.douban.com/subject/34863464/",
        "playable": true,
        "cover": "https://img9.doubanio.com/view/photo/s_ratio_poster/public/p2572055474.jpg",
        "id": "34863464",
        "cover_y": 2543,
        "is_new": false
    }, {
        "episodes_info": "",
        "rate": "",
        "cover_x": 1080,
        "title": "奇异剧本鲨",
        "url": "https://movie.douban.com/subject/35231936/",
        "playable": true,
        "cover": "https://img1.doubanio.com/view/photo/s_ratio_poster/public/p2669776909.jpg",
        "id": "35231936",
        "cover_y": 1920,
        "is_new": true
    }, {
        "episodes_info": "",
        "rate": "7.0",
        "cover_x": 1080,
        "title": "密室大逃脱 第三季",
        "url": "https://movie.douban.com/subject/35408519/",
        "playable": true,
        "cover": "https://img9.doubanio.com/view/photo/s_ratio_poster/public/p2653027506.jpg",
        "id": "35408519",
        "cover_y": 1860,
        "is_new": false
    }, {
        "episodes_info": "",
        "rate": "9.2",
        "cover_x": 2048,
        "title": "极限挑战 第一季",
        "url": "https://movie.douban.com/subject/26387728/",
        "playable": true,
        "cover": "https://img1.doubanio.com/view/photo/s_ratio_poster/public/p2603241359.jpg",
        "id": "26387728",
        "cover_y": 2913,
        "is_new": false
    }, {
        "episodes_info": "",
        "rate": "9.6",
        "cover_x": 766,
        "title": "克拉克森的农场 第一季",
        "url": "https://movie.douban.com/subject/34839005/",
        "playable": false,
        "cover": "https://img2.doubanio.com/view/photo/s_ratio_poster/public/p2658906692.jpg",
        "id": "34839005",
        "cover_y": 1100,
        "is_new": false
    }, {
        "episodes_info": "",
        "rate": "9.3",
        "cover_x": 1024,
        "title": "极限挑战 第二季",
        "url": "https://movie.douban.com/subject/26615572/",
        "playable": true,
        "cover": "https://img9.doubanio.com/view/photo/s_ratio_poster/public/p2329745796.jpg",
        "id": "26615572",
        "cover_y": 1366,
        "is_new": false
    }, {
        "episodes_info": "",
        "rate": "8.9",
        "cover_x": 1080,
        "title": "明星大侦探 第六季",
        "url": "https://movie.douban.com/subject/35196767/",
        "playable": false,
        "cover": "https://img1.doubanio.com/view/photo/s_ratio_poster/public/p2629958749.jpg",
        "id": "35196767",
        "cover_y": 1920,
        "is_new": false
    }, {
        "episodes_info": "",
        "rate": "6.1",
        "cover_x": 1080,
        "title": "五十公里桃花坞",
        "url": "https://movie.douban.com/subject/35236744/",
        "playable": false,
        "cover": "https://img1.doubanio.com/view/photo/s_ratio_poster/public/p2651378827.jpg",
        "id": "35236744",
        "cover_y": 1920,
        "is_new": false
    }, {
        "episodes_info": "",
        "rate": "8.3",
        "cover_x": 1080,
        "title": "朋友请听好",
        "url": "https://movie.douban.com/subject/34894591/",
        "playable": false,
        "cover": "https://img2.doubanio.com/view/photo/s_ratio_poster/public/p2585215551.jpg",
        "id": "34894591",
        "cover_y": 1511,
        "is_new": false
    }, {
        "episodes_info": "",
        "rate": "8.3",
        "cover_x": 4500,
        "title": "非正式会谈 第6.5季",
        "url": "https://movie.douban.com/subject/35445014/",
        "playable": true,
        "cover": "https://img9.doubanio.com/view/photo/s_ratio_poster/public/p2645180055.jpg",
        "id": "35445014",
        "cover_y": 8000,
        "is_new": false
    }, {
        "episodes_info": "",
        "rate": "8.6",
        "cover_x": 810,
        "title": "明星大侦探 第四季",
        "url": "https://movie.douban.com/subject/30329046/",
        "playable": false,
        "cover": "https://img9.doubanio.com/view/photo/s_ratio_poster/public/p2538816286.jpg",
        "id": "30329046",
        "cover_y": 1215,
        "is_new": false
    }, {
        "episodes_info": "",
        "rate": "9.1",
        "cover_x": 2048,
        "title": "明星大侦探 第二季",
        "url": "https://movie.douban.com/subject/26821378/",
        "playable": true,
        "cover": "https://img2.doubanio.com/view/photo/s_ratio_poster/public/p2410155723.jpg",
        "id": "26821378",
        "cover_y": 3072,
        "is_new": false
    }, {
        "episodes_info": "",
        "rate": "8.4",
        "cover_x": 3000,
        "title": "明星大侦探 第五季",
        "url": "https://movie.douban.com/subject/30446494/",
        "playable": true,
        "cover": "https://img9.doubanio.com/view/photo/s_ratio_poster/public/p2574618624.jpg",
        "id": "30446494",
        "cover_y": 4142,
        "is_new": false
    }, {
        "episodes_info": "",
        "rate": "5.3",
        "cover_x": 1080,
        "title": "奔跑吧 第五季",
        "url": "https://movie.douban.com/subject/35209582/",
        "playable": true,
        "cover": "https://img1.doubanio.com/view/photo/s_ratio_poster/public/p2641982828.jpg",
        "id": "35209582",
        "cover_y": 2105,
        "is_new": false
    }, {
        "episodes_info": "",
        "rate": "8.2",
        "cover_x": 4020,
        "title": "密室大逃脱大神版 第三季",
        "url": "https://movie.douban.com/subject/35461568/",
        "playable": false,
        "cover": "https://img1.doubanio.com/view/photo/s_ratio_poster/public/p2647255907.jpg",
        "id": "35461568",
        "cover_y": 5992,
        "is_new": false
    }, {
        "episodes_info": "",
        "rate": "9.3",
        "cover_x": 2000,
        "title": "戏剧新生活",
        "url": "https://movie.douban.com/subject/35231889/",
        "playable": true,
        "cover": "https://img2.doubanio.com/view/photo/s_ratio_poster/public/p2630822201.jpg",
        "id": "35231889",
        "cover_y": 3556,
        "is_new": false
    }, {
        "episodes_info": "",
        "rate": "6.9",
        "cover_x": 1688,
        "title": "向往的生活 第四季",
        "url": "https://movie.douban.com/subject/34861173/",
        "playable": true,
        "cover": "https://img2.doubanio.com/view/photo/s_ratio_poster/public/p2599875632.jpg",
        "id": "34861173",
        "cover_y": 2706,
        "is_new": false
    }, {
        "episodes_info": "",
        "rate": "9.6",
        "cover_x": 1240,
        "title": "春季露营",
        "url": "https://movie.douban.com/subject/35424801/",
        "playable": false,
        "cover": "https://img9.doubanio.com/view/photo/s_ratio_poster/public/p2643367766.jpg",
        "id": "35424801",
        "cover_y": 1754,
        "is_new": false
    }, {
        "episodes_info": "",
        "rate": "9.3",
        "cover_x": 1080,
        "title": "明星大侦探 第一季",
        "url": "https://movie.douban.com/subject/26737158/",
        "playable": true,
        "cover": "https://img9.doubanio.com/view/photo/s_ratio_poster/public/p2328705965.jpg",
        "id": "26737158",
        "cover_y": 1920,
        "is_new": false
    }, {
        "episodes_info": "",
        "rate": "9.1",
        "cover_x": 994,
        "title": "明星大侦探 第三季",
        "url": "https://movie.douban.com/subject/26999861/",
        "playable": false,
        "cover": "https://img2.doubanio.com/view/photo/s_ratio_poster/public/p2500329741.jpg",
        "id": "26999861",
        "cover_y": 1767,
        "is_new": false
    }, {
        "episodes_info": "",
        "rate": "9.2",
        "cover_x": 1080,
        "title": "声入人心 第一季",
        "url": "https://movie.douban.com/subject/30353394/",
        "playable": true,
        "cover": "https://img9.doubanio.com/view/photo/s_ratio_poster/public/p2537774816.jpg",
        "id": "30353394",
        "cover_y": 1834,
        "is_new": false
    }, {
        "episodes_info": "",
        "rate": "6.8",
        "cover_x": 1518,
        "title": "闪闪发光的你",
        "url": "https://movie.douban.com/subject/35422766/",
        "playable": true,
        "cover": "https://img1.doubanio.com/view/photo/s_ratio_poster/public/p2642724969.jpg",
        "id": "35422766",
        "cover_y": 2441,
        "is_new": false
    }, {
        "episodes_info": "",
        "rate": "8.8",
        "cover_x": 1080,
        "title": "乐队的夏天 第一季",
        "url": "https://movie.douban.com/subject/30357990/",
        "playable": true,
        "cover": "https://img9.doubanio.com/view/photo/s_ratio_poster/public/p2556110785.jpg",
        "id": "30357990",
        "cover_y": 1920,
        "is_new": false
    }, {
        "episodes_info": "",
        "rate": "8.3",
        "cover_x": 2480,
        "title": "令人心动的offer 第一季",
        "url": "https://movie.douban.com/subject/34855021/",
        "playable": true,
        "cover": "https://img3.doubanio.com/view/photo/s_ratio_poster/public/p2573706800.jpg",
        "id": "34855021",
        "cover_y": 4724,
        "is_new": false
    }, {
        "episodes_info": "",
        "rate": "6.6",
        "cover_x": 2160,
        "title": "演员请就位 第一季",
        "url": "https://movie.douban.com/subject/33385536/",
        "playable": true,
        "cover": "https://img1.doubanio.com/view/photo/s_ratio_poster/public/p2571224839.jpg",
        "id": "33385536",
        "cover_y": 3840,
        "is_new": false
    }, {
        "episodes_info": "",
        "rate": "8.5",
        "cover_x": 610,
        "title": "换乘恋爱",
        "url": "https://movie.douban.com/subject/35510204/",
        "playable": false,
        "cover": "https://img3.doubanio.com/view/photo/s_ratio_poster/public/p2665544860.jpg",
        "id": "35510204",
        "cover_y": 863,
        "is_new": false
    }, {
        "episodes_info": "",
        "rate": "8.7",
        "cover_x": 450,
        "title": "守护解放西",
        "url": "https://movie.douban.com/subject/34800399/",
        "playable": true,
        "cover": "https://img1.doubanio.com/view/photo/s_ratio_poster/public/p2566291857.jpg",
        "id": "34800399",
        "cover_y": 600,
        "is_new": false
    }, {
        "episodes_info": "",
        "rate": "9.4",
        "cover_x": 1080,
        "title": "锵锵行天下 第二季",
        "url": "https://movie.douban.com/subject/35356724/",
        "playable": true,
        "cover": "https://img1.doubanio.com/view/photo/s_ratio_poster/public/p2632433599.jpg",
        "id": "35356724",
        "cover_y": 1920,
        "is_new": false
    }, {
        "episodes_info": "",
        "rate": "9.6",
        "cover_x": 880,
        "title": "Running Man",
        "url": "https://movie.douban.com/subject/10509888/",
        "playable": false,
        "cover": "https://img2.doubanio.com/view/photo/s_ratio_poster/public/p2512561572.jpg",
        "id": "10509888",
        "cover_y": 1280,
        "is_new": false
    }, {
        "episodes_info": "",
        "rate": "8.8",
        "cover_x": 1080,
        "title": "我的青铜时代",
        "url": "https://movie.douban.com/subject/35482272/",
        "playable": true,
        "cover": "https://img2.doubanio.com/view/photo/s_ratio_poster/public/p2654980661.jpg",
        "id": "35482272",
        "cover_y": 1920,
        "is_new": false
    }, {
        "episodes_info": "",
        "rate": "6.3",
        "cover_x": 1080,
        "title": "偶像练习生",
        "url": "https://movie.douban.com/subject/27594877/",
        "playable": true,
        "cover": "https://img1.doubanio.com/view/photo/s_ratio_poster/public/p2511493118.jpg",
        "id": "27594877",
        "cover_y": 1920,
        "is_new": false
    }, {
        "episodes_info": "",
        "rate": "7.5",
        "cover_x": 1080,
        "title": "心动的信号 第二季",
        "url": "https://movie.douban.com/subject/30458142/",
        "playable": true,
        "cover": "https://img2.doubanio.com/view/photo/s_ratio_poster/public/p2562668422.jpg",
        "id": "30458142",
        "cover_y": 1920,
        "is_new": false
    }, {
        "episodes_info": "",
        "rate": "7.6",
        "cover_x": 1080,
        "title": "怦然心动20岁",
        "url": "https://movie.douban.com/subject/35411560/",
        "playable": true,
        "cover": "https://img1.doubanio.com/view/photo/s_ratio_poster/public/p2640421409.jpg",
        "id": "35411560",
        "cover_y": 1920,
        "is_new": false
    }, {
        "episodes_info": "",
        "rate": "8.5",
        "cover_x": 600,
        "title": "粉墨之家",
        "url": "https://movie.douban.com/subject/27597023/",
        "playable": false,
        "cover": "https://img9.doubanio.com/view/photo/s_ratio_poster/public/p2509932645.jpg",
        "id": "27597023",
        "cover_y": 900,
        "is_new": false
    }, {
        "episodes_info": "",
        "rate": "8.9",
        "cover_x": 1000,
        "title": "有点心机又如何",
        "url": "https://movie.douban.com/subject/34937668/",
        "playable": true,
        "cover": "https://img9.doubanio.com/view/photo/s_ratio_poster/public/p2615941185.jpg",
        "id": "34937668",
        "cover_y": 1500,
        "is_new": false
    }, {
        "episodes_info": "",
        "rate": "9.4",
        "cover_x": 832,
        "title": "机智的露营生活",
        "url": "https://movie.douban.com/subject/35382366/",
        "playable": false,
        "cover": "https://img2.doubanio.com/view/photo/s_ratio_poster/public/p2634392812.jpg",
        "id": "35382366",
        "cover_y": 1074,
        "is_new": false
    }, {
        "episodes_info": "",
        "rate": "9.2",
        "cover_x": 473,
        "title": "明星大侦探之名侦探学院 第一季",
        "url": "https://movie.douban.com/subject/34889671/",
        "playable": false,
        "cover": "https://img2.doubanio.com/view/photo/s_ratio_poster/public/p2574254332.jpg",
        "id": "34889671",
        "cover_y": 709,
        "is_new": false
    }, {
        "episodes_info": "",
        "rate": "9.6",
        "cover_x": 405,
        "title": "宋旻浩的实验室",
        "url": "https://movie.douban.com/subject/35497893/",
        "playable": false,
        "cover": "https://img1.doubanio.com/view/photo/s_ratio_poster/public/p2665568877.jpg",
        "id": "35497893",
        "cover_y": 594,
        "is_new": false
    }, {
        "episodes_info": "",
        "rate": "",
        "cover_x": 1080,
        "title": "黑怕女孩",
        "url": "https://movie.douban.com/subject/35322686/",
        "playable": true,
        "cover": "https://img1.doubanio.com/view/photo/s_ratio_poster/public/p2654005678.jpg",
        "id": "35322686",
        "cover_y": 1920,
        "is_new": true
    }, {
        "episodes_info": "",
        "rate": "9.6",
        "cover_x": 500,
        "title": "超级乐队",
        "url": "https://movie.douban.com/subject/33218224/",
        "playable": false,
        "cover": "https://img9.doubanio.com/view/photo/s_ratio_poster/public/p2553660376.jpg",
        "id": "33218224",
        "cover_y": 705,
        "is_new": false
    }]
