[
    {
      "episodes_info": "",
      "rate": "8.4",
      "cover_x": 803,
      "title": "春夜",
      "url": "https://movie.douban.com/subject/30428225/",
      "playable": false,
      "cover": "https://img2.doubanio.com/view/photo/s_ratio_poster/public/p2554598542.jpg",
      "id": "30428225",
      "cover_y": 1200,
      "is_new": false
    },
    {
      "episodes_info": "",
      "rate": "7.0",
      "cover_x": 1920,
      "title": "双探",
      "url": "https://movie.douban.com/subject/34807868/",
      "playable": true,
      "cover": "https://img3.doubanio.com/view/photo/s_ratio_poster/public/p2679107810.jpg",
      "id": "34807868",
      "cover_y": 3413,
      "is_new": false
    },
    {
      "episodes_info": "",
      "rate": "9.2",
      "cover_x": 448,
      "title": "天道",
      "url": "https://movie.douban.com/subject/2347485/",
      "playable": true,
      "cover": "https://img2.doubanio.com/view/photo/s_ratio_poster/public/p2374798402.jpg",
      "id": "2347485",
      "cover_y": 672,
      "is_new": false
    },
    {
      "episodes_info": "",
      "rate": "9.1",
      "cover_x": 1280,
      "title": "Move to Heaven：我是遗物整理师",
      "url": "https://movie.douban.com/subject/34929977/",
      "playable": false,
      "cover": "https://img1.doubanio.com/view/photo/s_ratio_poster/public/p2641916348.jpg",
      "id": "34929977",
      "cover_y": 1898,
      "is_new": false
    },
    {
      "episodes_info": "30集全",
      "rate": "6.2",
      "cover_x": 1080,
      "title": "一生一世",
      "url": "https://movie.douban.com/subject/35095274/",
      "playable": true,
      "cover": "https://img9.doubanio.com/view/photo/s_ratio_poster/public/p2626552924.jpg",
      "id": "35095274",
      "cover_y": 1920,
      "is_new": false
    },
    {
      "episodes_info": "",
      "rate": "9.4",
      "cover_x": 995,
      "title": "胜者即是正义",
      "url": "https://movie.douban.com/subject/10491666/",
      "playable": true,
      "cover": "https://img2.doubanio.com/view/photo/s_ratio_poster/public/p1901775591.jpg",
      "id": "10491666",
      "cover_y": 1350,
      "is_new": false
    },
    {
      "episodes_info": "",
      "rate": "8.4",
      "cover_x": 2000,
      "title": "你好生活 第三季",
      "url": "https://movie.douban.com/subject/35550625/",
      "playable": true,
      "cover": "https://img2.doubanio.com/view/photo/s_ratio_poster/public/p2674751591.jpg",
      "id": "35550625",
      "cover_y": 3000,
      "is_new": false
    },
    {
      "episodes_info": "",
      "rate": "9.6",
      "cover_x": 560,
      "title": "武林外传",
      "url": "https://movie.douban.com/subject/3882715/",
      "playable": true,
      "cover": "https://img2.doubanio.com/view/photo/s_ratio_poster/public/p2529669661.jpg",
      "id": "3882715",
      "cover_y": 960,
      "is_new": false
    },
    {
      "episodes_info": "",
      "rate": "9.0",
      "cover_x": 1200,
      "title": "白夜追凶",
      "url": "https://movie.douban.com/subject/26883064/",
      "playable": true,
      "cover": "https://img1.doubanio.com/view/photo/s_ratio_poster/public/p2483150767.jpg",
      "id": "26883064",
      "cover_y": 2134,
      "is_new": false
    },
    {
      "episodes_info": "",
      "rate": "8.4",
      "cover_x": 1414,
      "title": "关于前辈很烦人的事",
      "url": "https://movie.douban.com/subject/35128772/",
      "playable": false,
      "cover": "https://img2.doubanio.com/view/photo/s_ratio_poster/public/p2676191891.jpg",
      "id": "35128772",
      "cover_y": 2000,
      "is_new": false
    },
    {
      "episodes_info": "",
      "rate": "6.9",
      "cover_x": 1080,
      "title": "你是我的荣耀",
      "url": "https://movie.douban.com/subject/33454980/",
      "playable": true,
      "cover": "https://img2.doubanio.com/view/photo/s_ratio_poster/public/p2669942342.jpg",
      "id": "33454980",
      "cover_y": 1620,
      "is_new": false
    },
    {
      "episodes_info": "",
      "rate": "7.5",
      "cover_x": 719,
      "title": "雪崩",
      "url": "https://movie.douban.com/subject/35590025/",
      "playable": false,
      "cover": "https://img2.doubanio.com/view/photo/s_ratio_poster/public/p2693029603.jpg",
      "id": "35590025",
      "cover_y": 1054,
      "is_new": false
    },
    {
      "episodes_info": "",
      "rate": "6.9",
      "cover_x": 2025,
      "title": "黑镜 第五季",
      "url": "https://movie.douban.com/subject/30161936/",
      "playable": false,
      "cover": "https://img9.doubanio.com/view/photo/s_ratio_poster/public/p2558381556.jpg",
      "id": "30161936",
      "cover_y": 3000,
      "is_new": false
    },
    {
      "episodes_info": "",
      "rate": "7.5",
      "cover_x": 1080,
      "title": "美国恐怖故事：双面 第十季",
      "url": "https://movie.douban.com/subject/30301247/",
      "playable": false,
      "cover": "https://img1.doubanio.com/view/photo/s_ratio_poster/public/p2673871178.jpg",
      "id": "30301247",
      "cover_y": 1350,
      "is_new": false
    },
    {
      "episodes_info": "",
      "rate": "9.7",
      "cover_x": 1000,
      "title": "红楼梦",
      "url": "https://movie.douban.com/subject/1864810/",
      "playable": true,
      "cover": "https://img9.doubanio.com/view/photo/s_ratio_poster/public/p2554030915.jpg",
      "id": "1864810",
      "cover_y": 1500,
      "is_new": false
    },
    {
      "episodes_info": "",
      "rate": "9.6",
      "cover_x": 2037,
      "title": "绝命毒师  第五季",
      "url": "https://movie.douban.com/subject/6952149/",
      "playable": false,
      "cover": "https://img2.doubanio.com/view/photo/s_ratio_poster/public/p1579021082.jpg",
      "id": "6952149",
      "cover_y": 3000,
      "is_new": false
    },
    {
      "episodes_info": "",
      "rate": "8.6",
      "cover_x": 1701,
      "title": "窥探",
      "url": "https://movie.douban.com/subject/35027568/",
      "playable": false,
      "cover": "https://img1.doubanio.com/view/photo/s_ratio_poster/public/p2632094497.jpg",
      "id": "35027568",
      "cover_y": 2409,
      "is_new": false
    },
    {
      "episodes_info": "",
      "rate": "9.1",
      "cover_x": 1080,
      "title": "魔道祖师 第三季",
      "url": "https://movie.douban.com/subject/34792351/",
      "playable": true,
      "cover": "https://img2.doubanio.com/view/photo/s_ratio_poster/public/p2675022023.jpg",
      "id": "34792351",
      "cover_y": 1528,
      "is_new": false
    },
    {
      "episodes_info": "",
      "rate": "9.7",
      "cover_x": 500,
      "title": "大明王朝1566",
      "url": "https://movie.douban.com/subject/2210001/",
      "playable": true,
      "cover": "https://img1.doubanio.com/view/photo/s_ratio_poster/public/p2444453078.jpg",
      "id": "2210001",
      "cover_y": 700,
      "is_new": false
    },
    {
      "episodes_info": "",
      "rate": "7.8",
      "cover_x": 1978,
      "title": "无法抗拒的他",
      "url": "https://movie.douban.com/subject/35211575/",
      "playable": false,
      "cover": "https://img2.doubanio.com/view/photo/s_ratio_poster/public/p2652036132.jpg",
      "id": "35211575",
      "cover_y": 2835,
      "is_new": false
    }
  ]