[
    {
      "episodes_info": "更新至2集",
      "rate": "9.7",
      "cover_x": 1600,
      "title": "国王排名",
      "url": "https://movie.douban.com/subject/34927946/",
      "playable": true,
      "cover": "https://img1.doubanio.com/view/photo/s_ratio_poster/public/p2681362557.jpg",
      "id": "34927946",
      "cover_y": 2262,
      "is_new": false
    },
    {
      "episodes_info": "",
      "rate": "9.0",
      "cover_x": 720,
      "title": "最爱",
      "url": "https://movie.douban.com/subject/35528931/",
      "playable": false,
      "cover": "https://img9.doubanio.com/view/photo/s_ratio_poster/public/p2698432495.jpg",
      "id": "35528931",
      "cover_y": 1053,
      "is_new": false
    },
    {
      "episodes_info": "",
      "rate": "8.3",
      "cover_x": 2037,
      "title": "数码宝贝：幽灵游戏",
      "url": "https://movie.douban.com/subject/35559563/",
      "playable": false,
      "cover": "https://img1.doubanio.com/view/photo/s_ratio_poster/public/p2689637387.jpg",
      "id": "35559563",
      "cover_y": 2871,
      "is_new": true
    },
    {
      "episodes_info": "",
      "rate": "6.1",
      "cover_x": 800,
      "title": "致命钥匙 第二季",
      "url": "https://movie.douban.com/subject/35026193/",
      "playable": false,
      "cover": "https://img1.doubanio.com/view/photo/s_ratio_poster/public/p2700399448.jpg",
      "id": "35026193",
      "cover_y": 1200,
      "is_new": true
    },
    {
      "episodes_info": "更新至10集",
      "rate": "",
      "cover_x": 1080,
      "title": "突围",
      "url": "https://movie.douban.com/subject/27015861/",
      "playable": true,
      "cover": "https://img2.doubanio.com/view/photo/s_ratio_poster/public/p2702666102.jpg",
      "id": "27015861",
      "cover_y": 1839,
      "is_new": true
    },
    {
      "episodes_info": "",
      "rate": "7.6",
      "cover_x": 1500,
      "title": "鱿鱼游戏",
      "url": "https://movie.douban.com/subject/34812928/",
      "playable": false,
      "cover": "https://img1.doubanio.com/view/photo/s_ratio_poster/public/p2677934359.jpg",
      "id": "34812928",
      "cover_y": 2222,
      "is_new": false
    },
    {
      "episodes_info": "12集全",
      "rate": "5.7",
      "cover_x": 1080,
      "title": "八角亭谜雾",
      "url": "https://movie.douban.com/subject/35307435/",
      "playable": true,
      "cover": "https://img9.doubanio.com/view/photo/s_ratio_poster/public/p2697036125.jpg",
      "id": "35307435",
      "cover_y": 1920,
      "is_new": false
    },
    {
      "episodes_info": "",
      "rate": "8.7",
      "cover_x": 1125,
      "title": "消失的初恋",
      "url": "https://movie.douban.com/subject/35563503/",
      "playable": false,
      "cover": "https://img1.doubanio.com/view/photo/s_ratio_poster/public/p2688266217.jpg",
      "id": "35563503",
      "cover_y": 1586,
      "is_new": false
    },
    {
      "episodes_info": "",
      "rate": "8.9",
      "cover_x": 720,
      "title": "这是恋爱！不良少年与白手杖女孩",
      "url": "https://movie.douban.com/subject/35525539/",
      "playable": false,
      "cover": "https://img1.doubanio.com/view/photo/s_ratio_poster/public/p2684947609.jpg",
      "id": "35525539",
      "cover_y": 762,
      "is_new": false
    },
    {
      "episodes_info": "48集全",
      "rate": "9.1",
      "cover_x": 4488,
      "title": "功勋",
      "url": "https://movie.douban.com/subject/34951103/",
      "playable": true,
      "cover": "https://img2.doubanio.com/view/photo/s_ratio_poster/public/p2689493412.jpg",
      "id": "34951103",
      "cover_y": 6260,
      "is_new": false
    },
    {
      "episodes_info": "",
      "rate": "8.7",
      "cover_x": 2000,
      "title": "逆局",
      "url": "https://movie.douban.com/subject/35240435/",
      "playable": false,
      "cover": "https://img2.doubanio.com/view/photo/s_ratio_poster/public/p2681444031.jpg",
      "id": "35240435",
      "cover_y": 2798,
      "is_new": false
    },
    {
      "episodes_info": "",
      "rate": "7.8",
      "cover_x": 1381,
      "title": "我的名字",
      "url": "https://movie.douban.com/subject/35172465/",
      "playable": false,
      "cover": "https://img2.doubanio.com/view/photo/s_ratio_poster/public/p2680694592.jpg",
      "id": "35172465",
      "cover_y": 2048,
      "is_new": false
    },
    {
      "episodes_info": "",
      "rate": "7.7",
      "cover_x": 1772,
      "title": "一年一度喜剧大赛",
      "url": "https://movie.douban.com/subject/35467072/",
      "playable": true,
      "cover": "https://img1.doubanio.com/view/photo/s_ratio_poster/public/p2701105839.jpg",
      "id": "35467072",
      "cover_y": 3150,
      "is_new": false
    },
    {
      "episodes_info": "",
      "rate": "7.0",
      "cover_x": 1416,
      "title": "智异山",
      "url": "https://movie.douban.com/subject/34982936/",
      "playable": false,
      "cover": "https://img1.doubanio.com/view/photo/s_ratio_poster/public/p2688689409.jpg",
      "id": "34982936",
      "cover_y": 2000,
      "is_new": true
    },
    {
      "episodes_info": "",
      "rate": "8.8",
      "cover_x": 2000,
      "title": "海岸村恰恰恰",
      "url": "https://movie.douban.com/subject/35296153/",
      "playable": false,
      "cover": "https://img9.doubanio.com/view/photo/s_ratio_poster/public/p2675934255.jpg",
      "id": "35296153",
      "cover_y": 2825,
      "is_new": false
    },
    {
      "episodes_info": "24集全",
      "rate": "7.4",
      "cover_x": 1400,
      "title": "我的巴比伦恋人",
      "url": "https://movie.douban.com/subject/30132501/",
      "playable": true,
      "cover": "https://img1.doubanio.com/view/photo/s_ratio_poster/public/p2687480989.jpg",
      "id": "30132501",
      "cover_y": 2489,
      "is_new": false
    },
    {
      "episodes_info": "",
      "rate": "8.0",
      "cover_x": 720,
      "title": "真凶标签",
      "url": "https://movie.douban.com/subject/35563476/",
      "playable": false,
      "cover": "https://img2.doubanio.com/view/photo/s_ratio_poster/public/p2686986712.jpg",
      "id": "35563476",
      "cover_y": 866,
      "is_new": false
    },
    {
      "episodes_info": "25集全",
      "rate": "9.1",
      "cover_x": 1365,
      "title": "星空下的仁医",
      "url": "https://movie.douban.com/subject/35419372/",
      "playable": true,
      "cover": "https://img2.doubanio.com/view/photo/s_ratio_poster/public/p2690388701.jpg",
      "id": "35419372",
      "cover_y": 2048,
      "is_new": false
    },
    {
      "episodes_info": "",
      "rate": "8.8",
      "cover_x": 1080,
      "title": "再见爱人",
      "url": "https://movie.douban.com/subject/35438177/",
      "playable": true,
      "cover": "https://img3.doubanio.com/view/photo/s_ratio_poster/public/p2673374680.jpg",
      "id": "35438177",
      "cover_y": 1920,
      "is_new": false
    },
    {
      "episodes_info": "更新至12集",
      "rate": "",
      "cover_x": 5906,
      "title": "第十二秒",
      "url": "https://movie.douban.com/subject/30148171/",
      "playable": true,
      "cover": "https://img1.doubanio.com/view/photo/s_ratio_poster/public/p2694573918.jpg",
      "id": "30148171",
      "cover_y": 9055,
      "is_new": false
    }
  ]
