[
    {
      "episodes_info": "",
      "rate": "9.5",
      "cover_x": 1701,
      "title": "机智的山村生活",
      "url": "https://movie.douban.com/subject/35605389/",
      "playable": false,
      "cover": "https://img2.doubanio.com/view/photo/s_ratio_poster/public/p2688699322.jpg",
      "id": "35605389",
      "cover_y": 2409,
      "is_new": false
    },
    {
      "episodes_info": "更新至18集",
      "rate": "",
      "cover_x": 1080,
      "title": "只是结婚的关系",
      "url": "https://movie.douban.com/subject/34991527/",
      "playable": true,
      "cover": "https://img1.doubanio.com/view/photo/s_ratio_poster/public/p2688696457.jpg",
      "id": "34991527",
      "cover_y": 1515,
      "is_new": false
    },
    {
      "episodes_info": "",
      "rate": "8.0",
      "cover_x": 1500,
      "title": "弥留之国的爱丽丝 第一季",
      "url": "https://movie.douban.com/subject/34477588/",
      "playable": false,
      "cover": "https://img2.doubanio.com/view/photo/s_ratio_poster/public/p2624050592.jpg",
      "id": "34477588",
      "cover_y": 2224,
      "is_new": false
    },
    {
      "episodes_info": "",
      "rate": "8.4",
      "cover_x": 1000,
      "title": "你 第三季",
      "url": "https://movie.douban.com/subject/34917887/",
      "playable": false,
      "cover": "https://img1.doubanio.com/view/photo/s_ratio_poster/public/p2684105848.jpg",
      "id": "34917887",
      "cover_y": 1500,
      "is_new": false
    },
    {
      "episodes_info": "",
      "rate": "7.4",
      "cover_x": 600,
      "title": "披荆斩棘的哥哥",
      "url": "https://movie.douban.com/subject/35161214/",
      "playable": true,
      "cover": "https://img9.doubanio.com/view/photo/s_ratio_poster/public/p2675460635.jpg",
      "id": "35161214",
      "cover_y": 840,
      "is_new": false
    },
    {
      "episodes_info": "",
      "rate": "6.7",
      "cover_x": 1439,
      "title": "无神之地不下雨",
      "url": "https://movie.douban.com/subject/35237235/",
      "playable": false,
      "cover": "https://img9.doubanio.com/view/photo/s_ratio_poster/public/p2680893626.jpg",
      "id": "35237235",
      "cover_y": 2048,
      "is_new": false
    },
    {
      "episodes_info": "",
      "rate": "9.2",
      "cover_x": 707,
      "title": "鬼灭之刃 无限列车篇",
      "url": "https://movie.douban.com/subject/35620761/",
      "playable": false,
      "cover": "https://img9.doubanio.com/view/photo/s_ratio_poster/public/p2694561204.jpg",
      "id": "35620761",
      "cover_y": 1000,
      "is_new": false
    },
    {
      "episodes_info": "更新至6集",
      "rate": "9.2",
      "cover_x": 960,
      "title": "平家物语",
      "url": "https://movie.douban.com/subject/35590029/",
      "playable": true,
      "cover": "https://img3.doubanio.com/view/photo/s_ratio_poster/public/p2682264910.jpg",
      "id": "35590029",
      "cover_y": 1280,
      "is_new": false
    },
    {
      "episodes_info": "",
      "rate": "9.1",
      "cover_x": 1536,
      "title": "D.P：逃兵追缉令",
      "url": "https://movie.douban.com/subject/35028876/",
      "playable": false,
      "cover": "https://img3.doubanio.com/view/photo/s_ratio_poster/public/p2676491350.jpg",
      "id": "35028876",
      "cover_y": 2276,
      "is_new": false
    },
    {
      "episodes_info": "",
      "rate": "7.6",
      "cover_x": 1080,
      "title": "脱口秀大会 第四季",
      "url": "https://movie.douban.com/subject/35206452/",
      "playable": true,
      "cover": "https://img2.doubanio.com/view/photo/s_ratio_poster/public/p2675827902.jpg",
      "id": "35206452",
      "cover_y": 1920,
      "is_new": false
    },
    {
      "episodes_info": "",
      "rate": "6.4",
      "cover_x": 2000,
      "title": "基地 第一季",
      "url": "https://movie.douban.com/subject/3161109/",
      "playable": false,
      "cover": "https://img1.doubanio.com/view/photo/s_ratio_poster/public/p2665224649.jpg",
      "id": "3161109",
      "cover_y": 3000,
      "is_new": false
    },
    {
      "episodes_info": "",
      "rate": "9.1",
      "cover_x": 1080,
      "title": "沉默的真相",
      "url": "https://movie.douban.com/subject/33447642/",
      "playable": true,
      "cover": "https://img2.doubanio.com/view/photo/s_ratio_poster/public/p2620780603.jpg",
      "id": "33447642",
      "cover_y": 1620,
      "is_new": false
    },
    {
      "episodes_info": "",
      "rate": "9.7",
      "cover_x": 1701,
      "title": "请回答1988",
      "url": "https://movie.douban.com/subject/26302614/",
      "playable": true,
      "cover": "https://img9.doubanio.com/view/photo/s_ratio_poster/public/p2272563445.jpg",
      "id": "26302614",
      "cover_y": 2410,
      "is_new": false
    },
    {
      "episodes_info": "",
      "rate": "9.6",
      "cover_x": 1536,
      "title": "继承之战 第三季",
      "url": "https://movie.douban.com/subject/34960159/",
      "playable": false,
      "cover": "https://img1.doubanio.com/view/photo/s_ratio_poster/public/p2681762667.jpg",
      "id": "34960159",
      "cover_y": 1920,
      "is_new": false
    },
    {
      "episodes_info": "",
      "rate": "8.9",
      "cover_x": 2000,
      "title": "东城梦魇",
      "url": "https://movie.douban.com/subject/30441731/",
      "playable": false,
      "cover": "https://img1.doubanio.com/view/photo/s_ratio_poster/public/p2637878518.jpg",
      "id": "30441731",
      "cover_y": 3000,
      "is_new": false
    },
    {
      "episodes_info": "",
      "rate": "9.4",
      "cover_x": 1000,
      "title": "琅琊榜",
      "url": "https://movie.douban.com/subject/25754848/",
      "playable": true,
      "cover": "https://img1.doubanio.com/view/photo/s_ratio_poster/public/p2271982968.jpg",
      "id": "25754848",
      "cover_y": 1500,
      "is_new": false
    },
    {
      "episodes_info": "",
      "rate": "9.3",
      "cover_x": 1000,
      "title": "觉醒年代",
      "url": "https://movie.douban.com/subject/30228394/",
      "playable": true,
      "cover": "https://img9.doubanio.com/view/photo/s_ratio_poster/public/p2631873666.jpg",
      "id": "30228394",
      "cover_y": 1333,
      "is_new": false
    },
    {
      "episodes_info": "",
      "rate": "9.5",
      "cover_x": 960,
      "title": "机智医生生活 第二季",
      "url": "https://movie.douban.com/subject/35049544/",
      "playable": false,
      "cover": "https://img9.doubanio.com/view/photo/s_ratio_poster/public/p2649727974.jpg",
      "id": "35049544",
      "cover_y": 1360,
      "is_new": false
    },
    {
      "episodes_info": "更新至9集",
      "rate": "9.5",
      "cover_x": 945,
      "title": "无穷之路",
      "url": "https://movie.douban.com/subject/35574495/",
      "playable": true,
      "cover": "https://img1.doubanio.com/view/photo/s_ratio_poster/public/p2678041238.jpg",
      "id": "35574495",
      "cover_y": 1350,
      "is_new": false
    },
    {
      "episodes_info": "",
      "rate": "7.2",
      "cover_x": 1056,
      "title": "扫黑风暴",
      "url": "https://movie.douban.com/subject/35202793/",
      "playable": true,
      "cover": "https://img9.doubanio.com/view/photo/s_ratio_poster/public/p2623884456.jpg",
      "id": "35202793",
      "cover_y": 1408,
      "is_new": false
    }
  ]
