[
    {
      "episodes_info": "",
      "rate": "7.7",
      "cover_x": 1446,
      "title": "和田家的男人们",
      "url": "https://movie.douban.com/subject/35588380/",
      "playable": false,
      "cover": "https://img2.doubanio.com/view/photo/s_ratio_poster/public/p2691861552.jpg",
      "id": "35588380",
      "cover_y": 2048,
      "is_new": true
    },
    {
      "episodes_info": "",
      "rate": "7.9",
      "cover_x": 1448,
      "title": "一个女人",
      "url": "https://movie.douban.com/subject/35295898/",
      "playable": false,
      "cover": "https://img9.doubanio.com/view/photo/s_ratio_poster/public/p2680897775.jpg",
      "id": "35295898",
      "cover_y": 2047,
      "is_new": false
    },
    {
      "episodes_info": "",
      "rate": "9.3",
      "cover_x": 900,
      "title": "后宫·甄嬛传",
      "url": "https://movie.douban.com/subject/4922787/",
      "playable": true,
      "cover": "https://img2.doubanio.com/view/photo/s_ratio_poster/public/p2456185533.jpg",
      "id": "4922787",
      "cover_y": 1350,
      "is_new": false
    },
    {
      "episodes_info": "",
      "rate": "9.5",
      "cover_x": 1200,
      "title": "机智医生生活",
      "url": "https://movie.douban.com/subject/33464863/",
      "playable": false,
      "cover": "https://img1.doubanio.com/view/photo/s_ratio_poster/public/p2586800409.jpg",
      "id": "33464863",
      "cover_y": 1700,
      "is_new": false
    },
    {
      "episodes_info": "",
      "rate": "7.7",
      "cover_x": 3764,
      "title": "乔家的儿女",
      "url": "https://movie.douban.com/subject/34792295/",
      "playable": true,
      "cover": "https://img9.doubanio.com/view/photo/s_ratio_poster/public/p2676263914.jpg",
      "id": "34792295",
      "cover_y": 5500,
      "is_new": false
    },
    {
      "episodes_info": "",
      "rate": "7.8",
      "cover_x": 1223,
      "title": "日本沉没：希望之人",
      "url": "https://movie.douban.com/subject/35230996/",
      "playable": false,
      "cover": "https://img1.doubanio.com/view/photo/s_ratio_poster/public/p2697813758.jpg",
      "id": "35230996",
      "cover_y": 1835,
      "is_new": false
    },
    {
      "episodes_info": "",
      "rate": "9.2",
      "cover_x": 848,
      "title": "X医生：外科医生大门未知子 第7季",
      "url": "https://movie.douban.com/subject/35471063/",
      "playable": false,
      "cover": "https://img3.doubanio.com/view/photo/s_ratio_poster/public/p2690948080.jpg",
      "id": "35471063",
      "cover_y": 1199,
      "is_new": false
    },
    {
      "episodes_info": "",
      "rate": "8.7",
      "cover_x": 1124,
      "title": "这！就是街舞 第四季",
      "url": "https://movie.douban.com/subject/35251082/",
      "playable": true,
      "cover": "https://img2.doubanio.com/view/photo/s_ratio_poster/public/p2675847901.jpg",
      "id": "35251082",
      "cover_y": 2000,
      "is_new": false
    },
    {
      "episodes_info": "更新至16集",
      "rate": "",
      "cover_x": 1080,
      "title": "您好！母亲大人",
      "url": "https://movie.douban.com/subject/34447364/",
      "playable": true,
      "cover": "https://img1.doubanio.com/view/photo/s_ratio_poster/public/p2688663989.jpg",
      "id": "34447364",
      "cover_y": 1920,
      "is_new": false
    },
    {
      "episodes_info": "",
      "rate": "9.4",
      "cover_x": 400,
      "title": "非自然死亡",
      "url": "https://movie.douban.com/subject/27140017/",
      "playable": true,
      "cover": "https://img1.doubanio.com/view/photo/s_ratio_poster/public/p2510604929.jpg",
      "id": "27140017",
      "cover_y": 600,
      "is_new": false
    },
    {
      "episodes_info": "",
      "rate": "",
      "cover_x": 892,
      "title": "时光音乐会",
      "url": "https://movie.douban.com/subject/35633481/",
      "playable": true,
      "cover": "https://img2.doubanio.com/view/photo/s_ratio_poster/public/p2703876042.jpg",
      "id": "35633481",
      "cover_y": 1338,
      "is_new": true
    },
    {
      "episodes_info": "",
      "rate": "8.3",
      "cover_x": 667,
      "title": "匹诺曹",
      "url": "https://movie.douban.com/subject/25928794/",
      "playable": true,
      "cover": "https://img1.doubanio.com/view/photo/s_ratio_poster/public/p2209805848.jpg",
      "id": "25928794",
      "cover_y": 1000,
      "is_new": false
    },
    {
      "episodes_info": "",
      "rate": "9.3",
      "cover_x": 1500,
      "title": "运动天才安宰贤",
      "url": "https://movie.douban.com/subject/35604657/",
      "playable": false,
      "cover": "https://img9.doubanio.com/view/photo/s_ratio_poster/public/p2692463995.jpg",
      "id": "35604657",
      "cover_y": 2151,
      "is_new": false
    },
    {
      "episodes_info": "12集全",
      "rate": "9.1",
      "cover_x": 2024,
      "title": "漂流少年",
      "url": "https://movie.douban.com/subject/35427522/",
      "playable": true,
      "cover": "https://img2.doubanio.com/view/photo/s_ratio_poster/public/p2659821253.jpg",
      "id": "35427522",
      "cover_y": 2866,
      "is_new": false
    },
    {
      "episodes_info": "",
      "rate": "8.0",
      "cover_x": 1080,
      "title": "御赐小仵作",
      "url": "https://movie.douban.com/subject/32581207/",
      "playable": true,
      "cover": "https://img2.doubanio.com/view/photo/s_ratio_poster/public/p2652208493.jpg",
      "id": "32581207",
      "cover_y": 1656,
      "is_new": false
    },
    {
      "episodes_info": "",
      "rate": "6.3",
      "cover_x": 2000,
      "title": "入侵",
      "url": "https://movie.douban.com/subject/35196748/",
      "playable": false,
      "cover": "https://img2.doubanio.com/view/photo/s_ratio_poster/public/p2685699001.jpg",
      "id": "35196748",
      "cover_y": 3000,
      "is_new": true
    },
    {
      "episodes_info": "",
      "rate": "7.3",
      "cover_x": 600,
      "title": "周生如故",
      "url": "https://movie.douban.com/subject/35480932/",
      "playable": true,
      "cover": "https://img3.doubanio.com/view/photo/s_ratio_poster/public/p2677154890.jpg",
      "id": "35480932",
      "cover_y": 1066,
      "is_new": false
    },
    {
      "episodes_info": "",
      "rate": "8.1",
      "cover_x": 1296,
      "title": "白莲花度假村 第一季",
      "url": "https://movie.douban.com/subject/35506348/",
      "playable": false,
      "cover": "https://img2.doubanio.com/view/photo/s_ratio_poster/public/p2669993942.jpg",
      "id": "35506348",
      "cover_y": 1920,
      "is_new": false
    },
    {
      "episodes_info": "",
      "rate": "7.1",
      "cover_x": 720,
      "title": "超富",
      "url": "https://movie.douban.com/subject/35572690/",
      "playable": false,
      "cover": "https://img9.doubanio.com/view/photo/s_ratio_poster/public/p2689100744.jpg",
      "id": "35572690",
      "cover_y": 1054,
      "is_new": false
    },
    {
      "episodes_info": "",
      "rate": "8.7",
      "cover_x": 718,
      "title": "为了N",
      "url": "https://movie.douban.com/subject/25960944/",
      "playable": true,
      "cover": "https://img2.doubanio.com/view/photo/s_ratio_poster/public/p2201988983.jpg",
      "id": "25960944",
      "cover_y": 1005,
      "is_new": false
    }
  ]
