[
    {
      "episodes_info": "更新至20集",
      "rate": "",
      "cover_x": 1080,
      "title": "真相",
      "url": "https://movie.douban.com/subject/34982422/",
      "playable": true,
      "cover": "https://img9.doubanio.com/view/photo/s_ratio_poster/public/p2696272736.jpg",
      "id": "34982422",
      "cover_y": 1634,
      "is_new": false
    },
    {
      "episodes_info": "更新至18集",
      "rate": "",
      "cover_x": 706,
      "title": "嘉南传",
      "url": "https://movie.douban.com/subject/32486616/",
      "playable": true,
      "cover": "https://img9.doubanio.com/view/photo/s_ratio_poster/public/p2700091894.jpg",
      "id": "32486616",
      "cover_y": 1076,
      "is_new": false
    },
    {
      "episodes_info": "",
      "rate": "",
      "cover_x": 3000,
      "title": "前行者",
      "url": "https://movie.douban.com/subject/35240223/",
      "playable": true,
      "cover": "https://img1.doubanio.com/view/photo/s_ratio_poster/public/p2707281359.jpg",
      "id": "35240223",
      "cover_y": 5333,
      "is_new": true
    },
    {
      "episodes_info": "",
      "rate": "9.3",
      "cover_x": 1462,
      "title": "俗女养成记2",
      "url": "https://movie.douban.com/subject/35215517/",
      "playable": false,
      "cover": "https://img1.doubanio.com/view/photo/s_ratio_poster/public/p2676295767.jpg",
      "id": "35215517",
      "cover_y": 2048,
      "is_new": false
    },
    {
      "episodes_info": "",
      "rate": "8.7",
      "cover_x": 1200,
      "title": "人间失格",
      "url": "https://movie.douban.com/subject/35131298/",
      "playable": false,
      "cover": "https://img2.doubanio.com/view/photo/s_ratio_poster/public/p2673937662.jpg",
      "id": "35131298",
      "cover_y": 1716,
      "is_new": false
    },
    {
      "episodes_info": "",
      "rate": "9.6",
      "cover_x": 1359,
      "title": "万物生灵 第二季",
      "url": "https://movie.douban.com/subject/35274831/",
      "playable": false,
      "cover": "https://img9.doubanio.com/view/photo/s_ratio_poster/public/p2684224665.jpg",
      "id": "35274831",
      "cover_y": 1779,
      "is_new": false
    },
    {
      "episodes_info": "",
      "rate": "8.9",
      "cover_x": 770,
      "title": "一人之下 第四季",
      "url": "https://movie.douban.com/subject/35169989/",
      "playable": true,
      "cover": "https://img2.doubanio.com/view/photo/s_ratio_poster/public/p2678073503.jpg",
      "id": "35169989",
      "cover_y": 1080,
      "is_new": false
    },
    {
      "episodes_info": "",
      "rate": "8.8",
      "cover_x": 2025,
      "title": "婚姻生活",
      "url": "https://movie.douban.com/subject/35136700/",
      "playable": false,
      "cover": "https://img1.doubanio.com/view/photo/s_ratio_poster/public/p2677152529.jpg",
      "id": "35136700",
      "cover_y": 3000,
      "is_new": false
    },
    {
      "episodes_info": "36集全",
      "rate": "8.0",
      "cover_x": 5906,
      "title": "启航：当风起时",
      "url": "https://movie.douban.com/subject/35182804/",
      "playable": true,
      "cover": "https://img1.doubanio.com/view/photo/s_ratio_poster/public/p2681871548.jpg",
      "id": "35182804",
      "cover_y": 9055,
      "is_new": false
    },
    {
      "episodes_info": "",
      "rate": "9.1",
      "cover_x": 1500,
      "title": "性爱自修室 第三季",
      "url": "https://movie.douban.com/subject/34966169/",
      "playable": false,
      "cover": "https://img9.doubanio.com/view/photo/s_ratio_poster/public/p2677963424.jpg",
      "id": "34966169",
      "cover_y": 2222,
      "is_new": false
    },
    {
      "episodes_info": "",
      "rate": "9.3",
      "cover_x": 782,
      "title": "小谢尔顿 第五季",
      "url": "https://movie.douban.com/subject/35420023/",
      "playable": false,
      "cover": "https://img9.doubanio.com/view/photo/s_ratio_poster/public/p2692536045.jpg",
      "id": "35420023",
      "cover_y": 1126,
      "is_new": false
    },
    {
      "episodes_info": "",
      "rate": "7.1",
      "cover_x": 900,
      "title": "只是在结婚申请书上盖了章",
      "url": "https://movie.douban.com/subject/35497154/",
      "playable": false,
      "cover": "https://img2.doubanio.com/view/photo/s_ratio_poster/public/p2701730493.jpg",
      "id": "35497154",
      "cover_y": 1267,
      "is_new": true
    },
    {
      "episodes_info": "",
      "rate": "8.1",
      "cover_x": 2028,
      "title": "公寓大楼里的谋杀案 第一季",
      "url": "https://movie.douban.com/subject/35169965/",
      "playable": false,
      "cover": "https://img2.doubanio.com/view/photo/s_ratio_poster/public/p2662287483.jpg",
      "id": "35169965",
      "cover_y": 3004,
      "is_new": false
    },
    {
      "episodes_info": "",
      "rate": "8.5",
      "cover_x": 2000,
      "title": "柔美的细胞小将",
      "url": "https://movie.douban.com/subject/35067931/",
      "playable": false,
      "cover": "https://img1.doubanio.com/view/photo/s_ratio_poster/public/p2675819738.jpg",
      "id": "35067931",
      "cover_y": 2860,
      "is_new": false
    },
    {
      "episodes_info": "",
      "rate": "9.6",
      "cover_x": 1945,
      "title": "克拉克森的农场 第一季",
      "url": "https://movie.douban.com/subject/34839005/",
      "playable": false,
      "cover": "https://img1.doubanio.com/view/photo/s_ratio_poster/public/p2661874547.jpg",
      "id": "34839005",
      "cover_y": 2880,
      "is_new": false
    },
    {
      "episodes_info": "",
      "rate": "9.1",
      "cover_x": 1080,
      "title": "圆桌派 第五季",
      "url": "https://movie.douban.com/subject/35529419/",
      "playable": true,
      "cover": "https://img9.doubanio.com/view/photo/s_ratio_poster/public/p2681663136.jpg",
      "id": "35529419",
      "cover_y": 1920,
      "is_new": false
    },
    {
      "episodes_info": "",
      "rate": "9.2",
      "cover_x": 707,
      "title": "俗女养成记",
      "url": "https://movie.douban.com/subject/34785763/",
      "playable": true,
      "cover": "https://img9.doubanio.com/view/photo/s_ratio_poster/public/p2566987435.jpg",
      "id": "34785763",
      "cover_y": 1000,
      "is_new": false
    },
    {
      "episodes_info": "",
      "rate": "8.8",
      "cover_x": 1024,
      "title": "孤单又灿烂的神：鬼怪",
      "url": "https://movie.douban.com/subject/26761935/",
      "playable": false,
      "cover": "https://img3.doubanio.com/view/photo/s_ratio_poster/public/p2402645080.jpg",
      "id": "26761935",
      "cover_y": 1480,
      "is_new": false
    },
    {
      "episodes_info": "",
      "rate": "8.6",
      "cover_x": 1500,
      "title": "女佣",
      "url": "https://movie.douban.com/subject/34925417/",
      "playable": false,
      "cover": "https://img1.doubanio.com/view/photo/s_ratio_poster/public/p2682150428.jpg",
      "id": "34925417",
      "cover_y": 2222,
      "is_new": false
    },
    {
      "episodes_info": "",
      "rate": "8.8",
      "cover_x": 680,
      "title": "阴谋职场 第一季",
      "url": "https://movie.douban.com/subject/33425877/",
      "playable": false,
      "cover": "https://img3.doubanio.com/view/photo/s_ratio_poster/public/p2703681970.jpg",
      "id": "33425877",
      "cover_y": 1000,
      "is_new": true
    }
  ]
