{
    "count": 18,
    "c": 138,
    "f": 13,
    "o": 88,
    "n": 127,
    "photos": [
        {
            "read_count": 16388,
            "image": {
                "large": {
                    "url": "https://img2.doubanio.com/view/photo/l/public/p2673813731.jpg",
                    "width": 1600,
                    "size": 0,
                    "height": 1066
                },
                "raw": null,
                "small": {
                    "url": "https://img2.doubanio.com/view/photo/s/public/p2673813731.jpg",
                    "width": 600,
                    "size": 0,
                    "height": 400
                },
                "normal": {
                    "url": "https://img2.doubanio.com/view/photo/m/public/p2673813731.jpg",
                    "width": 600,
                    "size": 0,
                    "height": 400
                },
                "is_animated": false
            },
            "create_time": "2021-07-27 11:56:36",
            "collections_count": 12,
            "reshares_count": 0,
            "id": "2673813731",
            "author": {
                "loc": null,
                "kind": "user",
                "name": "豆友193997288",
                "reg_time": "2019-03-26 18:20:56",
                "url": "https://www.douban.com/people/193997288/",
                "uri": "douban://douban.com/user/193997288",
                "avatar_side_icon": "",
                "avatar": "https://img2.doubanio.com/icon/up193997288-1.jpg",
                "type": "user",
                "id": "193997288",
                "uid": "193997288"
            },
            "is_collected": false,
            "subtype": "photo",
            "type": "photo",
            "owner_uri": "douban://douban.com/movie/25845392",
            "status": null,
            "reaction_type": 0,
            "description": "段奕宏饰演三营营长——谈子为",
            "sharing_url": "https://www.douban.com/doubanapp/dispatch?uri=/photo/2673813731/",
            "url": "https://movie.douban.com/photos/photo/2673813731/",
            "reply_limit": "A",
            "uri": "douban://douban.com/photo/2673813731",
            "likers_count": 184,
            "reactions_count": 184,
            "comments_count": 147,
            "position": 324
        },
        {
            "read_count": 29699,
            "image": {
                "large": {
                    "url": "https://img2.doubanio.com/view/photo/l/public/p2673813691.jpg",
                    "width": 1600,
                    "size": 0,
                    "height": 1066
                },
                "raw": null,
                "small": {
                    "url": "https://img2.doubanio.com/view/photo/s/public/p2673813691.jpg",
                    "width": 600,
                    "size": 0,
                    "height": 400
                },
                "normal": {
                    "url": "https://img2.doubanio.com/view/photo/m/public/p2673813691.jpg",
                    "width": 600,
                    "size": 0,
                    "height": 400
                },
                "is_animated": false
            },
            "create_time": "2021-07-27 11:56:19",
            "collections_count": 7,
            "reshares_count": 0,
            "id": "2673813691",
            "author": {
                "loc": null,
                "kind": "user",
                "name": "豆友193997288",
                "reg_time": "2019-03-26 18:20:56",
                "url": "https://www.douban.com/people/193997288/",
                "uri": "douban://douban.com/user/193997288",
                "avatar_side_icon": "",
                "avatar": "https://img2.doubanio.com/icon/up193997288-1.jpg",
                "type": "user",
                "id": "193997288",
                "uid": "193997288"
            },
            "is_collected": false,
            "subtype": "photo",
            "type": "photo",
            "owner_uri": "douban://douban.com/movie/25845392",
            "status": null,
            "reaction_type": 0,
            "description": "易烊千玺饰演七连战士——伍万里",
            "sharing_url": "https://www.douban.com/doubanapp/dispatch?uri=/photo/2673813691/",
            "url": "https://movie.douban.com/photos/photo/2673813691/",
            "reply_limit": "A",
            "uri": "douban://douban.com/photo/2673813691",
            "likers_count": 142,
            "reactions_count": 142,
            "comments_count": 239,
            "position": 5
        },
        {
            "read_count": 6591,
            "image": {
                "large": {
                    "url": "https://img1.doubanio.com/view/photo/l/public/p2673813958.jpg",
                    "width": 1600,
                    "size": 0,
                    "height": 1066
                },
                "raw": null,
                "small": {
                    "url": "https://img1.doubanio.com/view/photo/s/public/p2673813958.jpg",
                    "width": 600,
                    "size": 0,
                    "height": 400
                },
                "normal": {
                    "url": "https://img1.doubanio.com/view/photo/m/public/p2673813958.jpg",
                    "width": 600,
                    "size": 0,
                    "height": 400
                },
                "is_animated": false
            },
            "create_time": "2021-07-27 11:57:43",
            "collections_count": 3,
            "reshares_count": 1,
            "id": "2673813958",
            "author": {
                "loc": null,
                "kind": "user",
                "name": "豆友193997288",
                "reg_time": "2019-03-26 18:20:56",
                "url": "https://www.douban.com/people/193997288/",
                "uri": "douban://douban.com/user/193997288",
                "avatar_side_icon": "",
                "avatar": "https://img2.doubanio.com/icon/up193997288-1.jpg",
                "type": "user",
                "id": "193997288",
                "uid": "193997288"
            },
            "is_collected": false,
            "subtype": "photo",
            "type": "photo",
            "owner_uri": "douban://douban.com/movie/25845392",
            "status": null,
            "reaction_type": 0,
            "description": "胡军饰演七连炮排排长——雷公",
            "sharing_url": "https://www.douban.com/doubanapp/dispatch?uri=/photo/2673813958/",
            "url": "https://movie.douban.com/photos/photo/2673813958/",
            "reply_limit": "A",
            "uri": "douban://douban.com/photo/2673813958",
            "likers_count": 101,
            "reactions_count": 101,
            "comments_count": 116,
            "position": 4
        },
        {
            "read_count": 4252,
            "image": {
                "large": {
                    "url": "https://img2.doubanio.com/view/photo/l/public/p2673813871.jpg",
                    "width": 1600,
                    "size": 0,
                    "height": 1066
                },
                "raw": null,
                "small": {
                    "url": "https://img2.doubanio.com/view/photo/s/public/p2673813871.jpg",
                    "width": 600,
                    "size": 0,
                    "height": 400
                },
                "normal": {
                    "url": "https://img2.doubanio.com/view/photo/m/public/p2673813871.jpg",
                    "width": 600,
                    "size": 0,
                    "height": 400
                },
                "is_animated": false
            },
            "create_time": "2021-07-27 11:57:14",
            "collections_count": 4,
            "reshares_count": 0,
            "id": "2673813871",
            "author": {
                "loc": null,
                "kind": "user",
                "name": "豆友193997288",
                "reg_time": "2019-03-26 18:20:56",
                "url": "https://www.douban.com/people/193997288/",
                "uri": "douban://douban.com/user/193997288",
                "avatar_side_icon": "",
                "avatar": "https://img2.doubanio.com/icon/up193997288-1.jpg",
                "type": "user",
                "id": "193997288",
                "uid": "193997288"
            },
            "is_collected": false,
            "subtype": "photo",
            "type": "photo",
            "owner_uri": "douban://douban.com/movie/25845392",
            "status": null,
            "reaction_type": 0,
            "description": "朱亚文饰演七连指导员——梅生",
            "sharing_url": "https://www.douban.com/doubanapp/dispatch?uri=/photo/2673813871/",
            "url": "https://movie.douban.com/photos/photo/2673813871/",
            "reply_limit": "A",
            "uri": "douban://douban.com/photo/2673813871",
            "likers_count": 100,
            "reactions_count": 100,
            "comments_count": 88,
            "position": 323
        },
        {
            "read_count": 5469,
            "image": {
                "large": {
                    "url": "https://img9.doubanio.com/view/photo/l/public/p2673813986.jpg",
                    "width": 1600,
                    "size": 0,
                    "height": 1066
                },
                "raw": null,
                "small": {
                    "url": "https://img9.doubanio.com/view/photo/s/public/p2673813986.jpg",
                    "width": 600,
                    "size": 0,
                    "height": 400
                },
                "normal": {
                    "url": "https://img9.doubanio.com/view/photo/m/public/p2673813986.jpg",
                    "width": 600,
                    "size": 0,
                    "height": 400
                },
                "is_animated": false
            },
            "create_time": "2021-07-27 11:57:52",
            "collections_count": 3,
            "reshares_count": 1,
            "id": "2673813986",
            "author": {
                "loc": null,
                "kind": "user",
                "name": "豆友193997288",
                "reg_time": "2019-03-26 18:20:56",
                "url": "https://www.douban.com/people/193997288/",
                "uri": "douban://douban.com/user/193997288",
                "avatar_side_icon": "",
                "avatar": "https://img2.doubanio.com/icon/up193997288-1.jpg",
                "type": "user",
                "id": "193997288",
                "uid": "193997288"
            },
            "is_collected": false,
            "subtype": "photo",
            "type": "photo",
            "owner_uri": "douban://douban.com/movie/25845392",
            "status": null,
            "reaction_type": 0,
            "description": "韩东君饰演七连狙击手——平河",
            "sharing_url": "https://www.douban.com/doubanapp/dispatch?uri=/photo/2673813986/",
            "url": "https://movie.douban.com/photos/photo/2673813986/",
            "reply_limit": "A",
            "uri": "douban://douban.com/photo/2673813986",
            "likers_count": 84,
            "reactions_count": 84,
            "comments_count": 102,
            "position": 3
        },
        {
            "read_count": 2549,
            "image": {
                "large": {
                    "url": "https://img2.doubanio.com/view/photo/l/public/p2687939223.jpg",
                    "width": 1600,
                    "size": 0,
                    "height": 1066
                },
                "raw": null,
                "small": {
                    "url": "https://img2.doubanio.com/view/photo/s/public/p2687939223.jpg",
                    "width": 600,
                    "size": 0,
                    "height": 400
                },
                "normal": {
                    "url": "https://img2.doubanio.com/view/photo/m/public/p2687939223.jpg",
                    "width": 600,
                    "size": 0,
                    "height": 400
                },
                "is_animated": false
            },
            "create_time": "2021-09-28 13:21:55",
            "collections_count": 1,
            "reshares_count": 0,
            "id": "2687939223",
            "author": {
                "loc": {
                    "uid": "beijing",
                    "id": "108288",
                    "name": "北京"
                },
                "kind": "user",
                "name": "平常无常",
                "reg_time": "2014-08-06 01:29:35",
                "url": "https://www.douban.com/people/95935082/",
                "uri": "douban://douban.com/user/95935082",
                "avatar_side_icon": "",
                "avatar": "https://img1.doubanio.com/icon/u95935082-9.jpg",
                "type": "user",
                "id": "95935082",
                "uid": "95935082"
            },
            "is_collected": false,
            "subtype": "photo",
            "type": "photo",
            "owner_uri": "douban://douban.com/movie/25845392",
            "status": null,
            "reaction_type": 0,
            "description": "",
            "sharing_url": "https://www.douban.com/doubanapp/dispatch?uri=/photo/2687939223/",
            "url": "https://movie.douban.com/photos/photo/2687939223/",
            "reply_limit": "A",
            "uri": "douban://douban.com/photo/2687939223",
            "likers_count": 54,
            "reactions_count": 54,
            "comments_count": 93,
            "position": 198
        },
        {
            "read_count": 3566,
            "image": {
                "large": {
                    "url": "https://img1.doubanio.com/view/photo/l/public/p2673813628.jpg",
                    "width": 1600,
                    "size": 0,
                    "height": 1066
                },
                "raw": null,
                "small": {
                    "url": "https://img1.doubanio.com/view/photo/s/public/p2673813628.jpg",
                    "width": 600,
                    "size": 0,
                    "height": 400
                },
                "normal": {
                    "url": "https://img1.doubanio.com/view/photo/m/public/p2673813628.jpg",
                    "width": 600,
                    "size": 0,
                    "height": 400
                },
                "is_animated": false
            },
            "create_time": "2021-07-27 11:55:54",
            "collections_count": 4,
            "reshares_count": 0,
            "id": "2673813628",
            "author": {
                "loc": null,
                "kind": "user",
                "name": "豆友193997288",
                "reg_time": "2019-03-26 18:20:56",
                "url": "https://www.douban.com/people/193997288/",
                "uri": "douban://douban.com/user/193997288",
                "avatar_side_icon": "",
                "avatar": "https://img2.doubanio.com/icon/up193997288-1.jpg",
                "type": "user",
                "id": "193997288",
                "uid": "193997288"
            },
            "is_collected": false,
            "subtype": "photo",
            "type": "photo",
            "owner_uri": "douban://douban.com/movie/25845392",
            "status": null,
            "reaction_type": 0,
            "description": "吴京饰演七连连长——伍千里",
            "sharing_url": "https://www.douban.com/doubanapp/dispatch?uri=/photo/2673813628/",
            "url": "https://movie.douban.com/photos/photo/2673813628/",
            "reply_limit": "A",
            "uri": "douban://douban.com/photo/2673813628",
            "likers_count": 48,
            "reactions_count": 48,
            "comments_count": 65,
            "position": 6
        },
        {
            "read_count": 3798,
            "image": {
                "large": {
                    "url": "https://img2.doubanio.com/view/photo/l/public/p2687023103.jpg",
                    "width": 1080,
                    "size": 0,
                    "height": 720
                },
                "raw": null,
                "small": {
                    "url": "https://img2.doubanio.com/view/photo/s/public/p2687023103.jpg",
                    "width": 600,
                    "size": 0,
                    "height": 400
                },
                "normal": {
                    "url": "https://img2.doubanio.com/view/photo/m/public/p2687023103.jpg",
                    "width": 600,
                    "size": 0,
                    "height": 400
                },
                "is_animated": false
            },
            "create_time": "2021-09-26 16:29:08",
            "collections_count": 2,
            "reshares_count": 0,
            "id": "2687023103",
            "author": {
                "loc": {
                    "uid": "beijing",
                    "id": "108288",
                    "name": "北京"
                },
                "kind": "user",
                "name": "Gaggi",
                "reg_time": "2013-02-23 16:05:05",
                "url": "https://www.douban.com/people/69428639/",
                "uri": "douban://douban.com/user/69428639",
                "avatar_side_icon": "",
                "avatar": "https://img1.doubanio.com/icon/up69428639-9.jpg",
                "type": "user",
                "id": "69428639",
                "uid": "69428639"
            },
            "is_collected": false,
            "subtype": "photo",
            "type": "photo",
            "owner_uri": "douban://douban.com/movie/25845392",
            "status": null,
            "reaction_type": 0,
            "description": "电影《长津湖》小战士伍万里剧照",
            "sharing_url": "https://www.douban.com/doubanapp/dispatch?uri=/photo/2687023103/",
            "url": "https://movie.douban.com/photos/photo/2687023103/",
            "reply_limit": "A",
            "uri": "douban://douban.com/photo/2687023103",
            "likers_count": 41,
            "reactions_count": 41,
            "comments_count": 19,
            "position": 203
        },
        {
            "read_count": 2033,
            "image": {
                "large": {
                    "url": "https://img1.doubanio.com/view/photo/l/public/p2681892909.jpg",
                    "width": 1600,
                    "size": 0,
                    "height": 1066
                },
                "raw": null,
                "small": {
                    "url": "https://img1.doubanio.com/view/photo/s/public/p2681892909.jpg",
                    "width": 600,
                    "size": 0,
                    "height": 400
                },
                "normal": {
                    "url": "https://img1.doubanio.com/view/photo/m/public/p2681892909.jpg",
                    "width": 600,
                    "size": 0,
                    "height": 400
                },
                "is_animated": false
            },
            "create_time": "2021-09-14 19:06:59",
            "collections_count": 4,
            "reshares_count": 0,
            "id": "2681892909",
            "author": {
                "loc": {
                    "uid": "beijing",
                    "id": "108288",
                    "name": "北京"
                },
                "kind": "user",
                "name": "FUA",
                "reg_time": "2015-03-16 11:03:22",
                "url": "https://www.douban.com/people/122971558/",
                "uri": "douban://douban.com/user/122971558",
                "avatar_side_icon": "",
                "avatar": "https://img2.doubanio.com/icon/up122971558-2.jpg",
                "type": "user",
                "id": "122971558",
                "uid": "122971558"
            },
            "is_collected": false,
            "subtype": "photo",
            "type": "photo",
            "owner_uri": "douban://douban.com/movie/25845392",
            "status": null,
            "reaction_type": 0,
            "description": "电影《长津湖》演员段奕宏剧照",
            "sharing_url": "https://www.douban.com/doubanapp/dispatch?uri=/photo/2681892909/",
            "url": "https://movie.douban.com/photos/photo/2681892909/",
            "reply_limit": "A",
            "uri": "douban://douban.com/photo/2681892909",
            "likers_count": 28,
            "reactions_count": 28,
            "comments_count": 18,
            "position": 273
        },
        {
            "read_count": 978,
            "image": {
                "large": {
                    "url": "https://img2.doubanio.com/view/photo/l/public/p2691547773.jpg",
                    "width": 1600,
                    "size": 0,
                    "height": 1066
                },
                "raw": null,
                "small": {
                    "url": "https://img2.doubanio.com/view/photo/s/public/p2691547773.jpg",
                    "width": 600,
                    "size": 0,
                    "height": 400
                },
                "normal": {
                    "url": "https://img2.doubanio.com/view/photo/m/public/p2691547773.jpg",
                    "width": 600,
                    "size": 0,
                    "height": 400
                },
                "is_animated": false
            },
            "create_time": "2021-10-06 20:25:30",
            "collections_count": 1,
            "reshares_count": 1,
            "id": "2691547773",
            "author": {
                "loc": {
                    "uid": "beijing",
                    "id": "108288",
                    "name": "北京"
                },
                "kind": "user",
                "name": "平常无常",
                "reg_time": "2014-08-06 01:29:35",
                "url": "https://www.douban.com/people/95935082/",
                "uri": "douban://douban.com/user/95935082",
                "avatar_side_icon": "",
                "avatar": "https://img1.doubanio.com/icon/u95935082-9.jpg",
                "type": "user",
                "id": "95935082",
                "uid": "95935082"
            },
            "is_collected": false,
            "subtype": "photo",
            "type": "photo",
            "owner_uri": "douban://douban.com/movie/25845392",
            "status": null,
            "reaction_type": 0,
            "description": "",
            "sharing_url": "https://www.douban.com/doubanapp/dispatch?uri=/photo/2691547773/",
            "url": "https://movie.douban.com/photos/photo/2691547773/",
            "reply_limit": "A",
            "uri": "douban://douban.com/photo/2691547773",
            "likers_count": 21,
            "reactions_count": 21,
            "comments_count": 16,
            "position": 1
        }
    ],
    "w": 23,
    "total": 389,
    "start": 0
}