{
    "trailers": [
        {
            "reaction_type": 0,
            "sharing_url": "https://www.douban.com/doubanapp/dispatch?uri=/movie/25845392/trailer?trailer_id=281883&trailer_type=C",
            "video_url": "https://vt1.doubanio.com/202110221645/0721cf41d31c3dd640655bdf203cdd33/view/movie/M/402810883.mp4",
            "title": "花絮 (中文字幕)",
            "create_time": "2021-10-15",
            "uri": "douban://douban.com/movie/25845392/trailer?trailer_id=281883&trailer_type=C",
            "cover_url": "https://img9.doubanio.com/img/trailer/medium/2697761004.jpg?",
            "term_num": 0,
            "n_comments": 1,
            "reactions_count": 0,
            "is_collected": false,
            "subject_title": "长津湖",
            "collections_count": 0,
            "file_size": 43507351,
            "reshares_count": 0,
            "runtime": "03:00",
            "type": "C",
            "id": "281883",
            "desc": ""
        },
        {
            "reaction_type": 0,
            "sharing_url": "https://www.douban.com/doubanapp/dispatch?uri=/movie/25845392/trailer?trailer_id=281351&trailer_type=A",
            "video_url": "https://vt1.doubanio.com/202110221645/c71fd6c5382e4c867f39c3378c94cfd5/view/movie/M/402810351.mp4",
            "title": "预告片：正面交锋版 (中文字幕)",
            "create_time": "2021-09-30",
            "uri": "douban://douban.com/movie/25845392/trailer?trailer_id=281351&trailer_type=A",
            "cover_url": "https://img2.doubanio.com/img/trailer/medium/2688739803.jpg?",
            "term_num": 0,
            "n_comments": 28,
            "reactions_count": 7,
            "is_collected": false,
            "subject_title": "长津湖",
            "collections_count": 3,
            "file_size": 24909254,
            "reshares_count": 1,
            "runtime": "01:43",
            "type": "A",
            "id": "281351",
            "desc": ""
        },
        {
            "reaction_type": 0,
            "sharing_url": "https://www.douban.com/doubanapp/dispatch?uri=/movie/25845392/trailer?trailer_id=281303&trailer_type=C",
            "video_url": "https://vt1.doubanio.com/202110221645/7aeed5b12167f951b3d3ae018863252c/view/movie/M/402810303.mp4",
            "title": "花絮：林超贤导演特辑 (中文字幕)",
            "create_time": "2021-09-29",
            "uri": "douban://douban.com/movie/25845392/trailer?trailer_id=281303&trailer_type=C",
            "cover_url": "https://img1.doubanio.com/img/trailer/medium/2688385588.jpg?",
            "term_num": 0,
            "n_comments": 5,
            "reactions_count": 8,
            "is_collected": false,
            "subject_title": "长津湖",
            "collections_count": 0,
            "file_size": 50022768,
            "reshares_count": 1,
            "runtime": "03:22",
            "type": "C",
            "id": "281303",
            "desc": ""
        },
        {
            "reaction_type": 0,
            "sharing_url": "https://www.douban.com/doubanapp/dispatch?uri=/movie/25845392/trailer?trailer_id=281270&trailer_type=C",
            "video_url": "https://vt1.doubanio.com/202110221645/bcf54b7673b5f03dbda3cceb602d5ad8/view/movie/M/402810270.mp4",
            "title": "花絮：陈凯歌导演特辑 (中文字幕)",
            "create_time": "2021-09-28",
            "uri": "douban://douban.com/movie/25845392/trailer?trailer_id=281270&trailer_type=C",
            "cover_url": "https://img1.doubanio.com/img/trailer/medium/2687976019.jpg?",
            "term_num": 0,
            "n_comments": 12,
            "reactions_count": 6,
            "is_collected": false,
            "subject_title": "长津湖",
            "collections_count": 0,
            "file_size": 57454123,
            "reshares_count": 0,
            "runtime": "03:45",
            "type": "C",
            "id": "281270",
            "desc": ""
        },
        {
            "reaction_type": 0,
            "sharing_url": "https://www.douban.com/doubanapp/dispatch?uri=/movie/25845392/trailer?trailer_id=281269&trailer_type=C",
            "video_url": "https://vt1.doubanio.com/202110221645/fa1739575799d6e450b639f9faa03b4e/view/movie/M/402810269.mp4",
            "title": "花絮：口碑特辑 (中文字幕)",
            "create_time": "2021-09-28",
            "uri": "douban://douban.com/movie/25845392/trailer?trailer_id=281269&trailer_type=C",
            "cover_url": "https://img9.doubanio.com/img/trailer/medium/2687975645.jpg?",
            "term_num": 0,
            "n_comments": 0,
            "reactions_count": 5,
            "is_collected": false,
            "subject_title": "长津湖",
            "collections_count": 1,
            "file_size": 32543718,
            "reshares_count": 0,
            "runtime": "02:08",
            "type": "C",
            "id": "281269",
            "desc": ""
        },
        {
            "reaction_type": 0,
            "sharing_url": "https://www.douban.com/doubanapp/dispatch?uri=/movie/25845392/trailer?trailer_id=281268&trailer_type=A",
            "video_url": "https://vt1.doubanio.com/202110221645/9ac57324a31000c84ef98f0dfb50bc09/view/movie/M/402810268.mp4",
            "title": "预告片：两军对垒版 (中文字幕)",
            "create_time": "2021-09-28",
            "uri": "douban://douban.com/movie/25845392/trailer?trailer_id=281268&trailer_type=A",
            "cover_url": "https://img2.doubanio.com/img/trailer/medium/2687975503.jpg?",
            "term_num": 0,
            "n_comments": 37,
            "reactions_count": 7,
            "is_collected": false,
            "subject_title": "长津湖",
            "collections_count": 1,
            "file_size": 23261173,
            "reshares_count": 0,
            "runtime": "01:31",
            "type": "A",
            "id": "281268",
            "desc": ""
        },
        {
            "reaction_type": 0,
            "sharing_url": "https://www.douban.com/doubanapp/dispatch?uri=/movie/25845392/trailer?trailer_id=281097&trailer_type=C",
            "video_url": "https://vt1.doubanio.com/202110221645/25b906623702d82fcb69d281277afd3a/view/movie/M/402810097.mp4",
            "title": "花絮：徐克导演特辑 (中文字幕)",
            "create_time": "2021-09-24",
            "uri": "douban://douban.com/movie/25845392/trailer?trailer_id=281097&trailer_type=C",
            "cover_url": "https://img9.doubanio.com/img/trailer/medium/2686050226.jpg?",
            "term_num": 0,
            "n_comments": 10,
            "reactions_count": 3,
            "is_collected": false,
            "subject_title": "长津湖",
            "collections_count": 0,
            "file_size": 49656799,
            "reshares_count": 0,
            "runtime": "03:16",
            "type": "C",
            "id": "281097",
            "desc": ""
        },
        {
            "reaction_type": 0,
            "sharing_url": "https://www.douban.com/doubanapp/dispatch?uri=/movie/25845392/trailer?trailer_id=281096&trailer_type=C",
            "video_url": "https://vt1.doubanio.com/202110221645/1c8f4dea263d837c5d4b22e689e690bf/view/movie/M/402810096.mp4",
            "title": "花絮：七连血战特辑 (中文字幕)",
            "create_time": "2021-09-24",
            "uri": "douban://douban.com/movie/25845392/trailer?trailer_id=281096&trailer_type=C",
            "cover_url": "https://img3.doubanio.com/img/trailer/medium/2686049990.jpg?",
            "term_num": 0,
            "n_comments": 3,
            "reactions_count": 3,
            "is_collected": false,
            "subject_title": "长津湖",
            "collections_count": 0,
            "file_size": 44750286,
            "reshares_count": 0,
            "runtime": "02:55",
            "type": "C",
            "id": "281096",
            "desc": ""
        },
        {
            "reaction_type": 0,
            "sharing_url": "https://www.douban.com/doubanapp/dispatch?uri=/movie/25845392/trailer?trailer_id=281094&trailer_type=A",
            "video_url": "https://vt1.doubanio.com/202110221645/419bdbe854ef06635c173a61419b257f/view/movie/M/402810094.mp4",
            "title": "预告片：战火洗礼版 (中文字幕)",
            "create_time": "2021-09-24",
            "uri": "douban://douban.com/movie/25845392/trailer?trailer_id=281094&trailer_type=A",
            "cover_url": "https://img9.doubanio.com/img/trailer/medium/2686691726.jpg?",
            "term_num": 0,
            "n_comments": 208,
            "reactions_count": 76,
            "is_collected": false,
            "subject_title": "长津湖",
            "collections_count": 5,
            "file_size": 24005293,
            "reshares_count": 3,
            "runtime": "01:37",
            "type": "A",
            "id": "281094",
            "desc": ""
        },
        {
            "reaction_type": 0,
            "sharing_url": "https://www.douban.com/doubanapp/dispatch?uri=/movie/25845392/trailer?trailer_id=280892&trailer_type=C",
            "video_url": "https://vt1.doubanio.com/202110221645/b5dca0d8903de9d064ed3e63b1b56cad/view/movie/M/402800892.mp4",
            "title": "花絮：步兵之王特辑 (中文字幕)",
            "create_time": "2021-09-17",
            "uri": "douban://douban.com/movie/25845392/trailer?trailer_id=280892&trailer_type=C",
            "cover_url": "https://img9.doubanio.com/img/trailer/medium/2683216184.jpg?",
            "term_num": 0,
            "n_comments": 11,
            "reactions_count": 3,
            "is_collected": false,
            "subject_title": "长津湖",
            "collections_count": 0,
            "file_size": 42084246,
            "reshares_count": 0,
            "runtime": "02:51",
            "type": "C",
            "id": "280892",
            "desc": ""
        },
        {
            "reaction_type": 0,
            "sharing_url": "https://www.douban.com/doubanapp/dispatch?uri=/movie/25845392/trailer?trailer_id=280714&trailer_type=C",
            "video_url": "https://vt1.doubanio.com/202110221645/3f1de152b45a5158efa8be894d0392d0/view/movie/M/402800714.mp4",
            "title": "花絮：七连战士特辑 (中文字幕)",
            "create_time": "2021-09-14",
            "uri": "douban://douban.com/movie/25845392/trailer?trailer_id=280714&trailer_type=C",
            "cover_url": "https://img9.doubanio.com/img/trailer/medium/2681896395.jpg?",
            "term_num": 0,
            "n_comments": 3,
            "reactions_count": 2,
            "is_collected": false,
            "subject_title": "长津湖",
            "collections_count": 0,
            "file_size": 46472943,
            "reshares_count": 0,
            "runtime": "03:04",
            "type": "C",
            "id": "280714",
            "desc": ""
        },
        {
            "reaction_type": 0,
            "sharing_url": "https://www.douban.com/doubanapp/dispatch?uri=/movie/25845392/trailer?trailer_id=280488&trailer_type=C",
            "video_url": "https://vt1.doubanio.com/202110221645/396e86430a07f1dd25c7be6919d79173/view/movie/M/402800488.mp4",
            "title": "花絮：启程特辑 (中文字幕)",
            "create_time": "2021-09-09",
            "uri": "douban://douban.com/movie/25845392/trailer?trailer_id=280488&trailer_type=C",
            "cover_url": "https://img1.doubanio.com/img/trailer/medium/2681263877.jpg?",
            "term_num": 0,
            "n_comments": 5,
            "reactions_count": 6,
            "is_collected": false,
            "subject_title": "长津湖",
            "collections_count": 1,
            "file_size": 38443864,
            "reshares_count": 1,
            "runtime": "02:37",
            "type": "C",
            "id": "280488",
            "desc": ""
        },
        {
            "reaction_type": 0,
            "sharing_url": "https://www.douban.com/doubanapp/dispatch?uri=/movie/25845392/trailer?trailer_id=280363&trailer_type=A",
            "video_url": "https://vt1.doubanio.com/202110221645/42031aa06f7d98ca56fc06996ddafbbb/view/movie/M/402800363.mp4",
            "title": "预告片：钢七连版 (中文字幕)",
            "create_time": "2021-09-06",
            "uri": "douban://douban.com/movie/25845392/trailer?trailer_id=280363&trailer_type=A",
            "cover_url": "https://img3.doubanio.com/img/trailer/medium/2680751550.jpg?",
            "term_num": 0,
            "n_comments": 35,
            "reactions_count": 14,
            "is_collected": false,
            "subject_title": "长津湖",
            "collections_count": 1,
            "file_size": 24836344,
            "reshares_count": 5,
            "runtime": "01:45",
            "type": "A",
            "id": "280363",
            "desc": ""
        },
        {
            "reaction_type": 0,
            "sharing_url": "https://www.douban.com/doubanapp/dispatch?uri=/movie/25845392/trailer?trailer_id=280188&trailer_type=C",
            "video_url": "https://vt1.doubanio.com/202110221645/26c185d927ae984ee092ef30192a9f60/view/movie/M/402800188.mp4",
            "title": "MV：张靓颖演唱《最可爱的人》 (中文字幕)",
            "create_time": "2021-09-01",
            "uri": "douban://douban.com/movie/25845392/trailer?trailer_id=280188&trailer_type=C",
            "cover_url": "https://img9.doubanio.com/img/trailer/medium/2679386785.jpg?",
            "term_num": 0,
            "n_comments": 16,
            "reactions_count": 8,
            "is_collected": false,
            "subject_title": "长津湖",
            "collections_count": 0,
            "file_size": 42189535,
            "reshares_count": 3,
            "runtime": "02:46",
            "type": "C",
            "id": "280188",
            "desc": ""
        },
        {
            "reaction_type": 0,
            "sharing_url": "https://www.douban.com/doubanapp/dispatch?uri=/movie/25845392/trailer?trailer_id=278956&trailer_type=A",
            "video_url": "https://vt1.doubanio.com/202110221645/eb530ff23fa44e5618dd9a1b285416ee/view/movie/M/402780956.mp4",
            "title": "预告片 (中文字幕)",
            "create_time": "2021-08-03",
            "uri": "douban://douban.com/movie/25845392/trailer?trailer_id=278956&trailer_type=A",
            "cover_url": "https://img3.doubanio.com/img/trailer/medium/2686700560.jpg?",
            "term_num": 0,
            "n_comments": 20,
            "reactions_count": 6,
            "is_collected": false,
            "subject_title": "长津湖",
            "collections_count": 0,
            "file_size": 7507776,
            "reshares_count": 0,
            "runtime": "00:30",
            "type": "A",
            "id": "278956",
            "desc": ""
        },
        {
            "reaction_type": 0,
            "sharing_url": "https://www.douban.com/doubanapp/dispatch?uri=/movie/25845392/trailer?trailer_id=278879&trailer_type=C",
            "video_url": "https://vt1.doubanio.com/202110221645/d8eca83f27aec296c9d3273ee860c822/view/movie/M/402780879.mp4",
            "title": "花絮：兄弟特辑 (中文字幕)",
            "create_time": "2021-08-02",
            "uri": "douban://douban.com/movie/25845392/trailer?trailer_id=278879&trailer_type=C",
            "cover_url": "https://img9.doubanio.com/img/trailer/medium/2674740395.jpg?",
            "term_num": 0,
            "n_comments": 18,
            "reactions_count": 3,
            "is_collected": false,
            "subject_title": "长津湖",
            "collections_count": 0,
            "file_size": 33076022,
            "reshares_count": 0,
            "runtime": "02:08",
            "type": "C",
            "id": "278879",
            "desc": ""
        },
        {
            "reaction_type": 0,
            "sharing_url": "https://www.douban.com/doubanapp/dispatch?uri=/movie/25845392/trailer?trailer_id=278046&trailer_type=A",
            "video_url": "https://vt1.doubanio.com/202110221645/0ecdfd48f656b388797fd9ac1ecc74e7/view/movie/M/402780046.mp4",
            "title": "预告片 (中文字幕)",
            "create_time": "2021-07-12",
            "uri": "douban://douban.com/movie/25845392/trailer?trailer_id=278046&trailer_type=A",
            "cover_url": "https://img9.doubanio.com/img/trailer/medium/2669984866.jpg?",
            "term_num": 0,
            "n_comments": 373,
            "reactions_count": 140,
            "is_collected": false,
            "subject_title": "长津湖",
            "collections_count": 4,
            "file_size": 22160647,
            "reshares_count": 17,
            "runtime": "01:24",
            "type": "A",
            "id": "278046",
            "desc": ""
        },
        {
            "reaction_type": 0,
            "sharing_url": "https://www.douban.com/doubanapp/dispatch?uri=/movie/25845392/trailer?trailer_id=276989&trailer_type=C",
            "video_url": "https://vt1.doubanio.com/202110221645/7284009ffd5608078759573c2ae3be71/view/movie/M/402760989.mp4",
            "title": "花絮：超长特辑 (中文字幕)",
            "create_time": "2021-06-13",
            "uri": "douban://douban.com/movie/25845392/trailer?trailer_id=276989&trailer_type=C",
            "cover_url": "https://img9.doubanio.com/img/trailer/medium/2658123594.jpg?",
            "term_num": 0,
            "n_comments": 105,
            "reactions_count": 37,
            "is_collected": false,
            "subject_title": "长津湖",
            "collections_count": 5,
            "file_size": 62094703,
            "reshares_count": 6,
            "runtime": "04:02",
            "type": "C",
            "id": "276989",
            "desc": ""
        },
        {
            "reaction_type": 0,
            "sharing_url": "https://www.douban.com/doubanapp/dispatch?uri=/movie/25845392/trailer?trailer_id=272605&trailer_type=C",
            "video_url": "https://vt1.doubanio.com/202110221645/5489e06b527c3051279210cba6d1f44f/view/movie/M/402720605.mp4",
            "title": "花絮：攻坚总动员 (中文字幕)",
            "create_time": "2021-03-03",
            "uri": "douban://douban.com/movie/25845392/trailer?trailer_id=272605&trailer_type=C",
            "cover_url": "https://img2.doubanio.com/img/trailer/medium/2634371272.jpg?",
            "term_num": 0,
            "n_comments": 71,
            "reactions_count": 31,
            "is_collected": false,
            "subject_title": "长津湖",
            "collections_count": 0,
            "file_size": 27013931,
            "reshares_count": 1,
            "runtime": "01:53",
            "type": "C",
            "id": "272605",
            "desc": ""
        }
    ]
}