{
    "count": 4,
    "start": 0,
    "total": 177910,
    "wechat_timeline_share": "screenshot",
    "interests": [
        {
            "comment": "那些牺牲在冰雪中的战士，不应该被遗忘",
            "rating": {
                "count": 1,
                "max": 5,
                "value": 4,
                "star_count": 4
            },
            "sharing_url": "https://www.douban.com/doubanapp/dispatch?uri=/movie/25845392/interest/2573422896",
            "is_voted": false,
            "uri": "douban://douban.com/movie/25845392/interest/2573422896",
            "platforms": [],
            "vote_count": 15038,
            "create_time": "2021-09-30 19:02:14",
            "status": "done",
            "user": {
                "loc": {
                    "uid": "guangzhou",
                    "id": "118281",
                    "name": "广州"
                },
                "reg_time": "2008-06-05 23:10:36",
                "followed": false,
                "name": "摩诃曼珠沙华",
                "uid": "cn_panda",
                "url": "https://www.douban.com/people/2561289/",
                "gender": "M",
                "uri": "douban://douban.com/user/2561289",
                "kind": "user",
                "id": "2561289",
                "remark": "",
                "avatar": "https://img1.doubanio.com/icon/up2561289-8.jpg",
                "is_club": false,
                "type": "user",
                "avatar_side_icon": "",
                "in_blacklist": false
            },
            "recommend_reason": "",
            "user_done_desc": "",
            "id": "2573422896",
            "wechat_timeline_share": "screenshot"
        },
        {
            "comment": "小村庄夜战那段简直了，一看就是林超贤导演的手笔。炮兵、狙击手、机关枪手，扔手雷、近身肉搏，安排得环环相扣，节奏太好了。易烊千玺的扮相和特写也很精彩，没想到这么豁得出去。最后美军发现冻僵的志愿军尸体那里，虽然读书的时候看过这个情节，但还是被戳到了。",
            "rating": {
                "count": 1,
                "max": 5,
                "value": 4,
                "star_count": 4
            },
            "sharing_url": "https://www.douban.com/doubanapp/dispatch?uri=/movie/25845392/interest/3054135460",
            "is_voted": false,
            "uri": "douban://douban.com/movie/25845392/interest/3054135460",
            "platforms": [],
            "vote_count": 6761,
            "create_time": "2021-09-29 22:11:46",
            "status": "done",
            "user": {
                "loc": {
                    "uid": "beijing",
                    "id": "108288",
                    "name": "北京"
                },
                "reg_time": "2017-05-31 15:26:59",
                "followed": false,
                "name": "觉日尧",
                "uid": "161995355",
                "url": "https://www.douban.com/people/161995355/",
                "gender": "",
                "uri": "douban://douban.com/user/161995355",
                "kind": "user",
                "id": "161995355",
                "remark": "",
                "avatar": "https://img2.doubanio.com/icon/up161995355-2.jpg",
                "is_club": false,
                "type": "user",
                "avatar_side_icon": "",
                "in_blacklist": false
            },
            "recommend_reason": "",
            "user_done_desc": "",
            "id": "3054135460",
            "wechat_timeline_share": "screenshot"
        },
        {
            "comment": "只说实话：\r1、片长太长，对观众非常不友好。战争戏完全可以减少，士兵互相闹着玩的戏完全可以删减一部分，三个小时的电影，都开始两个小时了，才出发到长津湖；\r2、万里这个角色很不讨喜。明白导演想让观众看到一个小男孩成长为一个战士的蜕变，但是放在那样的战争环境下，两次三番耍性子，太过胡闹；\r3、再现神片段。敌我坦克射出的炮弹空中对撞，这概率估计不会很大；\r4、电脑特效出戏。电影刚开始就抠图，后面战争场面的特效也是显得很粗糙，说真的，如此重要的一部影片确最终呈现出来时这个效果，还是很意外的。\r以上是看完电影后我个人的一点观后感，不喜勿喷。",
            "rating": {
                "count": 1,
                "max": 5,
                "value": 3,
                "star_count": 3
            },
            "sharing_url": "https://www.douban.com/doubanapp/dispatch?uri=/movie/25845392/interest/3051766379",
            "is_voted": false,
            "uri": "douban://douban.com/movie/25845392/interest/3051766379",
            "platforms": [],
            "vote_count": 18333,
            "create_time": "2021-09-27 18:16:24",
            "status": "done",
            "user": {
                "loc": {
                    "uid": "shenzhen",
                    "id": "118282",
                    "name": "深圳"
                },
                "reg_time": "2016-08-13 23:12:26",
                "followed": false,
                "name": "吴点半",
                "uid": "149734118",
                "url": "https://www.douban.com/people/149734118/",
                "gender": "",
                "uri": "douban://douban.com/user/149734118",
                "kind": "user",
                "id": "149734118",
                "remark": "",
                "avatar": "https://img9.doubanio.com/icon/up149734118-4.jpg",
                "is_club": false,
                "type": "user",
                "avatar_side_icon": "",
                "in_blacklist": false
            },
            "recommend_reason": "",
            "user_done_desc": "",
            "id": "3051766379",
            "wechat_timeline_share": "screenshot"
        },
        {
            "comment": "场面拍得挺好，但总觉得少了点什么。",
            "rating": {
                "count": 1,
                "max": 5,
                "value": 4,
                "star_count": 4
            },
            "sharing_url": "https://www.douban.com/doubanapp/dispatch?uri=/movie/25845392/interest/3055071265",
            "is_voted": false,
            "uri": "douban://douban.com/movie/25845392/interest/3055071265",
            "platforms": [],
            "vote_count": 3700,
            "create_time": "2021-09-30 19:09:31",
            "status": "done",
            "user": {
                "loc": {
                    "uid": "chengdu",
                    "id": "118318",
                    "name": "成都"
                },
                "reg_time": "2017-05-10 15:03:29",
                "followed": false,
                "name": "江上悬鱼",
                "uid": "161246379",
                "url": "https://www.douban.com/people/161246379/",
                "gender": "M",
                "uri": "douban://douban.com/user/161246379",
                "kind": "user",
                "id": "161246379",
                "remark": "",
                "avatar": "https://img2.doubanio.com/icon/up161246379-2.jpg",
                "is_club": false,
                "type": "user",
                "avatar_side_icon": "",
                "in_blacklist": false
            },
            "recommend_reason": "",
            "user_done_desc": "",
            "id": "3055071265",
            "wechat_timeline_share": "screenshot"
        }
    ]
}