[
    {
        "rating": {
            "count": 271686,
            "max": 10,
            "star_count": 3.5,
            "value": 6.5
        },
        "alg_json": "{\"recall\":\"mf_MUUM_tag\",\"name\":\"mf_tag_movie\",\"stype\":\"movie\"}",
        "sharing_url": "https://movie.douban.com/subject/35155748/",
        "title": "金刚川",
        "url": "https://movie.douban.com/subject/35155748/",
        "pic": {
            "large": "https://img1.doubanio.com/view/photo/m_ratio_poster/public/p2623301908.jpg",
            "normal": "https://img1.doubanio.com/view/photo/s_ratio_poster/public/p2623301908.jpg"
        },
        "uri": "douban://douban.com/movie/35155748",
        "interest": null,
        "type": "movie",
        "id": "35155748"
    },
    {
        "rating": {
            "count": 717251,
            "max": 10,
            "star_count": 4,
            "value": 7.5
        },
        "alg_json": "{\"recall\":\"mf_MUUM_tag\",\"name\":\"mf_tag_movie\",\"stype\":\"movie\"}",
        "sharing_url": "https://movie.douban.com/subject/26754233/",
        "title": "八佰",
        "url": "https://movie.douban.com/subject/26754233/",
        "pic": {
            "large": "https://img9.doubanio.com/view/photo/m_ratio_poster/public/p2615992304.jpg",
            "normal": "https://img9.doubanio.com/view/photo/s_ratio_poster/public/p2615992304.jpg"
        },
        "uri": "douban://douban.com/movie/26754233",
        "interest": null,
        "type": "movie",
        "id": "26754233"
    },
    {
        "rating": {
            "count": 75255,
            "max": 10,
            "star_count": 4,
            "value": 7.5
        },
        "alg_json": "{\"recall\":\"mf_MUUM_tag\",\"name\":\"mf_tag_movie\",\"stype\":\"movie\"}",
        "sharing_url": "https://movie.douban.com/subject/35288767/",
        "title": "革命者",
        "url": "https://movie.douban.com/subject/35288767/",
        "pic": {
            "large": "https://img3.doubanio.com/view/photo/m_ratio_poster/public/p2666303410.jpg",
            "normal": "https://img3.doubanio.com/view/photo/s_ratio_poster/public/p2666303410.jpg"
        },
        "uri": "douban://douban.com/movie/35288767",
        "interest": null,
        "type": "movie",
        "id": "35288767"
    },
    {
        "rating": {
            "count": 110049,
            "max": 10,
            "star_count": 3,
            "value": 6
        },
        "alg_json": "{\"recall\":\"mf_MUUM_tag\",\"name\":\"mf_tag_movie\",\"stype\":\"movie\"}",
        "sharing_url": "https://movie.douban.com/subject/26342391/",
        "title": "紧急救援",
        "url": "https://movie.douban.com/subject/26342391/",
        "pic": {
            "large": "https://img9.doubanio.com/view/photo/m_ratio_poster/public/p2627025706.jpg",
            "normal": "https://img9.doubanio.com/view/photo/s_ratio_poster/public/p2627025706.jpg"
        },
        "uri": "douban://douban.com/movie/26342391",
        "interest": null,
        "type": "movie",
        "id": "26342391"
    },
    {
        "rating": {
            "count": 147968,
            "max": 10,
            "star_count": 3,
            "value": 6.1
        },
        "alg_json": "{\"recall\":\"mf_MUUM_tag\",\"name\":\"mf_tag_movie\",\"stype\":\"movie\"}",
        "sharing_url": "https://movie.douban.com/subject/35164328/",
        "title": "扫黑·决战",
        "url": "https://movie.douban.com/subject/35164328/",
        "pic": {
            "large": "https://img2.doubanio.com/view/photo/m_ratio_poster/public/p2634025511.jpg",
            "normal": "https://img2.doubanio.com/view/photo/s_ratio_poster/public/p2634025511.jpg"
        },
        "uri": "douban://douban.com/movie/35164328",
        "interest": null,
        "type": "movie",
        "id": "35164328"
    },
    {
        "rating": {
            "count": 27154,
            "max": 10,
            "star_count": 3.5,
            "value": 6.5
        },
        "alg_json": "{\"recall\":\"mf_MUUM_tag\",\"name\":\"mf_tag_movie\",\"stype\":\"movie\"}",
        "sharing_url": "https://movie.douban.com/subject/30481973/",
        "title": "决胜时刻",
        "url": "https://movie.douban.com/subject/30481973/",
        "pic": {
            "large": "https://img1.doubanio.com/view/photo/m_ratio_poster/public/p2568497857.jpg",
            "normal": "https://img1.doubanio.com/view/photo/s_ratio_poster/public/p2568497857.jpg"
        },
        "uri": "douban://douban.com/movie/30481973",
        "interest": null,
        "type": "movie",
        "id": "30481973"
    },
    {
        "rating": {
            "count": 141060,
            "max": 10,
            "star_count": 3.5,
            "value": 6.7
        },
        "alg_json": "{\"recall\":\"mf_MUUM_tag\",\"name\":\"mf_tag_movie\",\"stype\":\"movie\"}",
        "sharing_url": "https://movie.douban.com/subject/35125443/",
        "title": "1921",
        "url": "https://movie.douban.com/subject/35125443/",
        "pic": {
            "large": "https://img9.doubanio.com/view/photo/m_ratio_poster/public/p2665014115.jpg",
            "normal": "https://img9.doubanio.com/view/photo/s_ratio_poster/public/p2665014115.jpg"
        },
        "uri": "douban://douban.com/movie/35125443",
        "interest": null,
        "type": "movie",
        "id": "35125443"
    },
    {
        "rating": {
            "count": 928832,
            "max": 10,
            "star_count": 4,
            "value": 8.3
        },
        "alg_json": "{\"recall\":\"mf_MUUM_tag\",\"name\":\"mf_tag_movie\",\"stype\":\"movie\"}",
        "sharing_url": "https://movie.douban.com/subject/26861685/",
        "title": "红海行动",
        "url": "https://movie.douban.com/subject/26861685/",
        "pic": {
            "large": "https://img2.doubanio.com/view/photo/m_ratio_poster/public/p2514119443.jpg",
            "normal": "https://img2.doubanio.com/view/photo/s_ratio_poster/public/p2514119443.jpg"
        },
        "uri": "douban://douban.com/movie/26861685",
        "interest": null,
        "type": "movie",
        "id": "26861685"
    },
    {
        "rating": {
            "count": 20309,
            "max": 10,
            "star_count": 4,
            "value": 8.2
        },
        "alg_json": "{\"recall\":\"mf_MUUM_tag\",\"name\":\"mf_tag_movie\",\"stype\":\"movie\"}",
        "sharing_url": "https://movie.douban.com/subject/27121248/",
        "title": "六人-泰坦尼克上的中国幸存者",
        "url": "https://movie.douban.com/subject/27121248/",
        "pic": {
            "large": "https://img1.doubanio.com/view/photo/m_ratio_poster/public/p2635676317.jpg",
            "normal": "https://img1.doubanio.com/view/photo/s_ratio_poster/public/p2635676317.jpg"
        },
        "uri": "douban://douban.com/movie/27121248",
        "interest": null,
        "type": "movie",
        "id": "27121248"
    },
    {
        "rating": {
            "count": 109723,
            "max": 10,
            "star_count": 3,
            "value": 6.3
        },
        "alg_json": "{\"recall\":\"mf_MUUM_tag\",\"name\":\"mf_tag_movie\",\"stype\":\"movie\"}",
        "sharing_url": "https://movie.douban.com/subject/35231370/",
        "title": "峰爆",
        "url": "https://movie.douban.com/subject/35231370/",
        "pic": {
            "large": "https://img2.doubanio.com/view/photo/m_ratio_poster/public/p2680735532.jpg",
            "normal": "https://img2.doubanio.com/view/photo/s_ratio_poster/public/p2680735532.jpg"
        },
        "uri": "douban://douban.com/movie/35231370",
        "interest": null,
        "type": "movie",
        "id": "35231370"
    },
    {
        "rating": {
            "count": 231358,
            "max": 10,
            "star_count": 4,
            "value": 7.7
        },
        "alg_json": "{\"recall\":\"mf_MUUM_tag\",\"name\":\"mf_tag_movie\",\"stype\":\"movie\"}",
        "sharing_url": "https://movie.douban.com/subject/30257787/",
        "title": "一秒钟",
        "url": "https://movie.douban.com/subject/30257787/",
        "pic": {
            "large": "https://img1.doubanio.com/view/photo/m_ratio_poster/public/p2628373757.jpg",
            "normal": "https://img1.doubanio.com/view/photo/s_ratio_poster/public/p2628373757.jpg"
        },
        "uri": "douban://douban.com/movie/30257787",
        "interest": null,
        "type": "movie",
        "id": "30257787"
    },
    {
        "rating": {
            "count": 209776,
            "max": 10,
            "star_count": 4,
            "value": 7.6
        },
        "alg_json": "{\"recall\":\"mf_MUUM_tag\",\"name\":\"mf_tag_movie\",\"stype\":\"movie\"}",
        "sharing_url": "https://movie.douban.com/subject/26786669/",
        "title": "决战中途岛",
        "url": "https://movie.douban.com/subject/26786669/",
        "pic": {
            "large": "https://img9.doubanio.com/view/photo/m_ratio_poster/public/p2558678036.jpg",
            "normal": "https://img9.doubanio.com/view/photo/s_ratio_poster/public/p2558678036.jpg"
        },
        "uri": "douban://douban.com/movie/26786669",
        "interest": null,
        "type": "movie",
        "id": "26786669"
    },
    {
        "rating": {
            "count": 189044,
            "max": 10,
            "star_count": 3.5,
            "value": 6.9
        },
        "alg_json": "{\"recall\":\"mf_MUUM_tag\",\"name\":\"mf_tag_movie\",\"stype\":\"movie\"}",
        "sharing_url": "https://movie.douban.com/subject/35087699/",
        "title": "中国医生",
        "url": "https://movie.douban.com/subject/35087699/",
        "pic": {
            "large": "https://img9.doubanio.com/view/photo/m_ratio_poster/public/p2666591984.jpg",
            "normal": "https://img9.doubanio.com/view/photo/s_ratio_poster/public/p2666591984.jpg"
        },
        "uri": "douban://douban.com/movie/35087699",
        "interest": null,
        "type": "movie",
        "id": "35087699"
    },
    {
        "rating": {
            "count": 22471,
            "max": 10,
            "star_count": 4.5,
            "value": 8.9
        },
        "alg_json": "{\"recall\":\"mf_MUUM_tag\",\"name\":\"mf_tag_movie\",\"stype\":\"movie\"}",
        "sharing_url": "https://movie.douban.com/subject/35470753/",
        "title": "1950他们正年轻",
        "url": "https://movie.douban.com/subject/35470753/",
        "pic": {
            "large": "https://img2.doubanio.com/view/photo/m_ratio_poster/public/p2677935131.jpg",
            "normal": "https://img2.doubanio.com/view/photo/s_ratio_poster/public/p2677935131.jpg"
        },
        "uri": "douban://douban.com/movie/35470753",
        "interest": null,
        "type": "movie",
        "id": "35470753"
    },
    {
        "rating": {
            "count": 45789,
            "max": 10,
            "star_count": 4,
            "value": 7.5
        },
        "alg_json": "{\"recall\":\"mf_MUUM_tag\",\"name\":\"mf_tag_movie\",\"stype\":\"movie\"}",
        "sharing_url": "https://movie.douban.com/subject/30300277/",
        "title": "猎杀T34",
        "url": "https://movie.douban.com/subject/30300277/",
        "pic": {
            "large": "https://img2.doubanio.com/view/photo/m_ratio_poster/public/p2627487532.jpg",
            "normal": "https://img2.doubanio.com/view/photo/s_ratio_poster/public/p2627487532.jpg"
        },
        "uri": "douban://douban.com/movie/30300277",
        "interest": null,
        "type": "movie",
        "id": "30300277"
    },
    {
        "rating": {
            "count": 128568,
            "max": 10,
            "star_count": 3,
            "value": 6.2
        },
        "alg_json": "{\"recall\":\"mf_MUUM_tag\",\"name\":\"mf_tag_movie\",\"stype\":\"movie\"}",
        "sharing_url": "https://movie.douban.com/subject/27589933/",
        "title": "风平浪静",
        "url": "https://movie.douban.com/subject/27589933/",
        "pic": {
            "large": "https://img2.doubanio.com/view/photo/m_ratio_poster/public/p2626255103.jpg",
            "normal": "https://img2.doubanio.com/view/photo/s_ratio_poster/public/p2626255103.jpg"
        },
        "uri": "douban://douban.com/movie/27589933",
        "interest": null,
        "type": "movie",
        "id": "27589933"
    },
    {
        "rating": {
            "count": 260376,
            "max": 10,
            "star_count": 4.5,
            "value": 8.7
        },
        "alg_json": "{\"recall\":\"mf_MUUM_tag\",\"name\":\"mf_tag_movie\",\"stype\":\"movie\"}",
        "sharing_url": "https://movie.douban.com/subject/26430107/",
        "title": "二十二",
        "url": "https://movie.douban.com/subject/26430107/",
        "pic": {
            "large": "https://img1.doubanio.com/view/photo/m_ratio_poster/public/p2457609817.jpg",
            "normal": "https://img1.doubanio.com/view/photo/s_ratio_poster/public/p2457609817.jpg"
        },
        "uri": "douban://douban.com/movie/26430107",
        "interest": null,
        "type": "movie",
        "id": "26430107"
    },
    {
        "rating": {
            "count": 661225,
            "max": 10,
            "star_count": 3.5,
            "value": 6.6
        },
        "alg_json": "{\"recall\":\"mf_MUUM_tag\",\"name\":\"mf_tag_movie\",\"stype\":\"movie\"}",
        "sharing_url": "https://movie.douban.com/subject/30295905/",
        "title": "中国机长",
        "url": "https://movie.douban.com/subject/30295905/",
        "pic": {
            "large": "https://img2.doubanio.com/view/photo/m_ratio_poster/public/p2568258113.jpg",
            "normal": "https://img2.doubanio.com/view/photo/s_ratio_poster/public/p2568258113.jpg"
        },
        "uri": "douban://douban.com/movie/30295905",
        "interest": null,
        "type": "movie",
        "id": "30295905"
    },
    {
        "rating": {
            "count": 231229,
            "max": 10,
            "star_count": 4,
            "value": 8.1
        },
        "alg_json": "{\"recall\":\"mf_MUUM_tag\",\"name\":\"mf_tag_movie\",\"stype\":\"movie\"}",
        "sharing_url": "https://movie.douban.com/subject/30466931/",
        "title": "波斯语课",
        "url": "https://movie.douban.com/subject/30466931/",
        "pic": {
            "large": "https://img2.doubanio.com/view/photo/m_ratio_poster/public/p2588101332.jpg",
            "normal": "https://img2.doubanio.com/view/photo/s_ratio_poster/public/p2588101332.jpg"
        },
        "uri": "douban://douban.com/movie/30466931",
        "interest": null,
        "type": "movie",
        "id": "30466931"
    },
    {
        "rating": {
            "count": 64471,
            "max": 10,
            "star_count": 5,
            "value": 9.5
        },
        "alg_json": "{\"recall\":\"mf_MUUM_tag\",\"name\":\"mf_tag_movie\",\"stype\":\"movie\"}",
        "sharing_url": "https://movie.douban.com/subject/26236632/",
        "title": "三十二",
        "url": "https://movie.douban.com/subject/26236632/",
        "pic": {
            "large": "https://img9.doubanio.com/view/photo/m_ratio_poster/public/p2335693756.jpg",
            "normal": "https://img9.doubanio.com/view/photo/s_ratio_poster/public/p2335693756.jpg"
        },
        "uri": "douban://douban.com/movie/26236632",
        "interest": null,
        "type": "movie",
        "id": "26236632"
    }
]