﻿[
    {
      "rating": null,
      "useful_count": 1,
      "sharing_url": "https:\/\/movie.douban.com\/review\/13917776\/",
      "title": "抗美援朝志愿军",
      "url": "https:\/\/movie.douban.com\/review\/13917776\/",
      "abstract": "艺术不足以表现战争之残酷，但艺术以其最高的形式激发起人们内心的共鸣。一次次战役，一次次对于生的渴望，你们用自己的热血践行的保家卫国的信念。从穿上军装的那一刻祖国的命运与你们联系在一起，此刻祖国的昌盛也与你们紧紧相连。你们用鲜血换来的盛世，我们怎会辜负。国是千万家，我想奋斗的动力不仅是自己，更是我脚下的祖国。",
      "uri": "douban:\/\/douban.com\/review\/13917776",
      "ad_info": null,
      "topic": null,
      "photos": [],
      "reactions_count": 1,
      "comments_count": 0,
      "user": {
        "kind": "user",
        "name": "嗨",
        "url": "https:\/\/www.douban.com\/people\/219460843\/",
        "uri": "douban:\/\/douban.com\/user\/219460843",
        "avatar": "https://img2.doubanio.com\/icon\/up219460843-2.jpg",
        "is_club": false,
        "type": "user",
        "id": "219460843",
        "uid": "219460843"
      },
      "create_time": "2021-10-11 23:13:36",
      "reshares_count": 0,
      "type": "review",
      "id": "13917776",
      "subject": {
        "type": "movie",
        "title": "长津湖"
      }
    },
    {
      "rating": {
        "count": 1,
        "max": 5,
        "star_count": 5.0,
        "value": 5
      },
      "useful_count": 1,
      "sharing_url": "https:\/\/movie.douban.com\/review\/13917735\/",
      "title": "一次丰满的爱国教育",
      "url": "https:\/\/movie.douban.com\/review\/13917735\/",
      "abstract": "大概是从伍千里探亲被军令中断开始哭，近身肉搏的时候开始控制不住，到长津湖二次战役胜利结束，一场约为三个小时的电影，大概哭了两个小时四十五分钟，以至于今天还在眼睛疼。不得不说，这是一部很棒的爱国教育片。首先，它抓住了大体。抗美援朝的典型刻画了，杨根思、冰雕连，用历史真实的温度贴近观影者。长津湖战役的框架架构了，东西线、时间轴，较为完整地呈现了战争全貌。再者，它勾画了细节。让人破防的，往往不是什么大背景，而是一些小细节。第七穿插连不忘记每一个人的排序方式、伍千里捂住了万...",
      "uri": "douban:\/\/douban.com\/review\/13917735",
      "ad_info": null,
      "topic": null,
      "photos": [],
      "reactions_count": 1,
      "comments_count": 0,
      "user": {
        "kind": "user",
        "name": "仙贝老奶奶",
        "url": "https:\/\/www.douban.com\/people\/204789927\/",
        "uri": "douban:\/\/douban.com\/user\/204789927",
        "avatar": "https://img9.doubanio.com\/icon\/up204789927-5.jpg",
        "is_club": false,
        "type": "user",
        "id": "204789927",
        "uid": "204789927"
      },
      "create_time": "2021-10-11 22:49:54",
      "reshares_count": 0,
      "type": "review",
      "id": "13917735",
      "subject": {
        "type": "movie",
        "title": "长津湖"
      }
    },
    {
      "rating": {
        "count": 1,
        "max": 5,
        "star_count": 5.0,
        "value": 5
      },
      "useful_count": 1,
      "sharing_url": "https:\/\/movie.douban.com\/review\/13917703\/",
      "title": "有没有发现一个彩蛋",
      "url": "https:\/\/movie.douban.com\/review\/13917703\/",
      "abstract": "士兵突击七连整改被老A打的一塌糊涂，也是因为当时老a有制空权，指挥部在天上，是否当时就映射了抗美援朝的劣势，貌似处处都和士兵突击紧密相连，包括最后活下来的三个老兵，每个士兵的编号，今天在看一次士兵突击心里感觉升华了，这是一种什么样的军魂，士兵突击里面面对老a的一比九伤亡比例，那时候只是觉得没打过，现在想想这就是抗美援朝时候我人民志愿军的处境，泪目了",
      "uri": "douban:\/\/douban.com\/review\/13917703",
      "ad_info": null,
      "topic": null,
      "photos": [],
      "reactions_count": 1,
      "comments_count": 0,
      "user": {
        "kind": "user",
        "name": "躲藏",
        "url": "https:\/\/www.douban.com\/people\/182702206\/",
        "uri": "douban:\/\/douban.com\/user\/182702206",
        "avatar": "https://img2.doubanio.com\/icon\/up182702206-1.jpg",
        "is_club": false,
        "type": "user",
        "id": "182702206",
        "uid": "182702206"
      },
      "create_time": "2021-10-11 22:27:12",
      "reshares_count": 0,
      "type": "review",
      "id": "13917703",
      "subject": {
        "type": "movie",
        "title": "长津湖"
      }
    },
    {
      "rating": {
        "count": 1,
        "max": 5,
        "star_count": 5.0,
        "value": 5
      },
      "useful_count": 1,
      "sharing_url": "https:\/\/movie.douban.com\/review\/13917688\/",
      "title": "难得一部我和我妈都觉得很好看的片子",
      "url": "https:\/\/movie.douban.com\/review\/13917688\/",
      "abstract": "这个国庆节，我对两部献礼大片的观看意愿都不大，但没想到，《长津湖》居然在我妈的中老年妇女圈子里口碑爆了，所以我奉她老人家之命买了IMAX的票和她一起去看。因为等公交时间过长加观影前上厕所，晚了几分钟，我们看到的第一个镜头是吴京抱着骨灰罐子。顶锅盖说一句，前期易烊千玺卖力演出的野小孩真的尬，看得出他很卖力，但……就真的尬……然后就是精彩的美军展示装备镜头，我妈看得很激动，甚至热烈地和我讨论这段为什么没有3d。说真的，就算再了解历史，看到这段都是震撼的，一架架战斗机和一艘艘军舰，绝...",
      "uri": "douban:\/\/douban.com\/review\/13917688",
      "ad_info": null,
      "topic": null,
      "photos": [],
      "reactions_count": 1,
      "comments_count": 0,
      "user": {
        "kind": "user",
        "name": "忧郁的多肉",
        "url": "https:\/\/www.douban.com\/people\/217122910\/",
        "uri": "douban:\/\/douban.com\/user\/217122910",
        "avatar": "https://img2.doubanio.com\/icon\/up217122910-2.jpg",
        "is_club": false,
        "type": "user",
        "id": "217122910",
        "uid": "217122910"
      },
      "create_time": "2021-10-11 22:19:16",
      "reshares_count": 0,
      "type": "review",
      "id": "13917688",
      "subject": {
        "type": "movie",
        "title": "长津湖"
      }
    },
    {
      "rating": {
        "count": 1,
        "max": 5,
        "star_count": 5.0,
        "value": 5
      },
      "useful_count": 0,
      "sharing_url": "https:\/\/movie.douban.com\/review\/13917675\/",
      "title": "悲壮激昂，英勇无畏",
      "url": "https:\/\/movie.douban.com\/review\/13917675\/",
      "abstract": "影片有两个点我超级感动，第一处是：七连战士们，历经辛苦奔波，刚抵达东北正在休整，还没来得及喝口水吃饱饭，毛岸英向伍带来了上级让七连奔赴战场的指令，当伍千里问他什么时候出发时，毛岸英沉默纠结，难以对辛劳的战士开口，伍千里顿时明白了，立马二话不说，坚毅地召集七连的兄弟们整理出发奔赴战场。此时响起毛岸英曾向彭德怀请缨时说的那句话“几十万老百姓的孩子，一道命令就上了战场，我毛岸英有什么理由不去”！第二处是：梅生向伍千里讲述他离家的情形，女儿问他“爸爸为什么你要去打仗？” 他此时回...",
      "uri": "douban:\/\/douban.com\/review\/13917675",
      "ad_info": null,
      "topic": null,
      "photos": [],
      "reactions_count": 1,
      "comments_count": 0,
      "user": {
        "kind": "user",
        "name": "小雨佳",
        "url": "https:\/\/www.douban.com\/people\/144289052\/",
        "uri": "douban:\/\/douban.com\/user\/144289052",
        "avatar": "https://img2.doubanio.com\/icon\/up144289052-3.jpg",
        "is_club": false,
        "type": "user",
        "id": "144289052",
        "uid": "144289052"
      },
      "create_time": "2021-10-11 22:11:44",
      "reshares_count": 0,
      "type": "review",
      "id": "13917675",
      "subject": {
        "type": "movie",
        "title": "长津湖"
      }
    },
    {
      "rating": {
        "count": 1,
        "max": 5,
        "star_count": 3.0,
        "value": 3
      },
      "useful_count": 3,
      "sharing_url": "https:\/\/movie.douban.com\/review\/13917628\/",
      "title": "长津湖观感",
      "url": "https:\/\/movie.douban.com\/review\/13917628\/",
      "abstract": "首先向中国志愿军致敬！影片让我们更直观感受到了当时残酷的环境，而切身经历过这些的竟是我们身边爷爷奶奶辈的人。感谢他们才有我们今天的生活。但是只说电影，我觉得有几点不足。一是故事有点不成型，前面决定太长，送棉服的姑娘和围巾给了描写又没有后续，美军飞机大炮装备那么多，而我们的作战计划却没有描写很多，感觉全靠个人肉搏，结尾冻死的士兵没有前戏铺垫，如果没有了解过这事件会觉得这里出现的让人摸不着头脑。二是有些枪不能开没看懂想说什么，都在你死我活的战争中了对敌人有啥枪不能开的，还有...",
      "uri": "douban:\/\/douban.com\/review\/13917628",
      "ad_info": null,
      "topic": null,
      "photos": [],
      "reactions_count": 1,
      "comments_count": 0,
      "user": {
        "kind": "user",
        "name": "罗小蓝",
        "url": "https:\/\/www.douban.com\/people\/76618874\/",
        "uri": "douban:\/\/douban.com\/user\/76618874",
        "avatar": "https://img2.doubanio.com\/icon\/up76618874-3.jpg",
        "is_club": false,
        "type": "user",
        "id": "76618874",
        "uid": "76618874"
      },
      "create_time": "2021-10-11 21:44:19",
      "reshares_count": 0,
      "type": "review",
      "id": "13917628",
      "subject": {
        "type": "movie",
        "title": "长津湖"
      }
    },
    {
      "rating": {
        "count": 1,
        "max": 5,
        "star_count": 5.0,
        "value": 5
      },
      "useful_count": 0,
      "sharing_url": "https:\/\/movie.douban.com\/review\/13917583\/",
      "title": "电影<<长津湖>>短评",
      "url": "https:\/\/movie.douban.com\/review\/13917583\/",
      "abstract": "整部电影下来，泪目三次。一哭为亲情。多么伟大的两位老人，三个儿子同上战场，不舍得但是没有说过一句不许，含泪接下大儿子的骨灰，再含泪目送二儿子上战场。五百里和五千里的兄弟情同样使我感动不已，五千里说:雷公，我弟弟交给你，你教他，教他怎么不死就行，而弟弟为了跟随哥哥，不听命令，偷偷闯进枪林弹雨二哭为战争。不容易，真不容易，没有人不怕死，可是上了战场就得忘记生死，致敬所有人民英雄！三哭为雷公。多么可爱，纯洁，伟大的军人，为了战友们不惜牺牲自己，他还没有一个自己的家，最后...",
      "uri": "douban:\/\/douban.com\/review\/13917583",
      "ad_info": null,
      "topic": null,
      "photos": [],
      "reactions_count": 1,
      "comments_count": 0,
      "user": {
        "kind": "user",
        "name": "浠米",
        "url": "https:\/\/www.douban.com\/people\/137990200\/",
        "uri": "douban:\/\/douban.com\/user\/137990200",
        "avatar": "https://img2.doubanio.com\/icon\/up137990200-3.jpg",
        "is_club": false,
        "type": "user",
        "id": "137990200",
        "uid": "137990200"
      },
      "create_time": "2021-10-11 21:14:05",
      "reshares_count": 0,
      "type": "review",
      "id": "13917583",
      "subject": {
        "type": "movie",
        "title": "长津湖"
      }
    },
    {
      "rating": {
        "count": 1,
        "max": 5,
        "star_count": 5.0,
        "value": 5
      },
      "useful_count": 0,
      "sharing_url": "https:\/\/movie.douban.com\/review\/13917582\/",
      "title": "电影<<长津湖>>短评",
      "url": "https:\/\/movie.douban.com\/review\/13917582\/",
      "abstract": "整部电影下来，泪目三次。一哭为亲情。多么伟大的两位老人，三个儿子同上战场，不舍得但是没有说过一句不许，含泪接下大儿子的骨灰，再含泪目送二儿子上战场。五百里和五千里的兄弟情同样使我感动不已，五千里说:雷公，我弟弟交给你，你教他，教他怎么不死就行，而弟弟为了跟随哥哥，不听命令，偷偷闯进枪林弹雨二哭为战争。不容易，真不容易，没有人不怕死，可是上了战场就得忘记生死，致敬所有人民英雄！三哭为雷公。多么可爱，纯洁，伟大的军人，为了战友们不惜牺牲自己，他还没有一个自己的家，最后...",
      "uri": "douban:\/\/douban.com\/review\/13917582",
      "ad_info": null,
      "topic": null,
      "photos": [],
      "reactions_count": 1,
      "comments_count": 0,
      "user": {
        "kind": "user",
        "name": "浠米",
        "url": "https:\/\/www.douban.com\/people\/137990200\/",
        "uri": "douban:\/\/douban.com\/user\/137990200",
        "avatar": "https://img2.doubanio.com\/icon\/up137990200-3.jpg",
        "is_club": false,
        "type": "user",
        "id": "137990200",
        "uid": "137990200"
      },
      "create_time": "2021-10-11 21:14:05",
      "reshares_count": 0,
      "type": "review",
      "id": "13917582",
      "subject": {
        "type": "movie",
        "title": "长津湖"
      }
    },
    {
      "rating": {
        "count": 1,
        "max": 5,
        "star_count": 3.0,
        "value": 3
      },
      "useful_count": 2,
      "sharing_url": "https:\/\/movie.douban.com\/review\/13917494\/",
      "title": "战争片还是需要鼓励的",
      "url": "https:\/\/movie.douban.com\/review\/13917494\/",
      "abstract": "整部片子过于冗长了，很多地方拍得好拖沓，可取之处是战争场面还不错，在战争片式微的如今，毕竟成本高调度难也不讨巧观众，能在影院看到这么震撼的战争场面还是很高兴的，就是节奏拖得太太太长了，一直嘣嘣嘣，我从一开始的震撼到后面的打哈欠。有些血腥场面真是很难得在电影院看到，竟然保留了，也是因为献礼片的特殊性吧，但是看到有些家长真的因为是部爱国主义宣传片就带小孩子去看，想要让孩子接受一下爱国主义教育，那么小的孩子，那么血腥的片段，没有分级制度真是太可怕了。这部片子有些地方拍的好奇怪，...",
      "uri": "douban:\/\/douban.com\/review\/13917494",
      "ad_info": null,
      "topic": null,
      "photos": [],
      "reactions_count": 1,
      "comments_count": 0,
      "user": {
        "kind": "user",
        "name": "山谷风·凤凰河",
        "url": "https:\/\/www.douban.com\/people\/142406781\/",
        "uri": "douban:\/\/douban.com\/user\/142406781",
        "avatar": "https://img1.doubanio.com\/icon\/up142406781-8.jpg",
        "is_club": false,
        "type": "user",
        "id": "142406781",
        "uid": "142406781"
      },
      "create_time": "2021-10-11 20:02:57",
      "reshares_count": 0,
      "type": "review",
      "id": "13917494",
      "subject": {
        "type": "movie",
        "title": "长津湖"
      }
    },
    {
      "rating": {
        "count": 1,
        "max": 5,
        "star_count": 4.0,
        "value": 4
      },
      "useful_count": 1,
      "sharing_url": "https:\/\/movie.douban.com\/review\/13917462\/",
      "title": "观看《长津湖》关于该片冰雕连烈士剧情之感言",
      "url": "https:\/\/movie.douban.com\/review\/13917462\/",
      "abstract": "         史诗战争巨制《长津湖》票房迄今已突破40亿，成为新中国国庆档电影票房冠军当之无愧！毋庸置疑，该片受到全国广大观众踊跃观片，反响强烈，好评如潮，给国人以极大的正能量启迪、鼓舞和力量。        长津湖地区是朝鲜北部最为苦寒的地区，夜间最低温度接近摄氏零下40度的严冬。1950年冬季，志愿军第9兵团20军、26军、27军其10余万官兵翻山越岭，隐蔽接敌，战士们忍受着酷寒、饥饿和疲劳在覆盖冰雪的山林中连续穿插行军，向美陆战一师发起了猛烈攻击，将敌人分割包围，他们以巨大的牺牲重创了美陆战一...",
      "uri": "douban:\/\/douban.com\/review\/13917462",
      "ad_info": null,
      "topic": null,
      "photos": [
        {
          "tag_name": "img_6577734",
          "id": "6577734",
          "image": {
            "large": {
              "url": "https://img9.doubanio.com\/view\/thing_review\/l\/public\/p6577734.jpg",
              "width": 600,
              "height": 312,
              "size": 0
            },
            "raw": null,
            "is_animated": false,
            "normal": {
              "url": "https://img9.doubanio.com\/view\/thing_review\/l\/public\/p6577734.jpg",
              "width": 600,
              "height": 312,
              "size": 0
            }
          },
          "description": ""
        }
      ],
      "reactions_count": 1,
      "comments_count": 0,
      "user": {
        "kind": "user",
        "name": "绿色一瞥",
        "url": "https:\/\/www.douban.com\/people\/171268189\/",
        "uri": "douban:\/\/douban.com\/user\/171268189",
        "avatar": "https://img9.doubanio.com\/icon\/up171268189-4.jpg",
        "is_club": false,
        "type": "user",
        "id": "171268189",
        "uid": "171268189"
      },
      "create_time": "2021-10-11 19:32:52",
      "reshares_count": 0,
      "type": "review",
      "id": "13917462",
      "subject": {
        "type": "movie",
        "title": "长津湖"
      }
    },
    {
      "rating": {
        "count": 1,
        "max": 5,
        "star_count": 5.0,
        "value": 5
      },
      "useful_count": 0,
      "sharing_url": "https:\/\/movie.douban.com\/review\/13917428\/",
      "title": "寒冷的长津湖，伟大的志愿军",
      "url": "https:\/\/movie.douban.com\/review\/13917428\/",
      "abstract": "今天终于把长津湖看了。难得大场面的主旋律影片，里面虽然也有几处刻意煽情的桥段，但激烈的战争场景会带来更多的视听震撼（不知是不是屏幕太大的原因，有些近景特写晃得有点眼花）！特效嘛……算是不错了，但应该还有提升空间！就是敌我之间的优劣势的描写，如果再多一些再详尽一些，就更好了。另外不知道网上传言的水门桥会不会是真的，如果由此作为长津湖的补充就更完美了。现在发表观影结语：侵略者的战争是残忍的，泯灭人性；捍卫者的战争是光荣的，保家卫国！影片更多的是展现我志愿军面对强大敌人和恶劣环...",
      "uri": "douban:\/\/douban.com\/review\/13917428",
      "ad_info": null,
      "topic": null,
      "photos": [
        {
          "tag_name": "img_6577689",
          "id": "6577689",
          "image": {
            "large": {
              "url": "https://img1.doubanio.com\/view\/thing_review\/l\/public\/p6577689.jpg",
              "width": 600,
              "height": 273,
              "size": 0
            },
            "raw": null,
            "is_animated": false,
            "normal": {
              "url": "https://img1.doubanio.com\/view\/thing_review\/l\/public\/p6577689.jpg",
              "width": 600,
              "height": 273,
              "size": 0
            }
          },
          "description": ""
        },
        {
          "tag_name": "img_6577690",
          "id": "6577690",
          "image": {
            "large": {
              "url": "https://img3.doubanio.com\/view\/thing_review\/l\/public\/p6577690.jpg",
              "width": 600,
              "height": 450,
              "size": 0
            },
            "raw": null,
            "is_animated": false,
            "normal": {
              "url": "https://img3.doubanio.com\/view\/thing_review\/l\/public\/p6577690.jpg",
              "width": 600,
              "height": 450,
              "size": 0
            }
          },
          "description": ""
        },
        {
          "tag_name": "img_6577691",
          "id": "6577691",
          "image": {
            "large": {
              "url": "https://img2.doubanio.com\/view\/thing_review\/l\/public\/p6577691.jpg",
              "width": 600,
              "height": 314,
              "size": 0
            },
            "raw": null,
            "is_animated": false,
            "normal": {
              "url": "https://img2.doubanio.com\/view\/thing_review\/l\/public\/p6577691.jpg",
              "width": 600,
              "height": 314,
              "size": 0
            }
          },
          "description": ""
        }
      ],
      "reactions_count": 1,
      "comments_count": 0,
      "user": {
        "kind": "user",
        "name": "晃晃悠悠",
        "url": "https:\/\/www.douban.com\/people\/181187083\/",
        "uri": "douban:\/\/douban.com\/user\/181187083",
        "avatar": "https://img2.doubanio.com\/icon\/user_large.jpg",
        "is_club": false,
        "type": "user",
        "id": "181187083",
        "uid": "181187083"
      },
      "create_time": "2021-10-11 18:49:49",
      "reshares_count": 0,
      "type": "review",
      "id": "13917428",
      "subject": {
        "type": "movie",
        "title": "长津湖"
      }
    },
    {
      "rating": {
        "count": 1,
        "max": 5,
        "star_count": 3.0,
        "value": 3
      },
      "useful_count": 2,
      "sharing_url": "https:\/\/movie.douban.com\/review\/13917387\/",
      "title": "哭了，但没完全哭",
      "url": "https:\/\/movie.douban.com\/review\/13917387\/",
      "abstract": "作为一部卖情怀的主流价值观电影，做得还可以。最近恰好看了亚里士多德《论诗》，就在这用他的几要素分析一下吧。情节：大小结合，略显杂乱。多线展开，枝节错生，有些不必要，显得情节冗杂。特别是有些和长津湖一战根本无关联，非得生搬硬套。送红色围巾、同龄小伙伴身亡这两段可以删除。所以全电影近3小时，有至少半小时的情节可以删掉。有些东西又没交代清楚，含糊其辞。形象：电影一开始让我感觉极度不适，父母那段格外出戏。演得根本没有一家人情深的感觉，像是在给我表演一段情深。所以父母的形象刻画是...",
      "uri": "douban:\/\/douban.com\/review\/13917387",
      "ad_info": null,
      "topic": null,
      "photos": [],
      "reactions_count": 1,
      "comments_count": 0,
      "user": {
        "kind": "user",
        "name": "PX",
        "url": "https:\/\/www.douban.com\/people\/148608986\/",
        "uri": "douban:\/\/douban.com\/user\/148608986",
        "avatar": "https://img1.doubanio.com\/icon\/up148608986-17.jpg",
        "is_club": false,
        "type": "user",
        "id": "148608986",
        "uid": "xiaophoenix"
      },
      "create_time": "2021-10-11 18:18:40",
      "reshares_count": 0,
      "type": "review",
      "id": "13917387",
      "subject": {
        "type": "movie",
        "title": "长津湖"
      }
    },
    {
      "rating": null,
      "useful_count": 0,
      "sharing_url": "https:\/\/movie.douban.com\/review\/13917384\/",
      "title": "我们的长津湖",
      "url": "https:\/\/movie.douban.com\/review\/13917384\/",
      "abstract": "伍千里：五分钟整理装备。（五分钟，就是立马的意思。刚歇下，听到命令就齐刷刷动身。反思，以后也预设“五分钟”的指令，五分钟后即刻学习。）：他谁啊：刘秘书（毛岸英。飞机将那片指挥所夷为平地之后也没有人知道他是谁。）谈子为：没有打不死的英雄，只有军人的荣耀！（大概七八年前，《士兵突击》里的袁朗深入人心，段奕宏是最硬的老A。如今是打不死的谈子为。我以为袁朗已经够成熟了，直到我看见更老练精到的谈子为。看眼神，更深沉。）雷睢生：别把我一个人留在这。（雷公&amp;雷爹）余从戎：这...",
      "uri": "douban:\/\/douban.com\/review\/13917384",
      "ad_info": null,
      "topic": null,
      "photos": [],
      "reactions_count": 1,
      "comments_count": 0,
      "user": {
        "kind": "user",
        "name": "不喝",
        "url": "https:\/\/www.douban.com\/people\/157481601\/",
        "uri": "douban:\/\/douban.com\/user\/157481601",
        "avatar": "https://img2.doubanio.com\/icon\/up157481601-3.jpg",
        "is_club": false,
        "type": "user",
        "id": "157481601",
        "uid": "157481601"
      },
      "create_time": "2021-10-11 18:17:11",
      "reshares_count": 0,
      "type": "review",
      "id": "13917384",
      "subject": {
        "type": "movie",
        "title": "长津湖"
      }
    },
    {
      "rating": null,
      "useful_count": 0,
      "sharing_url": "https:\/\/movie.douban.com\/review\/13917372\/",
      "title": "制作用心精良的一部战争片，像烈士致敬",
      "url": "https:\/\/movie.douban.com\/review\/13917372\/",
      "abstract": "看电影之前，了解到电影有三个小时时长，因为看多了因为只有一个半小时时长而导致很多地方交待不完整的电影，所以对这点表示很满意和期待。三个大导演合拍，服化道具制作都很精良，很多老戏骨同台飙戏，可以看出电影制作的用心。电影中打仗的场景很多，枪林炮雨，飞机炮弹，现实中可能更残酷。个人很喜欢战争片，小时候看七七事变，那种家国情怀，总是能感同身受热泪盈眶，希望以后能出更多优秀的战争片，让大家记住历史，致敬革命先辈。",
      "uri": "douban:\/\/douban.com\/review\/13917372",
      "ad_info": null,
      "topic": null,
      "photos": [],
      "reactions_count": 1,
      "comments_count": 0,
      "user": {
        "kind": "user",
        "name": "喵星球",
        "url": "https:\/\/www.douban.com\/people\/195086592\/",
        "uri": "douban:\/\/douban.com\/user\/195086592",
        "avatar": "https://img2.doubanio.com\/icon\/up195086592-1.jpg",
        "is_club": false,
        "type": "user",
        "id": "195086592",
        "uid": "195086592"
      },
      "create_time": "2021-10-01 07:02:05",
      "reshares_count": 0,
      "type": "review",
      "id": "13917372",
      "subject": {
        "type": "movie",
        "title": "长津湖"
      }
    },
    {
      "rating": null,
      "useful_count": 1,
      "sharing_url": "https:\/\/movie.douban.com\/review\/13917371\/",
      "title": "历史永铭记，看电影《长津湖》，我不禁热泪盈眶！",
      "url": "https:\/\/movie.douban.com\/review\/13917371\/",
      "abstract": "《长津湖》这部电影生动演绎了抗美援朝这段英雄史诗，我们祖国人民为帮助朝鲜打退美国，禁止美国跨过鸭绿江侵犯我们中国领土。《长津湖》以一名新生入伍的战士五万里（易烊千玺）饰的视角来展现战争的可怕，失去亲人的痛苦，在电影里我甚至能亲身感受到，和平对我们这个时代的人们有多么重要！奋勇杀敌，扬我国威《长津湖》有两场战役让我记忆犹新，第一次与美军交锋，吴京展示了极强的 战斗力，与敌人殊死搏斗，跳入坦克车，在车里与余从戎（李晨）饰开着坦克与敌人奋力抵抗，最终把敌人血洗。还有一次，...",
      "uri": "douban:\/\/douban.com\/review\/13917371",
      "ad_info": null,
      "topic": null,
      "photos": [
        {
          "tag_name": "img_6540890",
          "id": "6540890",
          "image": {
            "large": {
              "url": "https://img3.doubanio.com\/view\/thing_review\/l\/public\/p6540890.jpg",
              "width": 600,
              "height": 400,
              "size": 0
            },
            "raw": null,
            "is_animated": false,
            "normal": {
              "url": "https://img3.doubanio.com\/view\/thing_review\/l\/public\/p6540890.jpg",
              "width": 600,
              "height": 400,
              "size": 0
            }
          },
          "description": ""
        }
      ],
      "reactions_count": 1,
      "comments_count": 0,
      "user": {
        "kind": "user",
        "name": "夏天",
        "url": "https:\/\/www.douban.com\/people\/180910040\/",
        "uri": "douban:\/\/douban.com\/user\/180910040",
        "avatar": "https://img2.doubanio.com\/icon\/up180910040-1.jpg",
        "is_club": false,
        "type": "user",
        "id": "180910040",
        "uid": "180910040"
      },
      "create_time": "2021-10-01 08:37:39",
      "reshares_count": 0,
      "type": "review",
      "id": "13917371",
      "subject": {
        "type": "movie",
        "title": "长津湖"
      }
    },
    {
      "rating": null,
      "useful_count": 3,
      "sharing_url": "https:\/\/movie.douban.com\/review\/13917370\/",
      "title": "向伟大的抗美援朝精神致敬",
      "url": "https:\/\/movie.douban.com\/review\/13917370\/",
      "abstract": "      以血肉之躯抵挡战斗机狂轰乱炸      美军的飞机扫射边境，原本准备从地里回家的大爷一瞬间血肉淋漓，大爷自己可能都不知道生命结束的原因……     敌人在天上，以胜利者的姿态俯视着“即将到手的战利品”，满地的残躯对他们而言仅仅是一场游戏— —他们拥有着当时全世界最先进的武器装备，于他们而言视生命如草芥又如何，可是于我们而言，那些躺在冰冷他乡土地的尸体，是曾经一次一次拿起生命去守卫祖国百姓生命的同胞。ios再好，也可能是射向我们同胞们的子弹     我看到那个认真负责的美军将领，...",
      "uri": "douban:\/\/douban.com\/review\/13917370",
      "ad_info": null,
      "topic": null,
      "photos": [],
      "reactions_count": 1,
      "comments_count": 0,
      "user": {
        "kind": "user",
        "name": "Erniua",
        "url": "https:\/\/www.douban.com\/people\/151573908\/",
        "uri": "douban:\/\/douban.com\/user\/151573908",
        "avatar": "https://img2.doubanio.com\/icon\/up151573908-2.jpg",
        "is_club": false,
        "type": "user",
        "id": "151573908",
        "uid": "151573908"
      },
      "create_time": "2021-10-01 08:41:16",
      "reshares_count": 0,
      "type": "review",
      "id": "13917370",
      "subject": {
        "type": "movie",
        "title": "长津湖"
      }
    },
    {
      "rating": null,
      "useful_count": 1,
      "sharing_url": "https:\/\/movie.douban.com\/review\/13917362\/",
      "title": "制作精良的一部电影战争片",
      "url": "https:\/\/movie.douban.com\/review\/13917362\/",
      "abstract": "小时候就喜欢看战争片，小时候看七七事变，被战争中家国情怀感动得热泪盈眶，也很心疼战争中逝去的英雄们。这部电影时长三小时，让我打消了过分剪辑故事不完整的顾虑。三大导演联合拍摄，里面服化道具也很用心，很多老戏骨，演员们演技精湛。四字弟弟演的角色感觉和中国医生里差不多，也是职场战场小白升职记，可能是因为流量明星，所以特意为他打造了这么一个感觉跟电影没啥关系的人物。",
      "uri": "douban:\/\/douban.com\/review\/13917362",
      "ad_info": null,
      "topic": null,
      "photos": [],
      "reactions_count": 1,
      "comments_count": 0,
      "user": {
        "kind": "user",
        "name": "喵星球",
        "url": "https:\/\/www.douban.com\/people\/195086592\/",
        "uri": "douban:\/\/douban.com\/user\/195086592",
        "avatar": "https://img2.doubanio.com\/icon\/up195086592-1.jpg",
        "is_club": false,
        "type": "user",
        "id": "195086592",
        "uid": "195086592"
      },
      "create_time": "2021-10-01 09:00:51",
      "reshares_count": 0,
      "type": "review",
      "id": "13917362",
      "subject": {
        "type": "movie",
        "title": "长津湖"
      }
    },
    {
      "rating": {
        "count": 1,
        "max": 5,
        "star_count": 4.0,
        "value": 4
      },
      "useful_count": 1,
      "sharing_url": "https:\/\/movie.douban.com\/review\/13917326\/",
      "title": "血肉之躯铸成的钢铁长城",
      "url": "https:\/\/movie.douban.com\/review\/13917326\/",
      "abstract": "评分：8.5分这部电影最吸引我的是三位顶级大导演的合作，这种合作好像还是第一次吧！他们各自的风格、特点融合在一起会是怎样一种震撼人心的效果？怀着这样的期待，毫不犹豫地选择了国庆假日档去电影院观看的唯一 一部影片。首先，对影片拍摄的恢弘场景、枪林弹雨的效果、特效、画面、转换表示震撼，绝对可以堪比好莱坞大片（战争片尤其更难拍出的真实效果）。其次，对所有参演的演员及阵容感到惊叹，这部影片大腕云集，加上群演，人数过万，这么多的人，这么艰苦的拍摄环境，这么长时间的、令人震撼的轰炸...",
      "uri": "douban:\/\/douban.com\/review\/13917326",
      "ad_info": null,
      "topic": null,
      "photos": [],
      "reactions_count": 1,
      "comments_count": 0,
      "user": {
        "kind": "user",
        "name": "i",
        "url": "https:\/\/www.douban.com\/people\/200948812\/",
        "uri": "douban:\/\/douban.com\/user\/200948812",
        "avatar": "https://img2.doubanio.com\/icon\/up200948812-1.jpg",
        "is_club": false,
        "type": "user",
        "id": "200948812",
        "uid": "200948812"
      },
      "create_time": "2021-10-11 16:58:05",
      "reshares_count": 0,
      "type": "review",
      "id": "13917326",
      "subject": {
        "type": "movie",
        "title": "长津湖"
      }
    },
    {
      "rating": null,
      "useful_count": 16,
      "sharing_url": "https:\/\/movie.douban.com\/review\/13917325\/",
      "title": "观《长津湖》有感",
      "url": "https:\/\/movie.douban.com\/review\/13917325\/",
      "abstract": "近期去看了电影《长津湖》心情久久不能平复，一个原因就是我的爷爷也参加过抗美援朝，在黄草岭阻击战中，当时仅20出头的他，就用手榴弹俘虏了几个美国士兵，在缺衣少粮的大雪中奋战了整整14天，最终落下了手被冻伤的病根，而现在年事已高的他冻伤也愈发严重了，从小沐浴在和平年代的家人总是很难理解，他总爱捡一些我们认为是破烂的东西 悄悄自己用；最近他不再很容易的辨认出我了，但每每聊到当时打仗的往事，却总是如数家珍的讲述遥远的故事……小的时候不喜欢看红色题材电影，觉得很土，而现在看 眼睛里总像...",
      "uri": "douban:\/\/douban.com\/review\/13917325",
      "ad_info": null,
      "topic": null,
      "photos": [
        {
          "tag_name": "img_6577325",
          "id": "6577325",
          "image": {
            "large": {
              "url": "https://img9.doubanio.com\/view\/thing_review\/l\/public\/p6577325.jpg",
              "width": 600,
              "height": 800,
              "size": 0
            },
            "raw": null,
            "is_animated": false,
            "normal": {
              "url": "https://img9.doubanio.com\/view\/thing_review\/l\/public\/p6577325.jpg",
              "width": 600,
              "height": 800,
              "size": 0
            }
          },
          "description": ""
        },
        {
          "tag_name": "img_6577327",
          "id": "6577327",
          "image": {
            "large": {
              "url": "https://img1.doubanio.com\/view\/thing_review\/l\/public\/p6577327.jpg",
              "width": 600,
              "height": 800,
              "size": 0
            },
            "raw": null,
            "is_animated": false,
            "normal": {
              "url": "https://img1.doubanio.com\/view\/thing_review\/l\/public\/p6577327.jpg",
              "width": 600,
              "height": 800,
              "size": 0
            }
          },
          "description": ""
        },
        {
          "tag_name": "img_6577326",
          "id": "6577326",
          "image": {
            "large": {
              "url": "https://img9.doubanio.com\/view\/thing_review\/l\/public\/p6577326.jpg",
              "width": 600,
              "height": 337,
              "size": 0
            },
            "raw": null,
            "is_animated": false,
            "normal": {
              "url": "https://img9.doubanio.com\/view\/thing_review\/l\/public\/p6577326.jpg",
              "width": 600,
              "height": 337,
              "size": 0
            }
          },
          "description": ""
        }
      ],
      "reactions_count": 1,
      "comments_count": 8,
      "user": {
        "kind": "user",
        "name": "豆友189413763",
        "url": "https:\/\/www.douban.com\/people\/189413763\/",
        "uri": "douban:\/\/douban.com\/user\/189413763",
        "avatar": "https://img2.doubanio.com\/icon\/up189413763-2.jpg",
        "is_club": false,
        "type": "user",
        "id": "189413763",
        "uid": "189413763"
      },
      "create_time": "2021-10-11 17:11:31",
      "reshares_count": 0,
      "type": "review",
      "id": "13917325",
      "subject": {
        "type": "movie",
        "title": "长津湖"
      }
    },
    {
      "rating": {
        "count": 1,
        "max": 5,
        "star_count": 4.0,
        "value": 4
      },
      "useful_count": 1,
      "sharing_url": "https:\/\/movie.douban.com\/review\/13917291\/",
      "title": "长津湖和长津湖",
      "url": "https:\/\/movie.douban.com\/review\/13917291\/",
      "abstract": "隐忍了这么久的电影市场，在疫情的趋于稳控前提下，并在国庆长假前迎来了一个小小的高潮，引领潮头的是大制作主旋律片《长津湖》。长津湖战役1950年的11月到12月，属于第二次战役的东线战局。对阵双方是中国人民志愿军第九兵团和美国第十军，志愿军下辖第20军，第26军，第27军，一共十五万人，美军大约十万人左右，主要是陆战第一师，陆军第三师，第七师。这两只部队都是当时双方军队主力中的精锐之师，所以这场大战堪堪是火星撞地球，王牌对王牌。开国上将宋时轮领导的第九兵团之前本来是作为渡海作战解放...",
      "uri": "douban:\/\/douban.com\/review\/13917291",
      "ad_info": null,
      "topic": null,
      "photos": [
        {
          "tag_name": "img_6575925",
          "id": "6575925",
          "image": {
            "large": {
              "url": "https://img9.doubanio.com\/view\/thing_review\/l\/public\/p6575925.jpg",
              "width": 600,
              "height": 414,
              "size": 0
            },
            "raw": null,
            "is_animated": false,
            "normal": {
              "url": "https://img9.doubanio.com\/view\/thing_review\/l\/public\/p6575925.jpg",
              "width": 600,
              "height": 414,
              "size": 0
            }
          },
          "description": ""
        },
        {
          "tag_name": "img_6575946",
          "id": "6575946",
          "image": {
            "large": {
              "url": "https://img9.doubanio.com\/view\/thing_review\/l\/public\/p6575946.jpg",
              "width": 533,
              "height": 300,
              "size": 0
            },
            "raw": null,
            "is_animated": false,
            "normal": {
              "url": "https://img9.doubanio.com\/view\/thing_review\/l\/public\/p6575946.jpg",
              "width": 533,
              "height": 300,
              "size": 0
            }
          },
          "description": ""
        },
        {
          "tag_name": "img_6575945",
          "id": "6575945",
          "image": {
            "large": {
              "url": "https://img9.doubanio.com\/view\/thing_review\/l\/public\/p6575945.jpg",
              "width": 600,
              "height": 400,
              "size": 0
            },
            "raw": null,
            "is_animated": false,
            "normal": {
              "url": "https://img9.doubanio.com\/view\/thing_review\/l\/public\/p6575945.jpg",
              "width": 600,
              "height": 400,
              "size": 0
            }
          },
          "description": ""
        }
      ],
      "reactions_count": 1,
      "comments_count": 0,
      "user": {
        "kind": "user",
        "name": "叶哩斯坦尼",
        "url": "https:\/\/www.douban.com\/people\/76981528\/",
        "uri": "douban:\/\/douban.com\/user\/76981528",
        "avatar": "https://img9.doubanio.com\/icon\/up76981528-6.jpg",
        "is_club": false,
        "type": "user",
        "id": "76981528",
        "uid": "76981528"
      },
      "create_time": "2021-10-11 10:22:01",
      "reshares_count": 0,
      "type": "review",
      "id": "13917291",
      "subject": {
        "type": "movie",
        "title": "长津湖"
      }
    }
  ]
