﻿[
    {
      "rating": {
        "count": 1,
        "max": 5,
        "star_count": 5.0,
        "value": 5
      },
      "useful_count": 5,
      "sharing_url": "https:\/\/movie.douban.com\/review\/13906847\/",
      "title": "写给《长津湖》的观后感",
      "url": "https:\/\/movie.douban.com\/review\/13906847\/",
      "abstract": "    去年考研，政治这门完全靠小聪明和考前不到一个礼拜的突击抱佛脚。毛中特和思修法基部分备考老师不断提到一个概念，抗美援朝精神。彼时的我，只是机械背诵：抗美援朝精神是祖国和人民的利益高于一切、为了祖国和民族的尊严而奋不顾身的爱国主义精神；是英勇顽强、舍生忘死的革命英雄主义精神；不畏艰难困苦、始终保持高昂士气的革命乐观主义精神；为完成祖国和人民赋予的使命、慷慨奉献自己一切的革命忠诚精神；为了人类和平与正义事业而奋斗的国际主义精神。      说来也惭愧，一直自诩为政治历史偏执着迷...",
      "uri": "douban:\/\/douban.com\/review\/13906847",
      "ad_info": null,
      "topic": null,
      "photos": [
        {
          "tag_name": "img_6558924",
          "id": "6558924",
          "image": {
            "large": {
              "url": "https://img9.doubanio.com\/view\/thing_review\/l\/public\/p6558924.jpg",
              "width": 600,
              "height": 450,
              "size": 0
            },
            "raw": null,
            "is_animated": false,
            "normal": {
              "url": "https://img9.doubanio.com\/view\/thing_review\/l\/public\/p6558924.jpg",
              "width": 600,
              "height": 450,
              "size": 0
            }
          },
          "description": ""
        },
        {
          "tag_name": "img_6558923",
          "id": "6558923",
          "image": {
            "large": {
              "url": "https://img2.doubanio.com\/view\/thing_review\/l\/public\/p6558923.jpg",
              "width": 600,
              "height": 450,
              "size": 0
            },
            "raw": null,
            "is_animated": false,
            "normal": {
              "url": "https://img2.doubanio.com\/view\/thing_review\/l\/public\/p6558923.jpg",
              "width": 600,
              "height": 450,
              "size": 0
            }
          },
          "description": ""
        }
      ],
      "reactions_count": 1,
      "comments_count": 2,
      "user": {
        "kind": "user",
        "name": "Do fly J.",
        "url": "https:\/\/www.douban.com\/people\/201547237\/",
        "uri": "douban:\/\/douban.com\/user\/201547237",
        "avatar": "https://img2.doubanio.com\/icon\/up201547237-1.jpg",
        "is_club": false,
        "type": "user",
        "id": "201547237",
        "uid": "201547237"
      },
      "create_time": "2021-10-06 13:41:08",
      "reshares_count": 0,
      "type": "review",
      "id": "13906847",
      "subject": {
        "type": "movie",
        "title": "长津湖"
      }
    },
    {
      "rating": {
        "count": 1,
        "max": 5,
        "star_count": 5.0,
        "value": 5
      },
      "useful_count": 2,
      "sharing_url": "https:\/\/movie.douban.com\/review\/13906821\/",
      "title": "观后感",
      "url": "https:\/\/movie.douban.com\/review\/13906821\/",
      "abstract": "感觉不够看啊，太震撼了，很多细节都很好，铭记历史，缅怀先烈啊！！！！因为有你们，我们才能生活在这个和平年代，看看现在那些还在战争混乱的国家，我感到自己无比的幸运。这个影片不同人的感受不同，有好评，也有差评，但就我来说我很喜欢，我感觉我还可以看很多次。我感觉我的爱国情怀得到了又一次升华，我身边很多人都很说电影很好",
      "uri": "douban:\/\/douban.com\/review\/13906821",
      "ad_info": null,
      "topic": null,
      "photos": [],
      "reactions_count": 1,
      "comments_count": 2,
      "user": {
        "kind": "user",
        "name": "特伦苏2005",
        "url": "https:\/\/www.douban.com\/people\/233902997\/",
        "uri": "douban:\/\/douban.com\/user\/233902997",
        "avatar": "https://img2.doubanio.com\/icon\/up233902997-1.jpg",
        "is_club": false,
        "type": "user",
        "id": "233902997",
        "uid": "233902997"
      },
      "create_time": "2021-10-06 13:37:13",
      "reshares_count": 0,
      "type": "review",
      "id": "13906821",
      "subject": {
        "type": "movie",
        "title": "长津湖"
      }
    },
    {
      "rating": null,
      "useful_count": 2,
      "sharing_url": "https:\/\/movie.douban.com\/review\/13906820\/",
      "title": "尊严只能在剑锋上取得",
      "url": "https:\/\/movie.douban.com\/review\/13906820\/",
      "abstract": "《长津湖》观后思绪一二。值得一看。但电影不到五⭐ 程度，三⭐ 半——四⭐ 。感触最深的两句话:洋人看不起我们，尊严只能在战场上取得。希望下一代，能够生长在一个没有硝烟的年代。这大概也是如今年代爱国教育的意义:不忘历史、缅怀先烈、珍惜和平。看电影前先看了长津湖之战的相关历史，收有冻伤冻残的志愿军遗骸的纪念馆，吃的粮食，穿的单衣，战争伤亡数据。真实而不可置信。电影中有一幕长镜头的转换:零下40°、冻烂的土豆、没有足够御寒的棉服、趴在山谷中等待冲锋命令的志愿军们，对...",
      "uri": "douban:\/\/douban.com\/review\/13906820",
      "ad_info": null,
      "topic": null,
      "photos": [
        {
          "tag_name": "img_6558908",
          "id": "6558908",
          "image": {
            "large": {
              "url": "https://img1.doubanio.com\/view\/thing_review\/l\/public\/p6558908.jpg",
              "width": 600,
              "height": 450,
              "size": 0
            },
            "raw": null,
            "is_animated": false,
            "normal": {
              "url": "https://img1.doubanio.com\/view\/thing_review\/l\/public\/p6558908.jpg",
              "width": 600,
              "height": 450,
              "size": 0
            }
          },
          "description": ""
        },
        {
          "tag_name": "img_6558907",
          "id": "6558907",
          "image": {
            "large": {
              "url": "https://img1.doubanio.com\/view\/thing_review\/l\/public\/p6558907.jpg",
              "width": 600,
              "height": 450,
              "size": 0
            },
            "raw": null,
            "is_animated": false,
            "normal": {
              "url": "https://img1.doubanio.com\/view\/thing_review\/l\/public\/p6558907.jpg",
              "width": 600,
              "height": 450,
              "size": 0
            }
          },
          "description": ""
        }
      ],
      "reactions_count": 1,
      "comments_count": 0,
      "user": {
        "kind": "user",
        "name": "生活真危险",
        "url": "https:\/\/www.douban.com\/people\/247927174\/",
        "uri": "douban:\/\/douban.com\/user\/247927174",
        "avatar": "https://img2.doubanio.com\/icon\/up247927174-2.jpg",
        "is_club": false,
        "type": "user",
        "id": "247927174",
        "uid": "247927174"
      },
      "create_time": "2021-10-06 13:36:51",
      "reshares_count": 0,
      "type": "review",
      "id": "13906820",
      "subject": {
        "type": "movie",
        "title": "长津湖"
      }
    },
    {
      "rating": {
        "count": 1,
        "max": 5,
        "star_count": 5.0,
        "value": 5
      },
      "useful_count": 0,
      "sharing_url": "https:\/\/movie.douban.com\/review\/13906597\/",
      "title": "长津湖",
      "url": "https:\/\/movie.douban.com\/review\/13906597\/",
      "abstract": "昔日白雪皑皑的战场，无数战士化作丰碑遥望着故乡，如今这里碧草蓝天，一派安宁祥和。多想对长眠于此的先辈说，如今繁华盛世如你所想。先辈的付出，我们永远不会忘记。 山河已无恙，光影敬英雄。 “一个蛋从外面被敲开，注定被吃掉，你要是能从里面自己啄开，没准儿是只鹰！”“没有冻不死的英雄，也没有打不死的英雄，只有军人的荣耀。”今日的长津湖已碧草连天，我们不会忘记这片土地上曾以血肉捍卫的历史，不会忘记为后代付出鲜血和生命的“最可爱的人” 。 先烈舍生忘死，吾辈永志不忘",
      "uri": "douban:\/\/douban.com\/review\/13906597",
      "ad_info": null,
      "topic": null,
      "photos": [],
      "reactions_count": 1,
      "comments_count": 0,
      "user": {
        "kind": "user",
        "name": "喜欢摇摇七喜",
        "url": "https:\/\/www.douban.com\/people\/213577570\/",
        "uri": "douban:\/\/douban.com\/user\/213577570",
        "avatar": "https://img2.doubanio.com\/icon\/up213577570-1.jpg",
        "is_club": false,
        "type": "user",
        "id": "213577570",
        "uid": "213577570"
      },
      "create_time": "2021-10-06 11:12:32",
      "reshares_count": 0,
      "type": "review",
      "id": "13906597",
      "subject": {
        "type": "movie",
        "title": "长津湖"
      }
    },
    {
      "rating": null,
      "useful_count": 0,
      "sharing_url": "https:\/\/movie.douban.com\/review\/13906582\/",
      "title": "看长津湖有感",
      "url": "https:\/\/movie.douban.com\/review\/13906582\/",
      "abstract": "昨天去看的 今天才有空来写影评！！第一次写影评 真的觉得这部电影很ok（受到一个老师和一位朋友启发了！！！）首先整部电影很细节 电影讲述的是抗美援朝 整部电影最戳的就是最后的敌军敬礼 是什么样的国家什么样的民族才能被敌人所敬佩？细节1:最开始的毛岸英在雪外等了很久的彭德怀 待彭德怀出来时 上前说：千千万万弟子 国家一个号召就上了战场 我毛岸英有什么理由不去？这个是开头的一个小铺垫 然后还有一个小铺垫是毛岸英在给七连的战士们送棉服那个眼神 那个动作都在说毛后面会为国家奉献一些...",
      "uri": "douban:\/\/douban.com\/review\/13906582",
      "ad_info": null,
      "topic": null,
      "photos": [],
      "reactions_count": 1,
      "comments_count": 0,
      "user": {
        "kind": "user",
        "name": "豆友VfJjLG7xdI",
        "url": "https:\/\/www.douban.com\/people\/247916792\/",
        "uri": "douban:\/\/douban.com\/user\/247916792",
        "avatar": "https://img2.doubanio.com\/icon\/up247916792-1.jpg",
        "is_club": false,
        "type": "user",
        "id": "247916792",
        "uid": "247916792"
      },
      "create_time": "2021-10-06 11:03:48",
      "reshares_count": 0,
      "type": "review",
      "id": "13906582",
      "subject": {
        "type": "movie",
        "title": "长津湖"
      }
    },
    {
      "rating": {
        "count": 1,
        "max": 5,
        "star_count": 4.0,
        "value": 4
      },
      "useful_count": 0,
      "sharing_url": "https:\/\/movie.douban.com\/review\/13906567\/",
      "title": "《长津湖》观感以及一些想法",
      "url": "https:\/\/movie.douban.com\/review\/13906567\/",
      "abstract": "感觉达到了预期，上映之前听说剧情有点散，看过之后感觉其实挺紧凑，主要两场战役，中间夹杂着行军过程（个人感觉第一场其实比第二场更有看点，美军的火力压制特别明显，敌人的强大才能证明我军的力量），整体下来剧情走向上没有什么特别大的缺点，但可惜的是也没有特别大的优点，可能问题出现在高潮部分，确实没有第一场战役紧张刺激。但是三个小时下来却不会让你感觉特别冗长，剧情编排还是可以，而且这部电影有指导员了（终于！！）；到最后的泪点还是很足的，说实话到最后看到志愿军被冻僵时还持这战斗姿势，...",
      "uri": "douban:\/\/douban.com\/review\/13906567",
      "ad_info": null,
      "topic": null,
      "photos": [],
      "reactions_count": 1,
      "comments_count": 1,
      "user": {
        "kind": "user",
        "name": "Minimus",
        "url": "https:\/\/www.douban.com\/people\/239899543\/",
        "uri": "douban:\/\/douban.com\/user\/239899543",
        "avatar": "https://img2.doubanio.com\/icon\/up239899543-1.jpg",
        "is_club": false,
        "type": "user",
        "id": "239899543",
        "uid": "239899543"
      },
      "create_time": "2021-10-06 10:53:36",
      "reshares_count": 0,
      "type": "review",
      "id": "13906567",
      "subject": {
        "type": "movie",
        "title": "长津湖"
      }
    },
    {
      "rating": null,
      "useful_count": 5,
      "sharing_url": "https:\/\/movie.douban.com\/review\/13906564\/",
      "title": "《长津湖》小感",
      "url": "https:\/\/movie.douban.com\/review\/13906564\/",
      "abstract": "整个节奏有点让我裂开，高潮摇摆不定，不想只是三个小时的轰炸声，需要表达的内容没有深入，误让人认为轻松胜美国，实际战争更加残酷，实力更加悬殊，致倒在雪地里的战士……去看纪录片和史料去填补吧……雷死后煽情过长，我满脑子想着敌军是不是还在继续轰炸，起来继续作战啊……子弹的镜头时间过长，酷炫的镜头和战士们的激烈作战相比，我一点也不想多看，过于花俏……其实对中国电影是有期盼的，是希望能够跳出来，而不仅仅受限给国人看……影片看还是要看，但提高也需亟待提高……",
      "uri": "douban:\/\/douban.com\/review\/13906564",
      "ad_info": null,
      "topic": null,
      "photos": [],
      "reactions_count": 1,
      "comments_count": 0,
      "user": {
        "kind": "user",
        "name": "yu ",
        "url": "https:\/\/www.douban.com\/people\/159344746\/",
        "uri": "douban:\/\/douban.com\/user\/159344746",
        "avatar": "https://img2.doubanio.com\/icon\/up159344746-2.jpg",
        "is_club": false,
        "type": "user",
        "id": "159344746",
        "uid": "159344746"
      },
      "create_time": "2021-10-06 10:51:43",
      "reshares_count": 0,
      "type": "review",
      "id": "13906564",
      "subject": {
        "type": "movie",
        "title": "长津湖"
      }
    },
    {
      "rating": {
        "count": 1,
        "max": 5,
        "star_count": 3.0,
        "value": 3
      },
      "useful_count": 16,
      "sharing_url": "https:\/\/movie.douban.com\/review\/13906525\/",
      "title": "我希望能有更好，英雄有余而悲壮不足",
      "url": "https:\/\/movie.douban.com\/review\/13906525\/",
      "abstract": "       看过很多关于长津湖战役的相关信息后，才去看的电影，去之前我以为这是一部悲壮的电影，看了之后才发现，和我的期许偏差很大，虽然说有悲壮，有纪实，但这些完全完全不够，美剧式的英雄主义痕迹太严重的。中国的英雄，不应该是美剧样式的，中国的英雄，在那个年代，是悲壮的。      第七穿插连我没有找到原型，但我找到一个类似连队的原型，就是士兵突击中钢七连的原型，钢七连在朝鲜作战中，全连出击，却仅有三个人回来，这才是志愿军在朝作战部队的常态。而在电影中，这种感觉却完全找不到，反而连长伍...",
      "uri": "douban:\/\/douban.com\/review\/13906525",
      "ad_info": null,
      "topic": null,
      "photos": [],
      "reactions_count": 1,
      "comments_count": 14,
      "user": {
        "kind": "user",
        "name": "青山紫羽",
        "url": "https:\/\/www.douban.com\/people\/247912094\/",
        "uri": "douban:\/\/douban.com\/user\/247912094",
        "avatar": "https://img2.doubanio.com\/icon\/user_large.jpg",
        "is_club": false,
        "type": "user",
        "id": "247912094",
        "uid": "247912094"
      },
      "create_time": "2021-10-06 10:24:37",
      "reshares_count": 0,
      "type": "review",
      "id": "13906525",
      "subject": {
        "type": "movie",
        "title": "长津湖"
      }
    },
    {
      "rating": {
        "count": 1,
        "max": 5,
        "star_count": 3.0,
        "value": 3
      },
      "useful_count": 14,
      "sharing_url": "https:\/\/movie.douban.com\/review\/13906521\/",
      "title": "这不应该是陈凯歌+徐克+林超贤+吴京的答卷",
      "url": "https:\/\/movie.douban.com\/review\/13906521\/",
      "abstract": "《长津湖》是一部及格线以上的战争史诗，如果你十一想走进电影院看一部片子我会毫不犹豫的推荐它。但这并不意味着它在同类型题材中能够被评为优秀，它离我心目中的天花板《辛德勒名单》至少还差着小十部战争电影。能给到7分，可这不应该是陈凯歌+徐克+林超贤交出来的答卷。电影还是有很多可圈可点可看的地方的。比如摧毁美方信号塔的遭遇战，不管是小规模缠斗的动作设计，还是宏观的战争场面特效，都能看到林超贤+徐克的影子。甚至还在这种争分夺秒的场面里，还加入了伍万里的蜕变时刻，单拿出来一些情节看...",
      "uri": "douban:\/\/douban.com\/review\/13906521",
      "ad_info": null,
      "topic": null,
      "photos": [],
      "reactions_count": 1,
      "comments_count": 3,
      "user": {
        "kind": "user",
        "name": "王先森",
        "url": "https:\/\/www.douban.com\/people\/142368385\/",
        "uri": "douban:\/\/douban.com\/user\/142368385",
        "avatar": "https://img2.doubanio.com\/icon\/up142368385-2.jpg",
        "is_club": false,
        "type": "user",
        "id": "142368385",
        "uid": "142368385"
      },
      "create_time": "2021-10-06 10:21:37",
      "reshares_count": 0,
      "type": "review",
      "id": "13906521",
      "subject": {
        "type": "movie",
        "title": "长津湖"
      }
    },
    {
      "rating": {
        "count": 1,
        "max": 5,
        "star_count": 4.0,
        "value": 4
      },
      "useful_count": 8,
      "sharing_url": "https:\/\/movie.douban.com\/review\/13905743\/",
      "title": "爱国教育足矣，艺术价值欠缺",
      "url": "https:\/\/movie.douban.com\/review\/13905743\/",
      "abstract": "典型的爱国教育片。在现代社会的声色犬马中，大多数人为着房子、车子、孩子忙碌着，淡漠而焦虑。爱国之心，只是在微博的评论中时而显现。而一年一度的国庆节对国家的意义，也被假期所冲淡，国庆档的影片，便成了爱国历史教育的输出口。《长津湖》以抗美援朝历史为背景，讲述英雄们为了不让战火烧到鸭绿江而保家卫国的故事。影片以新兵“伍万里”为视角，见证着战争的残酷，以众人对他的“教育”为故事的发展线，展示着志愿军的大无畏精神。点面结合，既有几大军队会师的大场面，也有个人作战的突出画面，让...",
      "uri": "douban:\/\/douban.com\/review\/13905743",
      "ad_info": null,
      "topic": null,
      "photos": [],
      "reactions_count": 1,
      "comments_count": 8,
      "user": {
        "kind": "user",
        "name": "Zero",
        "url": "https:\/\/www.douban.com\/people\/66664616\/",
        "uri": "douban:\/\/douban.com\/user\/66664616",
        "avatar": "https://img1.doubanio.com\/icon\/up66664616-8.jpg",
        "is_club": false,
        "type": "user",
        "id": "66664616",
        "uid": "66664616"
      },
      "create_time": "2021-10-05 22:07:35",
      "reshares_count": 0,
      "type": "review",
      "id": "13905743",
      "subject": {
        "type": "movie",
        "title": "长津湖"
      }
    },
    {
      "rating": null,
      "useful_count": 0,
      "sharing_url": "https:\/\/movie.douban.com\/review\/13905735\/",
      "title": "《长津湖》观后有感",
      "url": "https:\/\/movie.douban.com\/review\/13905735\/",
      "abstract": "  之前机缘巧合受到过一些影响，对长津湖一战是有了解的，但是对战争的具体过程知道的并不多，这次是想更加具体的了解一下那一次战斗。虽然满怀期待，但也知道是不尽人意的，毕竟战场的残酷是任何作品都无法真正展现的。观影后听说片尾有彩蛋，我急了，忘记等了！！可是听到真正的彩蛋是走出电影院后看到的灯火通明，和谐平静的社会后，会想一下当时的场景，真的有点破防了…………",
      "uri": "douban:\/\/douban.com\/review\/13905735",
      "ad_info": null,
      "topic": null,
      "photos": [],
      "reactions_count": 1,
      "comments_count": 0,
      "user": {
        "kind": "user",
        "name": "沉迷真理",
        "url": "https:\/\/www.douban.com\/people\/247885396\/",
        "uri": "douban:\/\/douban.com\/user\/247885396",
        "avatar": "https://img2.doubanio.com\/icon\/up247885396-1.jpg",
        "is_club": false,
        "type": "user",
        "id": "247885396",
        "uid": "247885396"
      },
      "create_time": "2021-10-05 22:04:22",
      "reshares_count": 0,
      "type": "review",
      "id": "13905735",
      "subject": {
        "type": "movie",
        "title": "长津湖"
      }
    },
    {
      "rating": {
        "count": 1,
        "max": 5,
        "star_count": 4.0,
        "value": 4
      },
      "useful_count": 0,
      "sharing_url": "https:\/\/movie.douban.com\/review\/13905729\/",
      "title": "不能忘却的长津湖之战",
      "url": "https:\/\/movie.douban.com\/review\/13905729\/",
      "abstract": "电影《长津湖》拍摄了一个真实战例，但长久以来我们都不知道在朝鲜战争中有这么一场惨烈的大战。中美军人都不愿回忆的长津湖之战，因为这一场血战过于残酷。70多年前，中国人民志愿军第九兵团身穿单薄棉衣，从福建江南地区急赴朝鲜战场，在长津湖地区接近零下40度严寒中，与美军王牌陆战一师展开了一场长达28天的大战。战争的残酷超出了所有参战人员的想象，从武器和战术的较量最后变成双方意志力的殊死抗争。长津湖战争中，中国人民志愿军第九兵团顽强的战斗意志，挫败了美军的战略意图，挽救了朝鲜人民...",
      "uri": "douban:\/\/douban.com\/review\/13905729",
      "ad_info": null,
      "topic": null,
      "photos": [
        {
          "tag_name": "img_6557229",
          "id": "6557229",
          "image": {
            "large": {
              "url": "https://img1.doubanio.com\/view\/thing_review\/l\/public\/p6557229.jpg",
              "width": 600,
              "height": 995,
              "size": 0
            },
            "raw": null,
            "is_animated": false,
            "normal": {
              "url": "https://img1.doubanio.com\/view\/thing_review\/l\/public\/p6557229.jpg",
              "width": 600,
              "height": 995,
              "size": 0
            }
          },
          "description": ""
        },
        {
          "tag_name": "img_6557235",
          "id": "6557235",
          "image": {
            "large": {
              "url": "https://img9.doubanio.com\/view\/thing_review\/l\/public\/p6557235.jpg",
              "width": 600,
              "height": 450,
              "size": 0
            },
            "raw": null,
            "is_animated": false,
            "normal": {
              "url": "https://img9.doubanio.com\/view\/thing_review\/l\/public\/p6557235.jpg",
              "width": 600,
              "height": 450,
              "size": 0
            }
          },
          "description": ""
        },
        {
          "tag_name": "img_6557230",
          "id": "6557230",
          "image": {
            "large": {
              "url": "https://img3.doubanio.com\/view\/thing_review\/l\/public\/p6557230.jpg",
              "width": 600,
              "height": 450,
              "size": 0
            },
            "raw": null,
            "is_animated": false,
            "normal": {
              "url": "https://img3.doubanio.com\/view\/thing_review\/l\/public\/p6557230.jpg",
              "width": 600,
              "height": 450,
              "size": 0
            }
          },
          "description": ""
        }
      ],
      "reactions_count": 1,
      "comments_count": 1,
      "user": {
        "kind": "user",
        "name": "金山之光",
        "url": "https:\/\/www.douban.com\/people\/229385370\/",
        "uri": "douban:\/\/douban.com\/user\/229385370",
        "avatar": "https://img2.doubanio.com\/icon\/up229385370-1.jpg",
        "is_club": false,
        "type": "user",
        "id": "229385370",
        "uid": "229385370"
      },
      "create_time": "2021-10-05 22:01:54",
      "reshares_count": 0,
      "type": "review",
      "id": "13905729",
      "subject": {
        "type": "movie",
        "title": "长津湖"
      }
    },
    {
      "rating": null,
      "useful_count": 0,
      "sharing_url": "https:\/\/movie.douban.com\/review\/13905695\/",
      "title": "看完电影一个不太聪明的疑惑？",
      "url": "https:\/\/movie.douban.com\/review\/13905695\/",
      "abstract": "看完《长津湖》，有一个场景令我印象深刻，就是伍万里看着自己的哥哥和敌人肉搏的时候，在他哥哥随时都有可能牺牲的情况下，他拿枪也不敢开，拿刀也不敢捅；另外之前的《八佰》里面日本兵被绑了起来，国军叫那个老头开枪打，他也不敢，他们都看见过自己的同胞被他们杀害，现在有机会报仇，他们连一点愤怒都没有吗？我的疑惑就是那个时候现实中真的有这样的人存在吗，因为两个电影都有这种人物软弱懦弱的体现，想必不是没有原因，请问有人可以解答一下吗？",
      "uri": "douban:\/\/douban.com\/review\/13905695",
      "ad_info": null,
      "topic": null,
      "photos": [],
      "reactions_count": 1,
      "comments_count": 23,
      "user": {
        "kind": "user",
        "name": "z",
        "url": "https:\/\/www.douban.com\/people\/189184492\/",
        "uri": "douban:\/\/douban.com\/user\/189184492",
        "avatar": "https://img3.doubanio.com\/icon\/up189184492-10.jpg",
        "is_club": false,
        "type": "user",
        "id": "189184492",
        "uid": "189184492"
      },
      "create_time": "2021-10-05 21:43:53",
      "reshares_count": 0,
      "type": "review",
      "id": "13905695",
      "subject": {
        "type": "movie",
        "title": "长津湖"
      }
    },
    {
      "rating": {
        "count": 1,
        "max": 5,
        "star_count": 5.0,
        "value": 5
      },
      "useful_count": 8,
      "sharing_url": "https:\/\/movie.douban.com\/review\/13905690\/",
      "title": "我觉得挺好！",
      "url": "https:\/\/movie.douban.com\/review\/13905690\/",
      "abstract": "        带着小学二年级的女儿看了，她说看的腿都软了，我告诉她真实的情况比电影残酷得多。周围有很多带着孩子看的，孩子看着看着哭得稀里哗啦。观影结束灯光打亮，人人脸上一片肃穆，我后面的老人摘下眼镜擦泪。我不太去影院看电影，这次就冲着长津湖三个字，我早想好不管谁拍的谁演的都要看看，不管孩子怕成什么样都要带她看一看。其实我多虑了，孩子完全看得进去，而我是借助电影，印证我所想了解的那段历史，电影能够一定程度上表现出历史的血肉，对我来说，已经完全值回票价，过两天打算带父母去二刷一下。 ...",
      "uri": "douban:\/\/douban.com\/review\/13905690",
      "ad_info": null,
      "topic": null,
      "photos": [],
      "reactions_count": 1,
      "comments_count": 7,
      "user": {
        "kind": "user",
        "name": "蚂蚁爬",
        "url": "https:\/\/www.douban.com\/people\/2527818\/",
        "uri": "douban:\/\/douban.com\/user\/2527818",
        "avatar": "https://img2.doubanio.com\/icon\/u2527818-1.jpg",
        "is_club": false,
        "type": "user",
        "id": "2527818",
        "uid": "2527818"
      },
      "create_time": "2021-10-05 21:41:53",
      "reshares_count": 1,
      "type": "review",
      "id": "13905690",
      "subject": {
        "type": "movie",
        "title": "长津湖"
      }
    },
    {
      "rating": {
        "count": 1,
        "max": 5,
        "star_count": 4.0,
        "value": 4
      },
      "useful_count": 0,
      "sharing_url": "https:\/\/movie.douban.com\/review\/13905682\/",
      "title": "向最可爱的人致敬",
      "url": "https:\/\/movie.douban.com\/review\/13905682\/",
      "abstract": "虽然三个小时很长，但是真的没有觉得无聊，就是耳朵一直被枪炮的声音充斥，久了有点头痛。小朋友在后面吃东西的声音有点大，但是后来停了。战争永远是残酷的，甚至还没开始打仗，和主角差不多大的张小山死在了乱石滩上，甚至都还不知道他的项链有什么含义他就离去了。因为没有制空权，生命在两架飞机的游戏之下不过蝼蚁。“别把我一个人丢在这。”大概是所有战士的心愿吧，沂蒙山小调响起的时候，就好像是带他回家的歌声。这雪里像杂草一样的每一具尸体，曾经昂然挺立在中华的山川大地上。向先辈致敬，向最...",
      "uri": "douban:\/\/douban.com\/review\/13905682",
      "ad_info": null,
      "topic": null,
      "photos": [],
      "reactions_count": 1,
      "comments_count": 0,
      "user": {
        "kind": "user",
        "name": "趣舍万殊",
        "url": "https:\/\/www.douban.com\/people\/170519724\/",
        "uri": "douban:\/\/douban.com\/user\/170519724",
        "avatar": "https://img1.doubanio.com\/icon\/up170519724-8.jpg",
        "is_club": false,
        "type": "user",
        "id": "170519724",
        "uid": "170519724"
      },
      "create_time": "2021-10-05 21:39:37",
      "reshares_count": 0,
      "type": "review",
      "id": "13905682",
      "subject": {
        "type": "movie",
        "title": "长津湖"
      }
    },
    {
      "rating": {
        "count": 1,
        "max": 5,
        "star_count": 3.0,
        "value": 3
      },
      "useful_count": 28,
      "sharing_url": "https:\/\/movie.douban.com\/review\/13905665\/",
      "title": "华而不实、缺乏灵魂",
      "url": "https:\/\/movie.douban.com\/review\/13905665\/",
      "abstract": "近三小时，在电影里，算是长篇叙事了。起初，充满期待。开头吴京出场，抱着哥哥的骨灰盒回家探亲，碰到自家野性的弟弟，又在父母面前当头一跪，有点战后重逢的感觉了。以为后面会越来越深入，没想到越来越大杂烩。官兵抢着上战场，军列上演绎官兵友爱、兵兵欢乐，有点过了，主旋律有点上头了，真实的战场不是这样的。类似场景还出现在后面，米军都是吃喝玩乐，过圣诞节，听靡靡之音，我们以苦为乐，绝对忠诚，毫无负面形象，主旋律太上头了。军列遭遇空袭，不第一时间疏散人群，还想着保护电台，电台真的...",
      "uri": "douban:\/\/douban.com\/review\/13905665",
      "ad_info": null,
      "topic": null,
      "photos": [],
      "reactions_count": 1,
      "comments_count": 42,
      "user": {
        "kind": "user",
        "name": "力仔",
        "url": "https:\/\/www.douban.com\/people\/161382783\/",
        "uri": "douban:\/\/douban.com\/user\/161382783",
        "avatar": "https://img2.doubanio.com\/icon\/up161382783-1.jpg",
        "is_club": false,
        "type": "user",
        "id": "161382783",
        "uid": "161382783"
      },
      "create_time": "2021-10-05 21:36:02",
      "reshares_count": 0,
      "type": "review",
      "id": "13905665",
      "subject": {
        "type": "movie",
        "title": "长津湖"
      }
    },
    {
      "rating": null,
      "useful_count": 1,
      "sharing_url": "https:\/\/movie.douban.com\/review\/13905636\/",
      "title": "❤️",
      "url": "https:\/\/movie.douban.com\/review\/13905636\/",
      "abstract": "我们不打仗，要打仗的就是孩子们为了孩子们，我们必须努力向前那这部电影非常的有感触，刚开始觉得气氛不是很压抑，但是看到后面觉得战争真的是一件非常残酷的事情 要好的好朋友刚刚还在，结果今天就不在了，就眼睁睁看他死在自己的面前为了去抢救大幅的地图，不顾生命危险，自己死在了炮弹中为了让更少的人牺牲，老雷自己开着车，把标记弹运走，自己最后被炮弹炸翻的车压死，没有杀不死的英雄，有的只是努力抗争的勇士",
      "uri": "douban:\/\/douban.com\/review\/13905636",
      "ad_info": null,
      "topic": null,
      "photos": [],
      "reactions_count": 1,
      "comments_count": 1,
      "user": {
        "kind": "user",
        "name": "笑一会",
        "url": "https:\/\/www.douban.com\/people\/246263631\/",
        "uri": "douban:\/\/douban.com\/user\/246263631",
        "avatar": "https://img2.doubanio.com\/icon\/up246263631-2.jpg",
        "is_club": false,
        "type": "user",
        "id": "246263631",
        "uid": "246263631"
      },
      "create_time": "2021-10-05 21:19:08",
      "reshares_count": 0,
      "type": "review",
      "id": "13905636",
      "subject": {
        "type": "movie",
        "title": "长津湖"
      }
    },
    {
      "rating": {
        "count": 1,
        "max": 5,
        "star_count": 5.0,
        "value": 5
      },
      "useful_count": 0,
      "sharing_url": "https:\/\/movie.douban.com\/review\/13905553\/",
      "title": "激动人心的一部电影",
      "url": "https:\/\/movie.douban.com\/review\/13905553\/",
      "abstract": "观影之前和朋友感叹近三个小时的电影时间，可能会很累，买了超大桶爆米花和水，但随着波澜壮阔的场面一幕幕出现，激烈的战斗场面的发生，根本就无暇顾及其他。看到土豆把战士牙都咯掉了，有好笑 又想哭，瞬间觉得爆米花不香了，好想给他们一堆吃的。特别是冰雕连，泪水忍不住的流下。结束时还意犹未尽 ，致敬先烈们，这盛世繁华，如您所想。",
      "uri": "douban:\/\/douban.com\/review\/13905553",
      "ad_info": null,
      "topic": null,
      "photos": [],
      "reactions_count": 1,
      "comments_count": 0,
      "user": {
        "kind": "user",
        "name": "努力，努力",
        "url": "https:\/\/www.douban.com\/people\/167954444\/",
        "uri": "douban:\/\/douban.com\/user\/167954444",
        "avatar": "https://img2.doubanio.com\/icon\/up167954444-2.jpg",
        "is_club": false,
        "type": "user",
        "id": "167954444",
        "uid": "167954444"
      },
      "create_time": "2021-10-05 20:42:14",
      "reshares_count": 0,
      "type": "review",
      "id": "13905553",
      "subject": {
        "type": "movie",
        "title": "长津湖"
      }
    },
    {
      "rating": {
        "count": 1,
        "max": 5,
        "star_count": 4.0,
        "value": 4
      },
      "useful_count": 2,
      "sharing_url": "https:\/\/movie.douban.com\/review\/13905546\/",
      "title": "电影《长津湖》的这个细节，不知会误导多少人",
      "url": "https:\/\/movie.douban.com\/review\/13905546\/",
      "abstract": "电影《长津湖》中感动人的瞬间有很多，唯独这一段，让人心里不是滋味。伍万里想朝已经中弹的北极熊团（美军第七师第31团）团长麦克莱恩上校开枪时，被伍千里拦住了，说：“有些枪必须开，有些枪可以不开。”麦克莱恩只是中弹，并没有死亡，很难说还有没有战斗力，而兄弟俩既没有捕俘也没有击毙敌人，就走了。如果这样，每次战斗结束后的打扫战场还有什么意义？北京电影学院副校长胡智锋的解读就更奇怪：“它出现了我们不轻易地向敌人乱开枪，体现了对生命、对人、对人类共同价值的一种尊重和推崇。”什...",
      "uri": "douban:\/\/douban.com\/review\/13905546",
      "ad_info": null,
      "topic": null,
      "photos": [
        {
          "tag_name": "img_6556874",
          "id": "6556874",
          "image": {
            "large": {
              "url": "https://img9.doubanio.com\/view\/thing_review\/l\/public\/p6556874.jpg",
              "width": 600,
              "height": 348,
              "size": 0
            },
            "raw": null,
            "is_animated": false,
            "normal": {
              "url": "https://img9.doubanio.com\/view\/thing_review\/l\/public\/p6556874.jpg",
              "width": 600,
              "height": 348,
              "size": 0
            }
          },
          "description": ""
        },
        {
          "tag_name": "img_6556877",
          "id": "6556877",
          "image": {
            "large": {
              "url": "https://img1.doubanio.com\/view\/thing_review\/l\/public\/p6556877.jpg",
              "width": 600,
              "height": 424,
              "size": 0
            },
            "raw": null,
            "is_animated": false,
            "normal": {
              "url": "https://img1.doubanio.com\/view\/thing_review\/l\/public\/p6556877.jpg",
              "width": 600,
              "height": 424,
              "size": 0
            }
          },
          "description": ""
        },
        {
          "tag_name": "img_6556875",
          "id": "6556875",
          "image": {
            "large": {
              "url": "https://img9.doubanio.com\/view\/thing_review\/l\/public\/p6556875.jpg",
              "width": 600,
              "height": 349,
              "size": 0
            },
            "raw": null,
            "is_animated": false,
            "normal": {
              "url": "https://img9.doubanio.com\/view\/thing_review\/l\/public\/p6556875.jpg",
              "width": 600,
              "height": 349,
              "size": 0
            }
          },
          "description": ""
        }
      ],
      "reactions_count": 1,
      "comments_count": 13,
      "user": {
        "kind": "user",
        "name": "青衣的书影世界",
        "url": "https:\/\/www.douban.com\/people\/219412890\/",
        "uri": "douban:\/\/douban.com\/user\/219412890",
        "avatar": "https://img9.doubanio.com\/icon\/up219412890-6.jpg",
        "is_club": false,
        "type": "user",
        "id": "219412890",
        "uid": "219412890"
      },
      "create_time": "2021-10-05 20:38:22",
      "reshares_count": 0,
      "type": "review",
      "id": "13905546",
      "subject": {
        "type": "movie",
        "title": "长津湖"
      }
    },
    {
      "rating": {
        "count": 1,
        "max": 5,
        "star_count": 5.0,
        "value": 5
      },
      "useful_count": 1,
      "sharing_url": "https:\/\/movie.douban.com\/review\/13905540\/",
      "title": "观《长津湖》有感",
      "url": "https:\/\/movie.douban.com\/review\/13905540\/",
      "abstract": "今天是十月五号在电影中刚好是抗美援朝的开始。  在课本中我了解关于抗美援朝的历史事件较少！今天看了《长津湖》我进一步了解了。抗美援朝在课本中只了解到了最重要的战役和，战士们在抗美援朝上的哪些贡献。  电影《长津湖》真正的告诉了我什么叫战争什么叫“抗美援朝精神”，抗美援朝，它告诉了我们勿忘国耻，其实我觉得这部电影不太适合带12岁以下的小孩子去，因为里面的画面有一点血腥，不要问我为什么，因为我把我弟弟带去了，全程基本上他是唔着两个眼睛的，电影从画面感让我震撼不止，推荐初中生去看...",
      "uri": "douban:\/\/douban.com\/review\/13905540",
      "ad_info": null,
      "topic": null,
      "photos": [],
      "reactions_count": 1,
      "comments_count": 1,
      "user": {
        "kind": "user",
        "name": "豆友xYu7TLreN0",
        "url": "https:\/\/www.douban.com\/people\/247540495\/",
        "uri": "douban:\/\/douban.com\/user\/247540495",
        "avatar": "https://img2.doubanio.com\/icon\/up247540495-1.jpg",
        "is_club": false,
        "type": "user",
        "id": "247540495",
        "uid": "247540495"
      },
      "create_time": "2021-10-05 20:36:33",
      "reshares_count": 0,
      "type": "review",
      "id": "13905540",
      "subject": {
        "type": "movie",
        "title": "长津湖"
      }
    }
  ]
