﻿ [
    {
      "rating": {
        "count": 1,
        "max": 5,
        "star_count": 3.0,
        "value": 3
      },
      "useful_count": 18,
      "sharing_url": "https:\/\/movie.douban.com\/review\/13914051\/",
      "title": "编剧、导演、剪辑师像在打架",
      "url": "https:\/\/movie.douban.com\/review\/13914051\/",
      "abstract": "对于主创团队和抱有非常大的期待，结果让我很失望。不难看出编剧在着力塑造人物，日常的打打闹闹从出发前到火车上一直没停过，只是伍万里新进了排里，只有被捉弄、跟朋友乱跑（甚至这段剪得没头没尾）的经历，而没有被培训、教导一些真正的战斗技巧，就这样上战场，我认为对哪一方都不负责任。还有小姑娘递上的红围巾，很好的细节道具，如果这部影片聚焦于伍万里这个角色的单线成长，完全可以用上——危机关头生死一线，重复蒙太奇，他想起家乡，想起一面之缘的姑娘，他的人生初初开始，却即将落幕。很俗套，类...",
      "uri": "douban:\/\/douban.com\/review\/13914051",
      "ad_info": null,
      "topic": null,
      "photos": [],
      "reactions_count": 1,
      "comments_count": 9,
      "user": {
        "kind": "user",
        "name": "雨桦",
        "url": "https:\/\/www.douban.com\/people\/235543171\/",
        "uri": "douban:\/\/douban.com\/user\/235543171",
        "avatar": "https://img2.doubanio.com\/icon\/up235543171-1.jpg",
        "is_club": false,
        "type": "user",
        "id": "235543171",
        "uid": "235543171"
      },
      "create_time": "2021-10-09 20:42:59",
      "reshares_count": 0,
      "type": "review",
      "id": "13914051",
      "subject": {
        "type": "movie",
        "title": "长津湖"
      }
    },
    {
      "rating": {
        "count": 1,
        "max": 5,
        "star_count": 5.0,
        "value": 5
      },
      "useful_count": 0,
      "sharing_url": "https:\/\/movie.douban.com\/review\/13913992\/",
      "title": "长津湖：抛“钻”引玉，共和国立国战争系列开篇之作",
      "url": "https:\/\/movie.douban.com\/review\/13913992\/",
      "abstract": "      十一假期的最后一天，终于观影早已经心念很久的《长津湖》，近三小时的影片让人心潮澎湃，每当战事胶着，志愿军战士们面临极度困难。我环顾四周，总能看见不少观众正在偷抹眼泪，低声抽泣。正片放完，影院内大灯亮起，散场时的一幕也着实让人感动，全场观众久久没有离席，仿佛依然沉浸在71年前这场立国之战的的硝烟中，大家紧盯着荧幕直到所有字幕徐徐放完，观众们才依依不舍的陆续离开。这时，在狭窄的廊道上一眼望去，原来一同观影的除了三口之家、一对对年轻男女，还有许多白发老者携伴而来，让人更加感...",
      "uri": "douban:\/\/douban.com\/review\/13913992",
      "ad_info": null,
      "topic": null,
      "photos": [],
      "reactions_count": 1,
      "comments_count": 0,
      "user": {
        "kind": "user",
        "name": "非洲士力架",
        "url": "https:\/\/www.douban.com\/people\/140633022\/",
        "uri": "douban:\/\/douban.com\/user\/140633022",
        "avatar": "https://img2.doubanio.com\/icon\/up140633022-1.jpg",
        "is_club": false,
        "type": "user",
        "id": "140633022",
        "uid": "140633022"
      },
      "create_time": "2021-10-09 20:04:44",
      "reshares_count": 0,
      "type": "review",
      "id": "13913992",
      "subject": {
        "type": "movie",
        "title": "长津湖"
      }
    },
    {
      "rating": {
        "count": 1,
        "max": 5,
        "star_count": 3.0,
        "value": 3
      },
      "useful_count": 1,
      "sharing_url": "https:\/\/movie.douban.com\/review\/13913979\/",
      "title": "冰雪 长津湖",
      "url": "https:\/\/movie.douban.com\/review\/13913979\/",
      "abstract": "      昨晚终于去把长津湖看完了！      客观理性来说观影结束第一感觉就是，这部电影像是一篇叙事很差的文章。但《长津湖》是一部合格商业大片，它的观影门槛不高，在国庆这个假期里能满足大部分年龄、审美不同的需求。      这部电影的长处也比较明显，首先是超强卡司阵容：首先是饰演一对亲兄弟“京玺”组合 易烊千玺饰演的伍万里、吴京饰演的七连连长伍千里，还有整个七连战士的卡斯也是群星荟萃，段奕宏饰演的三营连长谈子为、朱亚文饰演的七连指导员梅生、李晨饰演的七连火力排排长余从戎、胡军饰演的七...",
      "uri": "douban:\/\/douban.com\/review\/13913979",
      "ad_info": null,
      "topic": null,
      "photos": [
        {
          "tag_name": "img_6570763",
          "id": "6570763",
          "image": {
            "large": {
              "url": "https://img2.doubanio.com\/view\/thing_review\/l\/public\/p6570763.jpg",
              "width": 600,
              "height": 504,
              "size": 0
            },
            "raw": null,
            "is_animated": false,
            "normal": {
              "url": "https://img2.doubanio.com\/view\/thing_review\/l\/public\/p6570763.jpg",
              "width": 600,
              "height": 504,
              "size": 0
            }
          },
          "description": ""
        }
      ],
      "reactions_count": 1,
      "comments_count": 0,
      "user": {
        "kind": "user",
        "name": "胡桃夹",
        "url": "https:\/\/www.douban.com\/people\/198227621\/",
        "uri": "douban:\/\/douban.com\/user\/198227621",
        "avatar": "https://img2.doubanio.com\/icon\/up198227621-1.jpg",
        "is_club": false,
        "type": "user",
        "id": "198227621",
        "uid": "zhangzs0806"
      },
      "create_time": "2021-10-09 19:54:55",
      "reshares_count": 0,
      "type": "review",
      "id": "13913979",
      "subject": {
        "type": "movie",
        "title": "长津湖"
      }
    },
    {
      "rating": {
        "count": 1,
        "max": 5,
        "star_count": 5.0,
        "value": 5
      },
      "useful_count": 0,
      "sharing_url": "https:\/\/movie.douban.com\/review\/13913977\/",
      "title": "值得看，值得推荐。",
      "url": "https:\/\/movie.douban.com\/review\/13913977\/",
      "abstract": "很好看到一部电影，推荐大家去看看。那代人精神信仰不应该被时间长河洗涤褪色。亲情在大义面前那么无奈：伍千里离别，跟家人的离别，毛岸英的离别。战争这字眼太可怕了，但有些战不得不打，战争跟和平的过渡中有无数人牺牲，有无数人的坚持，前赴后继…上战场的恐惧一直都在：新人兵老将们，他们不怕吗，怕啊。我记得胡军演绎的雷公把这种内心恐惧演绎得很刻骨铭心。生命在战争面前那么渺小：残酷滴战争，恶劣的环境，匮乏的物质，生命失去如同平常的喝水睡觉般，连感情流露的时间都那么短暂。致敬英雄，...",
      "uri": "douban:\/\/douban.com\/review\/13913977",
      "ad_info": null,
      "topic": null,
      "photos": [],
      "reactions_count": 1,
      "comments_count": 0,
      "user": {
        "kind": "user",
        "name": "瓦瓦",
        "url": "https:\/\/www.douban.com\/people\/148364947\/",
        "uri": "douban:\/\/douban.com\/user\/148364947",
        "avatar": "https://img2.doubanio.com\/icon\/up148364947-11.jpg",
        "is_club": false,
        "type": "user",
        "id": "148364947",
        "uid": "148364947"
      },
      "create_time": "2021-10-09 19:54:04",
      "reshares_count": 0,
      "type": "review",
      "id": "13913977",
      "subject": {
        "type": "movie",
        "title": "长津湖"
      }
    },
    {
      "rating": {
        "count": 1,
        "max": 5,
        "star_count": 3.0,
        "value": 3
      },
      "useful_count": 9,
      "sharing_url": "https:\/\/movie.douban.com\/review\/13913887\/",
      "title": "国产电影通病，输在编剧",
      "url": "https:\/\/movie.douban.com\/review\/13913887\/",
      "abstract": "《长津湖》。先说结论，电影一般。但说不上神剧，夸张都在可以接受的范围。艺术的事情，不管雅俗都应放在艺术的范畴内讨论。一，本片败笔在于叙事乏力。片子试图以近年流行的小切口（武千里两兄弟和七连）来表现大背景。然而导演又舍不得大场景，结果在造成人物塑造单薄，大场面只有场面没有层次和逻辑。看完以后，既不知道刻画了怎样的人，如果不是字幕，连战争胜利没有都不知道。二，关于价值取向。有人说这部电影美化战争，至少我看不出来。宣扬美化战争与歌颂前辈在战争中的精神很接近，但又不同。判断是...",
      "uri": "douban:\/\/douban.com\/review\/13913887",
      "ad_info": null,
      "topic": null,
      "photos": [],
      "reactions_count": 1,
      "comments_count": 0,
      "user": {
        "kind": "user",
        "name": "罗竹石",
        "url": "https:\/\/www.douban.com\/people\/153675389\/",
        "uri": "douban:\/\/douban.com\/user\/153675389",
        "avatar": "https://img2.doubanio.com\/icon\/up153675389-1.jpg",
        "is_club": false,
        "type": "user",
        "id": "153675389",
        "uid": "153675389"
      },
      "create_time": "2021-10-09 18:27:51",
      "reshares_count": 0,
      "type": "review",
      "id": "13913887",
      "subject": {
        "type": "movie",
        "title": "长津湖"
      }
    },
    {
      "rating": {
        "count": 1,
        "max": 5,
        "star_count": 3.0,
        "value": 3
      },
      "useful_count": 9,
      "sharing_url": "https:\/\/movie.douban.com\/review\/13913862\/",
      "title": "我爱祖国，但“电影”差点意思。",
      "url": "https:\/\/movie.douban.com\/review\/13913862\/",
      "abstract": "实话实说，前阵子看1950的时候满场就4个人看，每天2个排片。那片子根本不用煽情，我一大老爷们哭了好几次.然后长津湖出来了，我也是满怀期待的去了。3个小时的片子，给个3星评价一点不冤枉。让3个导演一起拍绝对不是什么明智选择, 要不就走大决战的路子, 扎扎实实的拍战争片, 要不就走团长的路子 以小见大. 结果拍成了抗美援朝的战狼, 有一点点失望.战争场面不错，我口味一点不叼，这个枪炮视觉可以了，我看的很心满意足。但我说的是纯战争场面，你要是说文戏真就不行！特别的出戏, 我这隔了一周回来写影评...",
      "uri": "douban:\/\/douban.com\/review\/13913862",
      "ad_info": null,
      "topic": null,
      "photos": [],
      "reactions_count": 1,
      "comments_count": 1,
      "user": {
        "kind": "user",
        "name": "杜马",
        "url": "https:\/\/www.douban.com\/people\/33328586\/",
        "uri": "douban:\/\/douban.com\/user\/33328586",
        "avatar": "https://img2.doubanio.com\/icon\/up33328586-2.jpg",
        "is_club": false,
        "type": "user",
        "id": "33328586",
        "uid": "33328586"
      },
      "create_time": "2021-10-09 18:05:58",
      "reshares_count": 0,
      "type": "review",
      "id": "13913862",
      "subject": {
        "type": "movie",
        "title": "长津湖"
      }
    },
    {
      "rating": {
        "count": 1,
        "max": 5,
        "star_count": 4.0,
        "value": 4
      },
      "useful_count": 1,
      "sharing_url": "https:\/\/movie.douban.com\/review\/13913858\/",
      "title": "繁华盛世，如你所想",
      "url": "https:\/\/movie.douban.com\/review\/13913858\/",
      "abstract": "十月的四川，一场淅淅沥沥的秋雨,带走了夏的燥热，穿一件T恤，露在空气中的双臂有丝丝凉意。也是触不及防的一天，从南方过来的他们，搭着火车穿越了鸭绿江国与国的边界，仿佛“暖”与“寒”也以鸭绿江为边界进行了划分，一件南方的棉衣怎样抵御得过零下30度的天气，伍万里有姑娘扔过来的围巾，梅生有女儿的照片。人与自然的搏斗终归人更弱势，那场战役中身着单衣的125名战士连同手中枪化为冰雕。如果不是70年前那场战争，雷睢生会不会在伍千里盖的房子里娶妻生子，颐养天年？梅生的回答是“这场仗如果我们不打，...",
      "uri": "douban:\/\/douban.com\/review\/13913858",
      "ad_info": null,
      "topic": null,
      "photos": [],
      "reactions_count": 1,
      "comments_count": 0,
      "user": {
        "kind": "user",
        "name": "西毒 串串儿刘",
        "url": "https:\/\/www.douban.com\/people\/200357317\/",
        "uri": "douban:\/\/douban.com\/user\/200357317",
        "avatar": "https://img2.doubanio.com\/icon\/up200357317-1.jpg",
        "is_club": false,
        "type": "user",
        "id": "200357317",
        "uid": "200357317"
      },
      "create_time": "2021-10-09 18:00:37",
      "reshares_count": 0,
      "type": "review",
      "id": "13913858",
      "subject": {
        "type": "movie",
        "title": "长津湖"
      }
    },
    {
      "rating": {
        "count": 1,
        "max": 5,
        "star_count": 4.0,
        "value": 4
      },
      "useful_count": 2,
      "sharing_url": "https:\/\/movie.douban.com\/review\/13913853\/",
      "title": "有些话不吐不快",
      "url": "https:\/\/movie.douban.com\/review\/13913853\/",
      "abstract": "今天看完《长津湖》我才发现自己的一个习惯有点儿不靠谱——以前也常这么做，没觉出来特别明显的不妥——在看一部电影之前，先跟网上找差评，带着各种陌生人的各种偏见走进电影院，有点儿类似于喜欢被剧透这种小癖好，然而当我再一次带着这样的预备去看《长津湖》时我发现，我差点儿被那波为了差评而差评的人左右，被限制，被预埋，一度相信这部电影“支离破碎”“故事性差”，通篇只有“炸炸炸”……首先我对“长津湖”战役很陌生，其实我对整个抗美援朝都知道得很片面。有人说没上过九年义务教育的才不知道长...",
      "uri": "douban:\/\/douban.com\/review\/13913853",
      "ad_info": null,
      "topic": null,
      "photos": [],
      "reactions_count": 1,
      "comments_count": 1,
      "user": {
        "kind": "user",
        "name": "计白当黑",
        "url": "https:\/\/www.douban.com\/people\/4000065\/",
        "uri": "douban:\/\/douban.com\/user\/4000065",
        "avatar": "https://img2.doubanio.com\/icon\/up4000065-21.jpg",
        "is_club": false,
        "type": "user",
        "id": "4000065",
        "uid": "4000065"
      },
      "create_time": "2021-10-09 17:55:31",
      "reshares_count": 0,
      "type": "review",
      "id": "13913853",
      "subject": {
        "type": "movie",
        "title": "长津湖"
      }
    },
    {
      "rating": null,
      "useful_count": 0,
      "sharing_url": "https:\/\/movie.douban.com\/review\/13912706\/",
      "title": "长津湖",
      "url": "https:\/\/movie.douban.com\/review\/13912706\/",
      "abstract": "这部电影真没看过，但是很想去看，出于好奇心，我就去各大网站上找些评论看看，都是不错的评论，很想去看，也是对于志愿军由衷的敬意，是他们用鲜血换来我们今天的幸福！去年的金刚川看的我就热血沸腾，今年长津湖我一定要去看。影片节凑挺快，特别是进入战斗部分，一场战斗结束，你还没来的哭，战士们进入下一个阶段了。",
      "uri": "douban:\/\/douban.com\/review\/13912706",
      "ad_info": null,
      "topic": null,
      "photos": [],
      "reactions_count": 1,
      "comments_count": 0,
      "user": {
        "kind": "user",
        "name": "ABM410129",
        "url": "https:\/\/www.douban.com\/people\/246166301\/",
        "uri": "douban:\/\/douban.com\/user\/246166301",
        "avatar": "https://img2.doubanio.com\/icon\/up246166301-2.jpg",
        "is_club": false,
        "type": "user",
        "id": "246166301",
        "uid": "246166301"
      },
      "create_time": "2021-10-09 10:43:43",
      "reshares_count": 0,
      "type": "review",
      "id": "13912706",
      "subject": {
        "type": "movie",
        "title": "长津湖"
      }
    },
    {
      "rating": null,
      "useful_count": 3,
      "sharing_url": "https:\/\/movie.douban.com\/review\/13912184\/",
      "title": "观后感",
      "url": "https:\/\/movie.douban.com\/review\/13912184\/",
      "abstract": "在国庆期间有这样一部电影献礼增加民族凝聚力是一件很好的事，电影也很震撼，但是故事表达的不好，一个刚上战场十九岁的孩子能杀二十个美军，前一部分主角的战争戏火力完全压制美军，抗美援朝是我国在巨大的劣势下，有无数的好儿女前仆后继的参战，三年的时间战争240万人入朝。伤亡四十余万，没有体现出那种惨烈，战术问题也有待考量，我国当时多用地道夜战骚扰美军，电影前部分太突出个人英雄主义了，这部电影真正感人的部分是没有主演最后冲锋的部分还有最后美军撤退遇到冰雕连的部分，雄赳赳气昂昂跨过鸭绿江保...",
      "uri": "douban:\/\/douban.com\/review\/13912184",
      "ad_info": null,
      "topic": null,
      "photos": [],
      "reactions_count": 1,
      "comments_count": 1,
      "user": {
        "kind": "user",
        "name": "麻子",
        "url": "https:\/\/www.douban.com\/people\/248095370\/",
        "uri": "douban:\/\/douban.com\/user\/248095370",
        "avatar": "https://img2.doubanio.com\/icon\/up248095370-1.jpg",
        "is_club": false,
        "type": "user",
        "id": "248095370",
        "uid": "248095370"
      },
      "create_time": "2021-10-08 23:57:36",
      "reshares_count": 0,
      "type": "review",
      "id": "13912184",
      "subject": {
        "type": "movie",
        "title": "长津湖"
      }
    },
    {
      "rating": {
        "count": 1,
        "max": 5,
        "star_count": 5.0,
        "value": 5
      },
      "useful_count": 0,
      "sharing_url": "https:\/\/movie.douban.com\/review\/13912179\/",
      "title": "长津湖",
      "url": "https:\/\/movie.douban.com\/review\/13912179\/",
      "abstract": "说实话我有点跳戏了，一直等着吴磊出来，结果电影结束了问舍友为什么吴磊没在，哦原来不是这个。喜欢黄轩好帅好帅呀。一只蛋从外边被敲开只能被吃掉，暂时从里边啄开，说不定是老鹰呢！场面的震撼。无悔生在华夏！增强自己的民族自豪感，其实我之前没看过这些抗战相关的电影，这次也没有后悔去看，或许若干年以后，会被奉为经典，深度解析。我害怕剧中的主角牺牲，英雄之所以被称为英雄，必然有超越凡人的坚韧。欧豪扮演的杨根思烈士“不相信有完不成的任务，不相信有克服不了的困难，不相信有战胜不了的敌人！”...",
      "uri": "douban:\/\/douban.com\/review\/13912179",
      "ad_info": null,
      "topic": null,
      "photos": [],
      "reactions_count": 1,
      "comments_count": 2,
      "user": {
        "kind": "user",
        "name": "可乐",
        "url": "https:\/\/www.douban.com\/people\/223850321\/",
        "uri": "douban:\/\/douban.com\/user\/223850321",
        "avatar": "https://img2.doubanio.com\/icon\/up223850321-1.jpg",
        "is_club": false,
        "type": "user",
        "id": "223850321",
        "uid": "223850321"
      },
      "create_time": "2021-10-08 23:51:11",
      "reshares_count": 0,
      "type": "review",
      "id": "13912179",
      "subject": {
        "type": "movie",
        "title": "长津湖"
      }
    },
    {
      "rating": {
        "count": 1,
        "max": 5,
        "star_count": 5.0,
        "value": 5
      },
      "useful_count": 1,
      "sharing_url": "https:\/\/movie.douban.com\/review\/13911943\/",
      "title": "勿忘历史  珍惜和平",
      "url": "https:\/\/movie.douban.com\/review\/13911943\/",
      "abstract": "今天下午，和同学一起去看了这部电影。很幸运，我们现在处于一个和平的年代，而这正是我们的前辈们誓死捍卫出来的。长津湖战役意义非凡，抗美援朝战役意义非凡。“伟大的抗美援朝精神历久弥新！伟大的中国人民志愿军烈士永垂不朽！”影片中的伍千里连长随身携带的小本子，记录着七连每一位战士的姓名、编号、出生年月。戳心的是，牺牲战士的名字被画上了红框并标注了牺牲地——可以看到很多战士为了新中国的解放事业牺牲，更有像伍家一样兄弟先后参军的战友。七连，没有忘记自己的战友；我们，绝不会...",
      "uri": "douban:\/\/douban.com\/review\/13911943",
      "ad_info": null,
      "topic": null,
      "photos": [
        {
          "tag_name": "img_6567989",
          "id": "6567989",
          "image": {
            "large": {
              "url": "https://img1.doubanio.com\/view\/thing_review\/l\/public\/p6567989.jpg",
              "width": 600,
              "height": 800,
              "size": 0
            },
            "raw": null,
            "is_animated": false,
            "normal": {
              "url": "https://img1.doubanio.com\/view\/thing_review\/l\/public\/p6567989.jpg",
              "width": 600,
              "height": 800,
              "size": 0
            }
          },
          "description": ""
        },
        {
          "tag_name": "img_6567991",
          "id": "6567991",
          "image": {
            "large": {
              "url": "https://img2.doubanio.com\/view\/thing_review\/l\/public\/p6567991.jpg",
              "width": 600,
              "height": 840,
              "size": 0
            },
            "raw": null,
            "is_animated": false,
            "normal": {
              "url": "https://img2.doubanio.com\/view\/thing_review\/l\/public\/p6567991.jpg",
              "width": 600,
              "height": 840,
              "size": 0
            }
          },
          "description": ""
        },
        {
          "tag_name": "img_6568019",
          "id": "6568019",
          "image": {
            "large": {
              "url": "https://img1.doubanio.com\/view\/thing_review\/l\/public\/p6568019.jpg",
              "width": 600,
              "height": 1067,
              "size": 0
            },
            "raw": null,
            "is_animated": false,
            "normal": {
              "url": "https://img1.doubanio.com\/view\/thing_review\/l\/public\/p6568019.jpg",
              "width": 600,
              "height": 1067,
              "size": 0
            }
          },
          "description": ""
        }
      ],
      "reactions_count": 1,
      "comments_count": 0,
      "user": {
        "kind": "user",
        "name": "请叫我W",
        "url": "https:\/\/www.douban.com\/people\/225224145\/",
        "uri": "douban:\/\/douban.com\/user\/225224145",
        "avatar": "https://img2.doubanio.com\/icon\/up225224145-1.jpg",
        "is_club": false,
        "type": "user",
        "id": "225224145",
        "uid": "225224145"
      },
      "create_time": "2021-10-08 22:03:07",
      "reshares_count": 0,
      "type": "review",
      "id": "13911943",
      "subject": {
        "type": "movie",
        "title": "长津湖"
      }
    },
    {
      "rating": {
        "count": 1,
        "max": 5,
        "star_count": 5.0,
        "value": 5
      },
      "useful_count": 0,
      "sharing_url": "https:\/\/movie.douban.com\/review\/13911941\/",
      "title": "勿忘历史  珍惜和平",
      "url": "https:\/\/movie.douban.com\/review\/13911941\/",
      "abstract": "今天下午，和同学一起去看了这部电影。很幸运，我们现在处于一个和平的年代，而这正是我们的前辈们誓死捍卫出来的。长津湖战役意义非凡，抗美援朝战役意义非凡。“伟大的抗美援朝精神历久弥新！伟大的中国人民志愿军烈士永垂不朽！”影片中的伍千里连长随身携带的小本子，记录着七连每一位战士的姓名、编号、出生年月。戳心的是，牺牲战士的名字被画上了红框并标注了牺牲地——可以看到很多战士为了新中国的解放事业牺牲，更有像伍家一样兄弟先后参军的战友。七连，没有忘记自己的战友；我们，绝不会...",
      "uri": "douban:\/\/douban.com\/review\/13911941",
      "ad_info": null,
      "topic": null,
      "photos": [
        {
          "tag_name": "img_6567989",
          "id": "6567989",
          "image": {
            "large": {
              "url": "https://img1.doubanio.com\/view\/thing_review\/l\/public\/p6567989.jpg",
              "width": 600,
              "height": 800,
              "size": 0
            },
            "raw": null,
            "is_animated": false,
            "normal": {
              "url": "https://img1.doubanio.com\/view\/thing_review\/l\/public\/p6567989.jpg",
              "width": 600,
              "height": 800,
              "size": 0
            }
          },
          "description": ""
        },
        {
          "tag_name": "img_6567991",
          "id": "6567991",
          "image": {
            "large": {
              "url": "https://img2.doubanio.com\/view\/thing_review\/l\/public\/p6567991.jpg",
              "width": 600,
              "height": 840,
              "size": 0
            },
            "raw": null,
            "is_animated": false,
            "normal": {
              "url": "https://img2.doubanio.com\/view\/thing_review\/l\/public\/p6567991.jpg",
              "width": 600,
              "height": 840,
              "size": 0
            }
          },
          "description": ""
        },
        {
          "tag_name": "img_6568019",
          "id": "6568019",
          "image": {
            "large": {
              "url": "https://img1.doubanio.com\/view\/thing_review\/l\/public\/p6568019.jpg",
              "width": 600,
              "height": 1067,
              "size": 0
            },
            "raw": null,
            "is_animated": false,
            "normal": {
              "url": "https://img1.doubanio.com\/view\/thing_review\/l\/public\/p6568019.jpg",
              "width": 600,
              "height": 1067,
              "size": 0
            }
          },
          "description": ""
        }
      ],
      "reactions_count": 1,
      "comments_count": 0,
      "user": {
        "kind": "user",
        "name": "请叫我W",
        "url": "https:\/\/www.douban.com\/people\/225224145\/",
        "uri": "douban:\/\/douban.com\/user\/225224145",
        "avatar": "https://img2.doubanio.com\/icon\/up225224145-1.jpg",
        "is_club": false,
        "type": "user",
        "id": "225224145",
        "uid": "225224145"
      },
      "create_time": "2021-10-08 22:03:06",
      "reshares_count": 0,
      "type": "review",
      "id": "13911941",
      "subject": {
        "type": "movie",
        "title": "长津湖"
      }
    },
    {
      "rating": {
        "count": 1,
        "max": 5,
        "star_count": 5.0,
        "value": 5
      },
      "useful_count": 1,
      "sharing_url": "https:\/\/movie.douban.com\/review\/13911890\/",
      "title": "看了《长津湖》，真的有被震撼到！",
      "url": "https:\/\/movie.douban.com\/review\/13911890\/",
      "abstract": "镜头主要专注于七连的变化，从一开始的轻松，到后来的艰辛再到最后的损伤惨重，从一些点集中展现了中国军人的团结和艰苦奋斗精神其实我们能在什么都缺的情况下战胜什么都不缺的美军最重要的是大家在这么艰难的情况下也从未怀疑过指挥（其实剧中很多次看出远程指挥也出了很多的问题，可是他们都是去克服而不是抱怨）其次就是人才济济，有那么多优秀的指挥能从很少的信息里意会懂上头的意思，再根据自己的经验，带领自己的团队为战斗贡献自己的一份力（真的看着那么多个连，隔着那些山完全没办法沟通最后还能...",
      "uri": "douban:\/\/douban.com\/review\/13911890",
      "ad_info": null,
      "topic": null,
      "photos": [
        {
          "tag_name": "img_6567849",
          "id": "6567849",
          "image": {
            "large": {
              "url": "https://img1.doubanio.com\/view\/thing_review\/l\/public\/p6567849.jpg",
              "width": 600,
              "height": 450,
              "size": 0
            },
            "raw": null,
            "is_animated": false,
            "normal": {
              "url": "https://img1.doubanio.com\/view\/thing_review\/l\/public\/p6567849.jpg",
              "width": 600,
              "height": 450,
              "size": 0
            }
          },
          "description": ""
        }
      ],
      "reactions_count": 1,
      "comments_count": 0,
      "user": {
        "kind": "user",
        "name": "丹丹呐~",
        "url": "https:\/\/www.douban.com\/people\/242942334\/",
        "uri": "douban:\/\/douban.com\/user\/242942334",
        "avatar": "https://img2.doubanio.com\/icon\/up242942334-1.jpg",
        "is_club": false,
        "type": "user",
        "id": "242942334",
        "uid": "242942334"
      },
      "create_time": "2021-10-08 21:32:30",
      "reshares_count": 0,
      "type": "review",
      "id": "13911890",
      "subject": {
        "type": "movie",
        "title": "长津湖"
      }
    },
    {
      "rating": {
        "count": 1,
        "max": 5,
        "star_count": 4.0,
        "value": 4
      },
      "useful_count": 0,
      "sharing_url": "https:\/\/movie.douban.com\/review\/13911861\/",
      "title": "长津湖",
      "url": "https:\/\/movie.douban.com\/review\/13911861\/",
      "abstract": "      希望能成为献礼片里面好的开始，演员演技都不错，千玺虽然差一截但是也不影响观看体验。动作戏非常漂亮，文戏也很好的交代了赴朝作战的动机，同时很好的刻画了人物。令我非常惊喜的是终于摆脱了一些对我党的偏见1.我党的胜利是人海堆出来的。我党能克服装备差距绝对离不开能文能武的战士们，政委真的脑子好使又灵活2.党中多文盲，不管是登记新兵还是记录战场情况都离不开一定的文化基础3.作战动机是建功立业（拉踩八佰，虽然也是一部分，但是如此视死如归主要动力是保家卫国的信念）4.岸英死因。看电影都听...",
      "uri": "douban:\/\/douban.com\/review\/13911861",
      "ad_info": null,
      "topic": null,
      "photos": [],
      "reactions_count": 1,
      "comments_count": 1,
      "user": {
        "kind": "user",
        "name": "hanny",
        "url": "https:\/\/www.douban.com\/people\/235326688\/",
        "uri": "douban:\/\/douban.com\/user\/235326688",
        "avatar": "https://img2.doubanio.com\/icon\/up235326688-2.jpg",
        "is_club": false,
        "type": "user",
        "id": "235326688",
        "uid": "235326688"
      },
      "create_time": "2021-10-08 21:19:06",
      "reshares_count": 0,
      "type": "review",
      "id": "13911861",
      "subject": {
        "type": "movie",
        "title": "长津湖"
      }
    },
    {
      "rating": {
        "count": 1,
        "max": 5,
        "star_count": 5.0,
        "value": 5
      },
      "useful_count": 2,
      "sharing_url": "https:\/\/movie.douban.com\/review\/13911836\/",
      "title": "《长津湖》迟来的影评",
      "url": "https:\/\/movie.douban.com\/review\/13911836\/",
      "abstract": "电影使我想起了我的爷爷，在我很小的时候只觉得他是一个富有生活情趣的老头，他喜欢种菜，喜欢钓鱼，喜欢阴阳五行，也喜欢在古玩市场淘那些不知道真假的古玩，他不爱教诲，唯有要求我好好练毛笔字，只可惜我练字的勤勉也只是在他面前展现而已，我的字可不具备任何观赏性。大抵是四年前，他因为中风而瘫痪在病床上，肌肉日渐萎缩，不能自理只能靠康复医院的护工照顾，工作后，我能看望他的次数很少，但每一次他躺在病床上都会一次又一次的重复讲述那些战场上发生的事情，关于硝烟战火，关于美帝罪行，关于牺牲，关...",
      "uri": "douban:\/\/douban.com\/review\/13911836",
      "ad_info": null,
      "topic": null,
      "photos": [],
      "reactions_count": 1,
      "comments_count": 1,
      "user": {
        "kind": "user",
        "name": "Rin&Akira",
        "url": "https:\/\/www.douban.com\/people\/183958150\/",
        "uri": "douban:\/\/douban.com\/user\/183958150",
        "avatar": "https://img9.doubanio.com\/icon\/up183958150-4.jpg",
        "is_club": false,
        "type": "user",
        "id": "183958150",
        "uid": "183958150"
      },
      "create_time": "2021-10-08 21:10:46",
      "reshares_count": 0,
      "type": "review",
      "id": "13911836",
      "subject": {
        "type": "movie",
        "title": "长津湖"
      }
    },
    {
      "rating": null,
      "useful_count": 2,
      "sharing_url": "https:\/\/movie.douban.com\/review\/13911812\/",
      "title": "长津湖请务必带好纸巾",
      "url": "https:\/\/movie.douban.com\/review\/13911812\/",
      "abstract": "我说一下我的泪点吧那天本来很开心，和小伙伴吃完火锅鱼，想着要不一起看看长津湖吧，三个小时的电影在这个碎片化的时代其实能让很多人望而却步。但是一个历史题材的电影，我觉得很有必要去看一看不说别的，可能就是想哭一下。因为战争就是充满死亡和眼泪的。电影开片不久我印象很深为了给远赴前线的战士们送棉服，她们追着车箱一个一个的往里送，有的脱下自己的外套，那一刻其实感同身受，有的时候看到中美局势紧张，想着如果打仗了我一个女生能为国家做点什么？我可不可以捍卫家园，帮着那些在前线的浴血奋战...",
      "uri": "douban:\/\/douban.com\/review\/13911812",
      "ad_info": null,
      "topic": null,
      "photos": [],
      "reactions_count": 1,
      "comments_count": 2,
      "user": {
        "kind": "user",
        "name": "桃子妹妹",
        "url": "https:\/\/www.douban.com\/people\/148251457\/",
        "uri": "douban:\/\/douban.com\/user\/148251457",
        "avatar": "https://img2.doubanio.com\/icon\/up148251457-2.jpg",
        "is_club": false,
        "type": "user",
        "id": "148251457",
        "uid": "148251457"
      },
      "create_time": "2021-10-08 20:57:49",
      "reshares_count": 0,
      "type": "review",
      "id": "13911812",
      "subject": {
        "type": "movie",
        "title": "长津湖"
      }
    },
    {
      "rating": null,
      "useful_count": 0,
      "sharing_url": "https:\/\/movie.douban.com\/review\/13911806\/",
      "title": "《长津湖》",
      "url": "https:\/\/movie.douban.com\/review\/13911806\/",
      "abstract": "写军事题材主旋律的文章，真的瑟瑟发抖。仅谈个人看法，不上升演员和历史政治高度。（手动保命狗头）看完之后，我脑海中反复回响的是那首《我的祖国》。之前看过龙应台在香港大学的演讲，就是问听众人生启蒙歌曲的那次。成百上千人在礼堂里合唱“我家就在岸上住”的那个场景，会让我觉得震撼，心中涌起的有激动更有自豪，还有对上甘岭一役中壮烈牺牲的先辈的追忆。据说这一版的《长津湖》是经过删减的，所以断断续续很多镜头不连贯，总觉的有深意有故事的一些铺垫，到后来就不了了之。当然，你也可以解读为导...",
      "uri": "douban:\/\/douban.com\/review\/13911806",
      "ad_info": null,
      "topic": null,
      "photos": [],
      "reactions_count": 1,
      "comments_count": 0,
      "user": {
        "kind": "user",
        "name": "吕二凡",
        "url": "https:\/\/www.douban.com\/people\/247184462\/",
        "uri": "douban:\/\/douban.com\/user\/247184462",
        "avatar": "https://img2.doubanio.com\/icon\/up247184462-1.jpg",
        "is_club": false,
        "type": "user",
        "id": "247184462",
        "uid": "247184462"
      },
      "create_time": "2021-10-08 20:53:44",
      "reshares_count": 0,
      "type": "review",
      "id": "13911806",
      "subject": {
        "type": "movie",
        "title": "长津湖"
      }
    },
    {
      "rating": {
        "count": 1,
        "max": 5,
        "star_count": 3.0,
        "value": 3
      },
      "useful_count": 2,
      "sharing_url": "https:\/\/movie.douban.com\/review\/13911752\/",
      "title": "7.分",
      "url": "https:\/\/movie.douban.com\/review\/13911752\/",
      "abstract": "喜欢长津湖这部电影的朋友，可以刷一遍跨过鸭绿江。详细介绍了志愿军各战役的部署。个人感觉，这部电视剧比长津湖好看好几倍，各方面，各方面。镜头切换，故事脚本，台词共鸣程度，人物刻画，现场制作，影视呈现………各方面都比长津湖好看力推跨过鸭绿江（电视剧唯一的不满足是xxx饰演的彭德怀，总觉得还差点意思（仅代表个人感觉）。）",
      "uri": "douban:\/\/douban.com\/review\/13911752",
      "ad_info": null,
      "topic": null,
      "photos": [],
      "reactions_count": 1,
      "comments_count": 0,
      "user": {
        "kind": "user",
        "name": "SUNNY40593",
        "url": "https:\/\/www.douban.com\/people\/169484749\/",
        "uri": "douban:\/\/douban.com\/user\/169484749",
        "avatar": "https://img2.doubanio.com\/icon\/up169484749-1.jpg",
        "is_club": false,
        "type": "user",
        "id": "169484749",
        "uid": "169484749"
      },
      "create_time": "2021-10-08 20:21:41",
      "reshares_count": 0,
      "type": "review",
      "id": "13911752",
      "subject": {
        "type": "movie",
        "title": "长津湖"
      }
    },
    {
      "rating": {
        "count": 1,
        "max": 5,
        "star_count": 5.0,
        "value": 5
      },
      "useful_count": 1,
      "sharing_url": "https:\/\/movie.douban.com\/review\/13911693\/",
      "title": "共情一部电影，是为了铭记一段历史，更好的去生活。",
      "url": "https:\/\/movie.douban.com\/review\/13911693\/",
      "abstract": "我选择共情的方式去看这部电影，去体会他们当时的心情，去感受他们那个年代。伍万里刚出场的时候，我旁边有人说他这个角色被演成了个智障一样，可我觉得他并不是。谁有能说当时的伍万里不可以或者不会是这个样子呢？在那个年代，一个十几岁的孩子，他们难道可以在游乐场，在补习班，在网上冲浪？当然不可能！打水漂，在山林里，溪水边，就已经很不错了。有人可能会觉得，他们那样疯又没礼貌，那个正常人会这样？没有人天生就长成所谓的优质青年的，在那个年代，能活着，能吃饱就是他们的全部了。我很难过，我很...",
      "uri": "douban:\/\/douban.com\/review\/13911693",
      "ad_info": null,
      "topic": null,
      "photos": [],
      "reactions_count": 1,
      "comments_count": 0,
      "user": {
        "kind": "user",
        "name": "晚饭小米粥",
        "url": "https:\/\/www.douban.com\/people\/203357397\/",
        "uri": "douban:\/\/douban.com\/user\/203357397",
        "avatar": "https://img9.doubanio.com\/icon\/up203357397-6.jpg",
        "is_club": false,
        "type": "user",
        "id": "203357397",
        "uid": "203357397"
      },
      "create_time": "2021-10-08 19:43:54",
      "reshares_count": 0,
      "type": "review",
      "id": "13911693",
      "subject": {
        "type": "movie",
        "title": "长津湖"
      }
    }
  ]
