﻿[
    {
      "rating": {
        "count": 1,
        "max": 5,
        "star_count": 4.0,
        "value": 4
      },
      "useful_count": 2,
      "sharing_url": "https:\/\/movie.douban.com\/review\/13911686\/",
      "title": "风吹稻花香两岸",
      "url": "https:\/\/movie.douban.com\/review\/13911686\/",
      "abstract": "片头船屋的戏很有些陈凯歌的质感，战斗场面的剪辑很有些林超贤的风格。但二者的文武并没有能够交相辉映，反倒有些格格不入。影片想讲的很多，但却仅仅只是些主旋律内容的简单糅合，乱而无主的剧情也使之后的感情流露有些空穴来风。可爱的志愿军战士们值得铭记更应尊敬，伟大的抗美援朝精神值得颂扬更应保护。我们发自内心的铭记、珍爱、缅怀、开创…却不应以之为噱对这些伟大人物的伟大精神过度地去消费。爱国主义宣传不应是主旋律内容的随意拼凑，更不应是资本的随意堆砌。所谓大片也并非只应有大投资大特...",
      "uri": "douban:\/\/douban.com\/review\/13911686",
      "ad_info": null,
      "topic": null,
      "photos": [],
      "reactions_count": 1,
      "comments_count": 0,
      "user": {
        "kind": "user",
        "name": "青蓝冰水",
        "url": "https:\/\/www.douban.com\/people\/186186900\/",
        "uri": "douban:\/\/douban.com\/user\/186186900",
        "avatar": "https://img2.doubanio.com\/icon\/up186186900-1.jpg",
        "is_club": false,
        "type": "user",
        "id": "186186900",
        "uid": "186186900"
      },
      "create_time": "2021-10-08 19:38:38",
      "reshares_count": 0,
      "type": "review",
      "id": "13911686",
      "subject": {
        "type": "movie",
        "title": "长津湖"
      }
    },
    {
      "rating": {
        "count": 1,
        "max": 5,
        "star_count": 3.0,
        "value": 3
      },
      "useful_count": 6,
      "sharing_url": "https:\/\/movie.douban.com\/review\/13911465\/",
      "title": "单纯看过电影后的个人观点（请喷子们理智）",
      "url": "https:\/\/movie.douban.com\/review\/13911465\/",
      "abstract": "10.1当天晚上跟朋友一起去看的电影，朋友是现役jun官观看之前抱着很大的期待，毕竟是著名导演 + 知名演员的配置，又有历史背景做背书，以为是一部催泪大片，但是直到影片结束，除了感觉到尬以外还有很多的不理解：1. 影片与其说是长津湖战役倒不如说是伍万里的成长史，从为了让他哥看得起而选择入伍，到不敢开枪，到神投手，到被别人认可，当然这可以理解为电影的一条故事线，但是本应该铺开的战斗过程却看的有点不明不白，本来应该浓墨重彩的地方反而有点畏手畏脚，就像话只说了一半，另一半一直卡着，让人很...",
      "uri": "douban:\/\/douban.com\/review\/13911465",
      "ad_info": null,
      "topic": null,
      "photos": [],
      "reactions_count": 1,
      "comments_count": 4,
      "user": {
        "kind": "user",
        "name": "白冬草",
        "url": "https:\/\/www.douban.com\/people\/210960343\/",
        "uri": "douban:\/\/douban.com\/user\/210960343",
        "avatar": "https://img2.doubanio.com\/icon\/user_large.jpg",
        "is_club": false,
        "type": "user",
        "id": "210960343",
        "uid": "210960343"
      },
      "create_time": "2021-10-08 17:06:57",
      "reshares_count": 0,
      "type": "review",
      "id": "13911465",
      "subject": {
        "type": "movie",
        "title": "长津湖"
      }
    },
    {
      "rating": {
        "count": 1,
        "max": 5,
        "star_count": 4.0,
        "value": 4
      },
      "useful_count": 8,
      "sharing_url": "https:\/\/movie.douban.com\/review\/13910491\/",
      "title": "如何将伍万里塑造的更讨喜更让人印象深刻（描绘我心中更好的伍万里的样子）（四字粉丝勿入）（欢迎讨论剧情）",
      "url": "https:\/\/movie.douban.com\/review\/13910491\/",
      "abstract": "（粉丝勿入！粉丝勿入！粉丝勿入！）  《长津湖》中最令我遗憾的一点就是，伍万里这个角色塑造的并不成功，他本应该是故事中重要的一部分，是观众的共情点。但现在的塑造只让我看到了一个瞪眼表示倔强，偶尔会露出傻子一样表情的双相情感障碍的讨厌小孩。我试图用文字描绘一个我心中伍万里该有的样子。在家乡的伍万里是家乡的“小霸王”，这样的少年应该是嚣张明媚的，因为自己过人的投掷本事，对相邻带着傲气，是那种大人看了就想抓住教育的“皮猴子”。这种孩子眼里是不谙世事的嚣张和莽撞，眼里不该带着...",
      "uri": "douban:\/\/douban.com\/review\/13910491",
      "ad_info": null,
      "topic": null,
      "photos": [],
      "reactions_count": 1,
      "comments_count": 8,
      "user": {
        "kind": "user",
        "name": "明明如越",
        "url": "https:\/\/www.douban.com\/people\/173591845\/",
        "uri": "douban:\/\/douban.com\/user\/173591845",
        "avatar": "https://img2.doubanio.com\/icon\/up173591845-1.jpg",
        "is_club": false,
        "type": "user",
        "id": "173591845",
        "uid": "173591845"
      },
      "create_time": "2021-10-08 09:25:18",
      "reshares_count": 0,
      "type": "review",
      "id": "13910491",
      "subject": {
        "type": "movie",
        "title": "长津湖"
      }
    },
    {
      "rating": null,
      "useful_count": 9,
      "sharing_url": "https:\/\/movie.douban.com\/review\/13909941\/",
      "title": "铺得太大了，没有想象的好。",
      "url": "https:\/\/movie.douban.com\/review\/13909941\/",
      "abstract": "主旋律没问题，历史不容忘却没问题，英雄烈士永远应该铭记也没问题，但是电影拍得有问题，很多东西没有刻画到位，浅尝则止，故事也很凌乱，导演什么都想拍，却什么都没有拍好，这是导演的能力问题了，整体感觉甚至还没有长津湖的纪录片拍得好。没有调动观众的情绪，也缺少代入感。随后我一看导演的名子，徐克、陈凯歌，一下就明白了。",
      "uri": "douban:\/\/douban.com\/review\/13909941",
      "ad_info": null,
      "topic": null,
      "photos": [],
      "reactions_count": 1,
      "comments_count": 5,
      "user": {
        "kind": "user",
        "name": "莫子绿",
        "url": "https:\/\/www.douban.com\/people\/35931504\/",
        "uri": "douban:\/\/douban.com\/user\/35931504",
        "avatar": "https://img9.doubanio.com\/icon\/up35931504-6.jpg",
        "is_club": false,
        "type": "user",
        "id": "35931504",
        "uid": "35931504"
      },
      "create_time": "2021-10-07 22:54:51",
      "reshares_count": 0,
      "type": "review",
      "id": "13909941",
      "subject": {
        "type": "movie",
        "title": "长津湖"
      }
    },
    {
      "rating": {
        "count": 1,
        "max": 5,
        "star_count": 4.0,
        "value": 4
      },
      "useful_count": 5,
      "sharing_url": "https:\/\/movie.douban.com\/review\/13909935\/",
      "title": "瑕不掩瑜的主旋律",
      "url": "https:\/\/movie.douban.com\/review\/13909935\/",
      "abstract": "国产电影真是越来越优秀了，连主旋律都可以拍的这么好看，原本三个小时的时长让人发怵，但总体看下来却观感不错。1.看完以后深感当下生活来之不易，比起历史书上冰冷的事件和数字，电影带来的冲击震撼很多，只觉得现实比电影更残酷，毕竟没有主角光环；2.前两个小时节奏很紧凑，特别是从下火车躲轰炸到小村第一次正面交锋，紧张到手汗直冒；3.整体剧情头重脚轻，战争堆砌较多，反而最后的长津湖大战让人有点审美疲劳，没有那么精彩；4.想表现得内容太多，剧本深度有待增厚。百里的牺牲、万里的红围巾都是...",
      "uri": "douban:\/\/douban.com\/review\/13909935",
      "ad_info": null,
      "topic": null,
      "photos": [],
      "reactions_count": 1,
      "comments_count": 0,
      "user": {
        "kind": "user",
        "name": "C.MrFortune",
        "url": "https:\/\/www.douban.com\/people\/81407484\/",
        "uri": "douban:\/\/douban.com\/user\/81407484",
        "avatar": "https://img9.doubanio.com\/icon\/up81407484-4.jpg",
        "is_club": false,
        "type": "user",
        "id": "81407484",
        "uid": "81407484"
      },
      "create_time": "2021-10-07 22:53:41",
      "reshares_count": 0,
      "type": "review",
      "id": "13909935",
      "subject": {
        "type": "movie",
        "title": "长津湖"
      }
    },
    {
      "rating": {
        "count": 1,
        "max": 5,
        "star_count": 5.0,
        "value": 5
      },
      "useful_count": 1,
      "sharing_url": "https:\/\/movie.douban.com\/review\/13909926\/",
      "title": "搜寻长津湖的角度",
      "url": "https:\/\/movie.douban.com\/review\/13909926\/",
      "abstract": "         *搜寻长津湖的角度，也就是搜寻长津湖战役故事的角度。因为熟知这段历史，所以在没看之前，就在考虑，编导会以什么角度来讲这个故事。长津湖是复杂的，如果是从战役本身的呈现来讲，表现是很难的，有许多东西，历史+情感，不能说的东西太多，不好归结的责任太多。不好追究的人和事也太多。有不少人寄希望用一部电影展示战役的全局，从编导的实力看，那是远远不够的。就目前而言，换没有一个权威能全盘摊开，仔细解剖战役的各个细节。所以只能寻找一个点来讲长津湖这个故事。看了不少人打出差评，甚至有些...",
      "uri": "douban:\/\/douban.com\/review\/13909926",
      "ad_info": null,
      "topic": null,
      "photos": [],
      "reactions_count": 1,
      "comments_count": 0,
      "user": {
        "kind": "user",
        "name": "专踩烂剧",
        "url": "https:\/\/www.douban.com\/people\/181848368\/",
        "uri": "douban:\/\/douban.com\/user\/181848368",
        "avatar": "https://img2.doubanio.com\/icon\/user_large.jpg",
        "is_club": false,
        "type": "user",
        "id": "181848368",
        "uid": "181848368"
      },
      "create_time": "2021-10-07 22:51:07",
      "reshares_count": 1,
      "type": "review",
      "id": "13909926",
      "subject": {
        "type": "movie",
        "title": "长津湖"
      }
    },
    {
      "rating": {
        "count": 1,
        "max": 5,
        "star_count": 5.0,
        "value": 5
      },
      "useful_count": 1,
      "sharing_url": "https:\/\/movie.douban.com\/review\/13909916\/",
      "title": "值得推荐，棒",
      "url": "https:\/\/movie.douban.com\/review\/13909916\/",
      "abstract": "今天二刷了……对那段历史不是很了解，对军事知识更是不懂，但是看完，很震撼……我只能作为一个普通观众，一个中国人说说我的观后感……首先，意义很大，因为这部电影让我们这些普通人了解了这场仗为什么打……怎么打……我们的先辈们为了我们现在的生活付出了什么……我觉得这部电影的现实教育意义远远大于电影本身的艺术形式……电影对于情感表达把控的很克制，不会强制煽情……电影一开始大哥牺牲，就差点落泪，但是没有过度渲染，很多感人情节都表达的恰到好处……不会给人那种为了感动你而强制煽...",
      "uri": "douban:\/\/douban.com\/review\/13909916",
      "ad_info": null,
      "topic": null,
      "photos": [],
      "reactions_count": 1,
      "comments_count": 0,
      "user": {
        "kind": "user",
        "name": "不喜欢吃巧克力",
        "url": "https:\/\/www.douban.com\/people\/205842113\/",
        "uri": "douban:\/\/douban.com\/user\/205842113",
        "avatar": "https://img2.doubanio.com\/icon\/up205842113-2.jpg",
        "is_club": false,
        "type": "user",
        "id": "205842113",
        "uid": "205842113"
      },
      "create_time": "2021-10-07 22:48:03",
      "reshares_count": 0,
      "type": "review",
      "id": "13909916",
      "subject": {
        "type": "movie",
        "title": "长津湖"
      }
    },
    {
      "rating": {
        "count": 1,
        "max": 5,
        "star_count": 5.0,
        "value": 5
      },
      "useful_count": 1,
      "sharing_url": "https:\/\/movie.douban.com\/review\/13909890\/",
      "title": "我辈当自强",
      "url": "https:\/\/movie.douban.com\/review\/13909890\/",
      "abstract": "10.7 在党支部的带领下，集体观影。长津湖是抗美援朝战争中东线的主要战役发生地。最近正好在追《功勋》，王雷饰演的李延年同志是抗美援朝战争中的一个角色，也是共和国勋章的获得者。我们生活在和平年代，没有深刻理解“保家卫国”的含义，没有意识到 当初的军人是如何以血的代价保卫着我们的家园。剧中反复提及的，现在战争是为了下一代能够享受到和平年代的赠予，感恩现在所拥有的一切，都是前辈们用鲜血铺成的道路啊！在那样极其寒冷残酷的地方，何等的意志才能对抗这一切！我又想到《功勋》中的于敏同...",
      "uri": "douban:\/\/douban.com\/review\/13909890",
      "ad_info": null,
      "topic": null,
      "photos": [],
      "reactions_count": 1,
      "comments_count": 0,
      "user": {
        "kind": "user",
        "name": "liviahia",
        "url": "https:\/\/www.douban.com\/people\/211852049\/",
        "uri": "douban:\/\/douban.com\/user\/211852049",
        "avatar": "https://img2.doubanio.com\/icon\/up211852049-3.jpg",
        "is_club": false,
        "type": "user",
        "id": "211852049",
        "uid": "211852049"
      },
      "create_time": "2021-10-07 22:36:14",
      "reshares_count": 0,
      "type": "review",
      "id": "13909890",
      "subject": {
        "type": "movie",
        "title": "长津湖"
      }
    },
    {
      "rating": {
        "count": 1,
        "max": 5,
        "star_count": 5.0,
        "value": 5
      },
      "useful_count": 0,
      "sharing_url": "https:\/\/movie.douban.com\/review\/13909874\/",
      "title": "长津湖观后感",
      "url": "https:\/\/movie.douban.com\/review\/13909874\/",
      "abstract": "先说战争场面的拍摄，可以说是目前为止最震撼的大兵团作战的战争制作，简直是目前国产电影天花板似的存在。看的太过瘾，太震撼了。文戏稍弱，以前拍的三大战役，除了战争场面不能和长津湖比以外，其他方面完胜。美军的部署安排，太过脸谱化，没有详细的刻画。当时国内国外形势的复杂和一穷二白国力的刻画几乎没有，这就导致这部片子在深度上有所欠缺。易烊千玺饰演的小兵是个败笔，就好像是葱花芫荽成了主菜，夺了味。这个人物可以有，但不该成为主角。这是一部群像戏，可以选择刻画人物更多样，更立体，但不该单...",
      "uri": "douban:\/\/douban.com\/review\/13909874",
      "ad_info": null,
      "topic": null,
      "photos": [],
      "reactions_count": 1,
      "comments_count": 4,
      "user": {
        "kind": "user",
        "name": "汤圆",
        "url": "https:\/\/www.douban.com\/people\/139275154\/",
        "uri": "douban:\/\/douban.com\/user\/139275154",
        "avatar": "https://img2.doubanio.com\/icon\/user_large_f.jpg",
        "is_club": false,
        "type": "user",
        "id": "139275154",
        "uid": "139275154"
      },
      "create_time": "2021-10-07 22:27:59",
      "reshares_count": 0,
      "type": "review",
      "id": "13909874",
      "subject": {
        "type": "movie",
        "title": "长津湖"
      }
    },
    {
      "rating": {
        "count": 1,
        "max": 5,
        "star_count": 3.0,
        "value": 3
      },
      "useful_count": 3,
      "sharing_url": "https:\/\/movie.douban.com\/review\/13909860\/",
      "title": "观影感受",
      "url": "https:\/\/movie.douban.com\/review\/13909860\/",
      "abstract": " 特效满满，剧情正常吧。  有很多美的画面值得一看比如说一开始的回家探亲的景色，比如说离开北京路过长城的景色，比如说雪景，都很美。  但是很多铺垫感觉没有对得上，比如说易烊千玺扔手榴弹的时候前面打水漂对应后面掷手榴弹很准，但是后面吴京说让千玺跟着他是要让他掷手榴弹的，结果到结束都没有，就觉得有点失望。  再者说一下整个剧情的铺垫，一开始讲了他们到达长津湖是多么艰辛（这段剧情在我看来最精彩，也最值得一看，应该是整个剧的高潮），再后来到了长津湖正式开战，再到整个战役的胜利 我以...",
      "uri": "douban:\/\/douban.com\/review\/13909860",
      "ad_info": null,
      "topic": null,
      "photos": [],
      "reactions_count": 1,
      "comments_count": 2,
      "user": {
        "kind": "user",
        "name": "觅",
        "url": "https:\/\/www.douban.com\/people\/199312147\/",
        "uri": "douban:\/\/douban.com\/user\/199312147",
        "avatar": "https://img2.doubanio.com\/icon\/up199312147-3.jpg",
        "is_club": false,
        "type": "user",
        "id": "199312147",
        "uid": "199312147"
      },
      "create_time": "2021-10-07 22:23:38",
      "reshares_count": 0,
      "type": "review",
      "id": "13909860",
      "subject": {
        "type": "movie",
        "title": "长津湖"
      }
    },
    {
      "rating": null,
      "useful_count": 1,
      "sharing_url": "https:\/\/movie.douban.com\/review\/13909618\/",
      "title": "可爱的人和家国的情",
      "url": "https:\/\/movie.douban.com\/review\/13909618\/",
      "abstract": "可爱的人和家国的情，性格鲜明的个人角色和英勇大义的血肉之躯。印象最深刻的就是雷排长死前，在敌人面前他不畏牺牲带走标记弹，临了前痛苦地呻吟着疼，战友们既无助又痛心地看着他，我们很多战争影片中都是战士们英勇就义的片段，无畏无悔，或许战士临死前一定有身体发肤之痛与对世人的留恋。雷排长噙着泪水唱着家乡的沂蒙山小调，他想念家乡想念和平的日子，但现在在战场，他知道他要为了更大的和平胜利付出自己的生命，苦楚地使劲身体最后力气说出，“不要把我一个人留在这里”，眼里噙着泪水，看到这里真的...",
      "uri": "douban:\/\/douban.com\/review\/13909618",
      "ad_info": null,
      "topic": null,
      "photos": [],
      "reactions_count": 1,
      "comments_count": 0,
      "user": {
        "kind": "user",
        "name": "babysbreath",
        "url": "https:\/\/www.douban.com\/people\/94788342\/",
        "uri": "douban:\/\/douban.com\/user\/94788342",
        "avatar": "https://img2.doubanio.com\/icon\/up94788342-1.jpg",
        "is_club": false,
        "type": "user",
        "id": "94788342",
        "uid": "94788342"
      },
      "create_time": "2021-10-07 20:51:32",
      "reshares_count": 0,
      "type": "review",
      "id": "13909618",
      "subject": {
        "type": "movie",
        "title": "长津湖"
      }
    },
    {
      "rating": null,
      "useful_count": 13,
      "sharing_url": "https:\/\/movie.douban.com\/review\/13909612\/",
      "title": "眼泪流光，却又累又消耗。",
      "url": "https:\/\/movie.douban.com\/review\/13909612\/",
      "abstract": "看得很累 很消耗。场面是没问题的 专业的。但是 剧本完全不行 浪费了好演员们的演技。故事完全是散点 这一点那一点 黄轩的线和剧情毫无关系 硬融。你能感觉到这仨导演好像是在暗中角力 就是“我们谁的戏也不能删”！所以整体没有取舍 没有轻重分配 没有起承转合 强弱处理。节奏全是一直给满 音乐全程走高，一路狂煽，没有消停的时候。小战役当成大决战拍 到后来真正大决战 观众已经看了快三个小时 被轰炸的很疲惫了。这里面最可爱的角色无疑是胡军饰演的“雷公”，因为这个角色最像个“人”。而他也承担了最后...",
      "uri": "douban:\/\/douban.com\/review\/13909612",
      "ad_info": null,
      "topic": null,
      "photos": [],
      "reactions_count": 1,
      "comments_count": 3,
      "user": {
        "kind": "user",
        "name": "伦敦Nostalgia",
        "url": "https:\/\/www.douban.com\/people\/162762181\/",
        "uri": "douban:\/\/douban.com\/user\/162762181",
        "avatar": "https://img2.doubanio.com\/icon\/up162762181-2.jpg",
        "is_club": false,
        "type": "user",
        "id": "162762181",
        "uid": "162762181"
      },
      "create_time": "2021-10-07 20:50:12",
      "reshares_count": 0,
      "type": "review",
      "id": "13909612",
      "subject": {
        "type": "movie",
        "title": "长津湖"
      }
    },
    {
      "rating": null,
      "useful_count": 1,
      "sharing_url": "https:\/\/movie.douban.com\/review\/13909602\/",
      "title": "值得更好的电影",
      "url": "https:\/\/movie.douban.com\/review\/13909602\/",
      "abstract": "国庆节最后一天和爸妈看完了长津湖，挺标准的主旋律电影。电影本身三颗星，抗美援朝志愿军的精神加一颗星。不知道三位导演具体负责哪个部分，盲猜文戏是陈凯歌（也是最差的）一长段小村庄夜袭是林超贤？感觉这段拍的最好了。吴京战狼味太重了，战争片里还开金手指就…易烊千玺表演无功无过，前期生兵蛋子仿佛看见了小北…朱亚文书卷气也盖不住帅气，希望以后主旋律电影多拍一点，全片最精彩的是韩东君，好帅好适合军人！剧情线过于杂乱了，军人之间开玩笑的戏份真的可以剪一部分，美军的指挥像个憨批，完全...",
      "uri": "douban:\/\/douban.com\/review\/13909602",
      "ad_info": null,
      "topic": null,
      "photos": [
        {
          "tag_name": "img_6563848",
          "id": "6563848",
          "image": {
            "large": {
              "url": "https://img1.doubanio.com\/view\/thing_review\/l\/public\/p6563848.jpg",
              "width": 600,
              "height": 800,
              "size": 0
            },
            "raw": null,
            "is_animated": false,
            "normal": {
              "url": "https://img1.doubanio.com\/view\/thing_review\/l\/public\/p6563848.jpg",
              "width": 600,
              "height": 800,
              "size": 0
            }
          },
          "description": ""
        }
      ],
      "reactions_count": 1,
      "comments_count": 0,
      "user": {
        "kind": "user",
        "name": "surrounded",
        "url": "https:\/\/www.douban.com\/people\/132669829\/",
        "uri": "douban:\/\/douban.com\/user\/132669829",
        "avatar": "https://img2.doubanio.com\/icon\/up132669829-1.jpg",
        "is_club": false,
        "type": "user",
        "id": "132669829",
        "uid": "132669829"
      },
      "create_time": "2021-10-07 20:45:20",
      "reshares_count": 0,
      "type": "review",
      "id": "13909602",
      "subject": {
        "type": "movie",
        "title": "长津湖"
      }
    },
    {
      "rating": null,
      "useful_count": 0,
      "sharing_url": "https:\/\/movie.douban.com\/review\/13909580\/",
      "title": "记录那份感动",
      "url": "https:\/\/movie.douban.com\/review\/13909580\/",
      "abstract": "每次看战争片的战争画面，我总是会害怕的心砰砰直跳，不敢看那些血腥的，残酷的，随时有人牺牲的画面。我是一个胆小之人，我总是会想，如果我身处战争之中，我是否敢往前冲，因此战争片中那些英雄，会让我非常尊重和崇敬。没有他们，就没有现在我们所在的和平时代，他们真的是用鲜血为后代换来了今天物质和精神都更丰富的生活。回家的车上，播着带些抒情的歌曲，看着周围一片安宁，鼻子突然有点酸酸的。",
      "uri": "douban:\/\/douban.com\/review\/13909580",
      "ad_info": null,
      "topic": null,
      "photos": [],
      "reactions_count": 1,
      "comments_count": 0,
      "user": {
        "kind": "user",
        "name": "果果",
        "url": "https:\/\/www.douban.com\/people\/192570358\/",
        "uri": "douban:\/\/douban.com\/user\/192570358",
        "avatar": "https://img2.doubanio.com\/icon\/up192570358-1.jpg",
        "is_club": false,
        "type": "user",
        "id": "192570358",
        "uid": "192570358"
      },
      "create_time": "2021-10-07 20:30:28",
      "reshares_count": 0,
      "type": "review",
      "id": "13909580",
      "subject": {
        "type": "movie",
        "title": "长津湖"
      }
    },
    {
      "rating": {
        "count": 1,
        "max": 5,
        "star_count": 5.0,
        "value": 5
      },
      "useful_count": 1,
      "sharing_url": "https:\/\/movie.douban.com\/review\/13909576\/",
      "title": "长津湖观后感及一点小建议",
      "url": "https:\/\/movie.douban.com\/review\/13909576\/",
      "abstract": " 可能因为是3个导演组拍摄制作，所以有一些地方在衔接上多少感觉有点楞，不是很顺畅，但是这是一部值得看的片子，大场面、大制作，演员演技在线，把沉重的战争、历史通过艺术的形式展现的在眼前，可能会有些人觉得不适、觉得血腥，但那就是历史，真正的战争远比这要血腥残酷的多，感恩先人给了我们这太平的世界（中国），没有先人的付出，就没有现在安稳的日子。 缅怀先烈，致敬先人！ 最后，给没有去看的人一点小建议： ①带好纸巾，不要化妆 ②看之前不要喝水，容易膀胱爆炸 ③心理承受能力不好、见不...",
      "uri": "douban:\/\/douban.com\/review\/13909576",
      "ad_info": null,
      "topic": null,
      "photos": [],
      "reactions_count": 1,
      "comments_count": 0,
      "user": {
        "kind": "user",
        "name": "就是改着玩",
        "url": "https:\/\/www.douban.com\/people\/243770172\/",
        "uri": "douban:\/\/douban.com\/user\/243770172",
        "avatar": "https://img1.doubanio.com\/icon\/up243770172-9.jpg",
        "is_club": false,
        "type": "user",
        "id": "243770172",
        "uid": "243770172"
      },
      "create_time": "2021-10-07 20:28:55",
      "reshares_count": 0,
      "type": "review",
      "id": "13909576",
      "subject": {
        "type": "movie",
        "title": "长津湖"
      }
    },
    {
      "rating": null,
      "useful_count": 0,
      "sharing_url": "https:\/\/movie.douban.com\/review\/13909575\/",
      "title": "长津湖感动点",
      "url": "https:\/\/movie.douban.com\/review\/13909575\/",
      "abstract": "178分钟的一部抗美援朝，从开始到结束都精彩无比。我记得很多类似战争片中间的大场面相对没有那么多，较多在讲前后左右，但是长津湖从我看来说应该有六分之四都是场面剧。我觉得最感动的就是在结尾出那一群趴雪地里被活活的...。中国人的不屈不挠真的是延续了上下五千年，明知山有虎，偏向虎山行。各种条约约束着我们，我们没有屈服，很庆幸生在中国。让你的敌人看的起你。",
      "uri": "douban:\/\/douban.com\/review\/13909575",
      "ad_info": null,
      "topic": null,
      "photos": [],
      "reactions_count": 1,
      "comments_count": 0,
      "user": {
        "kind": "user",
        "name": "木子土鱼",
        "url": "https:\/\/www.douban.com\/people\/78454519\/",
        "uri": "douban:\/\/douban.com\/user\/78454519",
        "avatar": "https://img2.doubanio.com\/icon\/up78454519-2.jpg",
        "is_club": false,
        "type": "user",
        "id": "78454519",
        "uid": "78454519"
      },
      "create_time": "2021-10-07 20:27:43",
      "reshares_count": 0,
      "type": "review",
      "id": "13909575",
      "subject": {
        "type": "movie",
        "title": "长津湖"
      }
    },
    {
      "rating": {
        "count": 1,
        "max": 5,
        "star_count": 5.0,
        "value": 5
      },
      "useful_count": 0,
      "sharing_url": "https:\/\/movie.douban.com\/review\/13909570\/",
      "title": "《长津湖》值得一看，再看！",
      "url": "https:\/\/movie.douban.com\/review\/13909570\/",
      "abstract": "总体评价：场面宏大，视觉和听觉的盛宴。故事题材：以朝鲜战争为背景，讲诉了中国人民志愿军为祖国的和平稳定，奔赴与中国接壤的朝鲜，在敌我装备悬殊，自然条件极其恶劣的条件下，把美国打回三八线的故事。《长津湖》从出品方、到编剧，导演，再到本片的主演，都是国内顶尖的。不愧是国内战争片的天花板。陈凯歌导演把人物性格特点描绘的鲜明，奠定了人物基调，更拍出了祖国的壮美河山。徐导和林导拍的战争动作场面非常真实，如身临其境。再说说各位主演，演技方面，吴京，胡军，段奕宏，李晨，...",
      "uri": "douban:\/\/douban.com\/review\/13909570",
      "ad_info": null,
      "topic": null,
      "photos": [],
      "reactions_count": 1,
      "comments_count": 0,
      "user": {
        "kind": "user",
        "name": "易心_易意",
        "url": "https:\/\/www.douban.com\/people\/221239873\/",
        "uri": "douban:\/\/douban.com\/user\/221239873",
        "avatar": "https://img2.doubanio.com\/icon\/up221239873-1.jpg",
        "is_club": false,
        "type": "user",
        "id": "221239873",
        "uid": "221239873"
      },
      "create_time": "2021-10-07 20:25:20",
      "reshares_count": 0,
      "type": "review",
      "id": "13909570",
      "subject": {
        "type": "movie",
        "title": "长津湖"
      }
    },
    {
      "rating": null,
      "useful_count": 2,
      "sharing_url": "https:\/\/movie.douban.com\/review\/13909505\/",
      "title": "一部电影整场下来全是重点的话，那感觉真的挺累的。",
      "url": "https:\/\/movie.douban.com\/review\/13909505\/",
      "abstract": "看下来惊心动魄一颗心一直吊着紧迫感十足，画面上场景真实 ，身临其境 。不过剧情上大战争小战役 ，让人感觉没有主次 一会从东线 ，一会从西线 ，穿插衔接生硬 。还有就是伍万里这个人物角色 ，能感觉导演是想描绘这个人从孩子成长为一个兵的过程 。很遗憾 ，没展现出来  。人物没有鲜明的特征 ，前面有他打水漂的镜头 ，暗示后面他扔手雷 ，技术不错 ，但就仅限于此 。其次我个人不是很能理解他哥以及余从戎和美军纠缠的时候，他拿枪想射击估计怕打不准没打，后面给了刀子，他哥让他刺美军 ，他不敢可以理解新兵...",
      "uri": "douban:\/\/douban.com\/review\/13909505",
      "ad_info": null,
      "topic": null,
      "photos": [],
      "reactions_count": 1,
      "comments_count": 0,
      "user": {
        "kind": "user",
        "name": "海绵饱饱",
        "url": "https:\/\/www.douban.com\/people\/237126315\/",
        "uri": "douban:\/\/douban.com\/user\/237126315",
        "avatar": "https://img2.doubanio.com\/icon\/up237126315-2.jpg",
        "is_club": false,
        "type": "user",
        "id": "237126315",
        "uid": "237126315"
      },
      "create_time": "2021-10-07 19:48:31",
      "reshares_count": 0,
      "type": "review",
      "id": "13909505",
      "subject": {
        "type": "movie",
        "title": "长津湖"
      }
    },
    {
      "rating": {
        "count": 1,
        "max": 5,
        "star_count": 3.0,
        "value": 3
      },
      "useful_count": 9,
      "sharing_url": "https:\/\/movie.douban.com\/review\/13909479\/",
      "title": "第一篇影评写给长津湖",
      "url": "https:\/\/movie.douban.com\/review\/13909479\/",
      "abstract": "刚看完回来。说实话有点失望。先说我觉得好的地方。爆破，轰炸，战火纷飞，以前的火车，铁轨，边境的荒野，雪山，喷射的星火和鲜血，断肢，残臂。鲜活且真实，战火无情，流弹无眼，画面对这些元素还原度之高，使我为之动容。张涵予气质和台词很好（啊哈哈哈发现他老演姓宋的）。胡军亚文老段发挥都挺稳当。说几个我比较不能理解的地方，或者说我觉得可以做到更好的地方。第一是毛岸英，“刘秘书”，死得过于草率且略蠢，为了一幅大比例战区地图就…那还不如直接写死于战乱轰炸之中。彭德怀与之的特殊关系...",
      "uri": "douban:\/\/douban.com\/review\/13909479",
      "ad_info": null,
      "topic": null,
      "photos": [],
      "reactions_count": 1,
      "comments_count": 4,
      "user": {
        "kind": "user",
        "name": "のぎ冰凝梦の",
        "url": "https:\/\/www.douban.com\/people\/5555896\/",
        "uri": "douban:\/\/douban.com\/user\/5555896",
        "avatar": "https://img2.doubanio.com\/icon\/up5555896-2.jpg",
        "is_club": false,
        "type": "user",
        "id": "5555896",
        "uid": "5555896"
      },
      "create_time": "2021-10-07 19:36:59",
      "reshares_count": 1,
      "type": "review",
      "id": "13909479",
      "subject": {
        "type": "movie",
        "title": "长津湖"
      }
    },
    {
      "rating": {
        "count": 1,
        "max": 5,
        "star_count": 4.0,
        "value": 4
      },
      "useful_count": 1,
      "sharing_url": "https:\/\/movie.douban.com\/review\/13909477\/",
      "title": "打四星 三分给电影 一分敬先烈和国庆",
      "url": "https:\/\/movie.douban.com\/review\/13909477\/",
      "abstract": "很多人都在赞不绝口 我也去看了一下 手痒还是写了三个部分的小影评 以下内容仅个人观点Part 1:长津湖现在被大力拍档推荐 跟战狼那个时候异曲同工 都是正好卡在对外政治紧张节口 国家也需要民众的情绪去做后盾算是一部成功融合三个导演的影视 毕竟大部分多个导演的结局都是一锅粥乱炖 谁都有谁也都没尽兴虽然在国庆档放出来很是让人动容 但确实只是个商业片 有些情节也过于生硬 剧情线一般 不可免俗 战争画面最让人经常冲击感 整体三大导演的画风也很明确 所有的画面感都非常棒！\/Part2:美国确实是那...",
      "uri": "douban:\/\/douban.com\/review\/13909477",
      "ad_info": null,
      "topic": null,
      "photos": [],
      "reactions_count": 1,
      "comments_count": 0,
      "user": {
        "kind": "user",
        "name": "jasmine",
        "url": "https:\/\/www.douban.com\/people\/198233196\/",
        "uri": "douban:\/\/douban.com\/user\/198233196",
        "avatar": "https://img2.doubanio.com\/icon\/up198233196-2.jpg",
        "is_club": false,
        "type": "user",
        "id": "198233196",
        "uid": "198233196"
      },
      "create_time": "2021-10-07 19:36:37",
      "reshares_count": 0,
      "type": "review",
      "id": "13909477",
      "subject": {
        "type": "movie",
        "title": "长津湖"
      }
    }
  ]
