﻿[
    {
      "rating": {
        "count": 1,
        "max": 5,
        "star_count": 5.0,
        "value": 5
      },
      "useful_count": 5,
      "sharing_url": "https:\/\/movie.douban.com\/review\/13909472\/",
      "title": "长津湖：伍万里从少年到战士的四段成长历程，唯有一处充满遗憾",
      "url": "https:\/\/movie.douban.com\/review\/13909472\/",
      "abstract": "不相信有完成不了的任务，不相信有克服不了的困难，不相信有战胜不了的敌人。长津湖的最后，短短几分钟的镜头给了欧豪饰演的杨根思，在整部电影中显得有些突兀，但却有着特殊意义的存在。71年前的抗美援朝战场上，杨根思和他所在的三连奉命秘密入朝，埋伏在小高岭负责切断敌人南逃的退路。零下四十度的恶劣天气，一口炒面一口雪，几天吃不到一口热食，最重要的是身上的薄棉衣无法取暖，还要面对武器精良的美军。就是在这样悬殊的对比中，杨根思和战友打退了美军的八次进攻，在只剩杨根思一人的时候，他抱着...",
      "uri": "douban:\/\/douban.com\/review\/13909472",
      "ad_info": null,
      "topic": null,
      "photos": [
        {
          "tag_name": "img_6563505",
          "id": "6563505",
          "image": {
            "large": {
              "url": "https://img9.doubanio.com\/view\/thing_review\/l\/public\/p6563505.jpg",
              "width": 600,
              "height": 400,
              "size": 0
            },
            "raw": null,
            "is_animated": false,
            "normal": {
              "url": "https://img9.doubanio.com\/view\/thing_review\/l\/public\/p6563505.jpg",
              "width": 600,
              "height": 400,
              "size": 0
            }
          },
          "description": ""
        },
        {
          "tag_name": "img_6563506",
          "id": "6563506",
          "image": {
            "large": {
              "url": "https://img9.doubanio.com\/view\/thing_review\/raw\/public\/p6563506.jpg",
              "width": 600,
              "height": 250,
              "size": 0
            },
            "raw": null,
            "is_animated": true,
            "normal": {
              "url": "https://img9.doubanio.com\/view\/thing_review\/l\/public\/p6563506.jpg",
              "width": 600,
              "height": 250,
              "size": 0
            }
          },
          "description": ""
        },
        {
          "tag_name": "img_6563507",
          "id": "6563507",
          "image": {
            "large": {
              "url": "https://img1.doubanio.com\/view\/thing_review\/l\/public\/p6563507.jpg",
              "width": 600,
              "height": 400,
              "size": 0
            },
            "raw": null,
            "is_animated": false,
            "normal": {
              "url": "https://img1.doubanio.com\/view\/thing_review\/l\/public\/p6563507.jpg",
              "width": 600,
              "height": 400,
              "size": 0
            }
          },
          "description": ""
        }
      ],
      "reactions_count": 1,
      "comments_count": 0,
      "user": {
        "kind": "user",
        "name": "文心谈书说影",
        "url": "https:\/\/www.douban.com\/people\/1134581\/",
        "uri": "douban:\/\/douban.com\/user\/1134581",
        "avatar": "https://img2.doubanio.com\/icon\/u1134581-1.jpg",
        "is_club": false,
        "type": "user",
        "id": "1134581",
        "uid": "1134581"
      },
      "create_time": "2021-10-07 19:34:31",
      "reshares_count": 0,
      "type": "review",
      "id": "13909472",
      "subject": {
        "type": "movie",
        "title": "长津湖"
      }
    },
    {
      "rating": null,
      "useful_count": 0,
      "sharing_url": "https:\/\/movie.douban.com\/review\/13909466\/",
      "title": "长津湖观后感",
      "url": "https:\/\/movie.douban.com\/review\/13909466\/",
      "abstract": "看这场电影时，我内心震撼；看完后心里五味杂陈开头美军飞机的轰炸着实让我心头一紧，再加上那逼真的音效，我对那些日出而作的百姓生命的消逝感到揪心，他们操劳一生还未享晚年却死在炸弹下，美军狠毒的品性十分让人厌恶随后，飞机不断出现，每一次出现，我们都有大量的人员伤亡，而我们却无有效的方法制止。如此绝望，零下三十多度的寒温，食物只有土豆，却仍未改变将士的决心我深深佩服我们的志愿军战士，他们知道九死一生却仍心如磐石，他们用血肉在朝鲜铸就长城，他们用生命撼卫祖国的安全，这部电影也...",
      "uri": "douban:\/\/douban.com\/review\/13909466",
      "ad_info": null,
      "topic": null,
      "photos": [],
      "reactions_count": 1,
      "comments_count": 0,
      "user": {
        "kind": "user",
        "name": "王season",
        "url": "https:\/\/www.douban.com\/people\/247606842\/",
        "uri": "douban:\/\/douban.com\/user\/247606842",
        "avatar": "https://img2.doubanio.com\/icon\/up247606842-3.jpg",
        "is_club": false,
        "type": "user",
        "id": "247606842",
        "uid": "W2103196873"
      },
      "create_time": "2021-10-07 19:31:43",
      "reshares_count": 0,
      "type": "review",
      "id": "13909466",
      "subject": {
        "type": "movie",
        "title": "长津湖"
      }
    },
    {
      "rating": null,
      "useful_count": 1,
      "sharing_url": "https:\/\/movie.douban.com\/review\/13909445\/",
      "title": "最后人家的军舰还没走远，一群步兵冲过去干嘛？",
      "url": "https:\/\/movie.douban.com\/review\/13909445\/",
      "abstract": "影片快结束的时候联合国军的军舰撤退了，一群志愿军的步兵兴奋的冲到了岸边，这不是送人头嘛，没见过战列舰舰炮的威力嘛，一轮齐射后估计要团灭了，战争片严谨一点更好。万里这小青年一出场看着非常杀马特，原来那个时候也流行过杀马特啊！总体来说值回票价了！希望能在美国和台湾地区上映。。。。。。。。。。。。。。，",
      "uri": "douban:\/\/douban.com\/review\/13909445",
      "ad_info": null,
      "topic": null,
      "photos": [],
      "reactions_count": 1,
      "comments_count": 3,
      "user": {
        "kind": "user",
        "name": "豆友Lenes",
        "url": "https:\/\/www.douban.com\/people\/248020593\/",
        "uri": "douban:\/\/douban.com\/user\/248020593",
        "avatar": "https://img2.doubanio.com\/icon\/up248020593-2.jpg",
        "is_club": false,
        "type": "user",
        "id": "248020593",
        "uid": "248020593"
      },
      "create_time": "2021-10-07 19:26:33",
      "reshares_count": 0,
      "type": "review",
      "id": "13909445",
      "subject": {
        "type": "movie",
        "title": "长津湖"
      }
    },
    {
      "rating": null,
      "useful_count": 0,
      "sharing_url": "https:\/\/movie.douban.com\/review\/13909441\/",
      "title": "长津湖观后感",
      "url": "https:\/\/movie.douban.com\/review\/13909441\/",
      "abstract": "当看到我们的志愿军取下肩章帽徽时，我们国家不愿意打仗，可这场仗我们不得不打当看到万里长城延绵不绝时候，万里长城抵御外敌，祖国大好河山我们要保卫她当看到以美国为首的17国联合军队对打到我们国家境内时，他们在试探我们的态度，看看新中国是否软弱可欺当听到伍千里对伍万里说伍百里说的，我们把仗打完了，不让你打。亲情当听到说这场仗我们不打，就是我们的下一代要打的时候，保家卫国的决心当看到我们的志愿军战士在冰天雪地只有一个土豆充饥的时候，美国的军人在吃大餐。如此艰苦的条件下我们...",
      "uri": "douban:\/\/douban.com\/review\/13909441",
      "ad_info": null,
      "topic": null,
      "photos": [],
      "reactions_count": 1,
      "comments_count": 0,
      "user": {
        "kind": "user",
        "name": "阿修罗",
        "url": "https:\/\/www.douban.com\/people\/233052675\/",
        "uri": "douban:\/\/douban.com\/user\/233052675",
        "avatar": "https://img2.doubanio.com\/icon\/up233052675-1.jpg",
        "is_club": false,
        "type": "user",
        "id": "233052675",
        "uid": "233052675"
      },
      "create_time": "2021-10-07 19:22:51",
      "reshares_count": 0,
      "type": "review",
      "id": "13909441",
      "subject": {
        "type": "movie",
        "title": "长津湖"
      }
    },
    {
      "rating": {
        "count": 1,
        "max": 5,
        "star_count": 5.0,
        "value": 5
      },
      "useful_count": 0,
      "sharing_url": "https:\/\/movie.douban.com\/review\/13909388\/",
      "title": "这部片子值得很多很多人看",
      "url": "https:\/\/movie.douban.com\/review\/13909388\/",
      "abstract": "        前段时间带泥泥看了《1950他们正年轻》，今天又带泥泥去看了《长津湖》，泥泥对我说：“妈妈，我印象最深刻的台词是'这一仗我们不打，下一代就要打。'。”        从影片开始我就忍不住眼含热泪，因为提到了七连，对士兵突击老粉来说，这是个非同一般的名称，我一直记得高城说的：“你懂七连吗?你知道七连多少次从尸山血海中爬起来抱着战友那个残缺的躯体，看着那支离破碎的连旗。那些个千军万马在喊胜利，在喊万岁。七连呢?七连没有胜利，他们只是埋好战友包上伤口，然后跟自己说我又活下来了，还得打...",
      "uri": "douban:\/\/douban.com\/review\/13909388",
      "ad_info": null,
      "topic": null,
      "photos": [],
      "reactions_count": 1,
      "comments_count": 0,
      "user": {
        "kind": "user",
        "name": "叶无忧",
        "url": "https:\/\/www.douban.com\/people\/160943388\/",
        "uri": "douban:\/\/douban.com\/user\/160943388",
        "avatar": "https://img2.doubanio.com\/icon\/up160943388-2.jpg",
        "is_club": false,
        "type": "user",
        "id": "160943388",
        "uid": "160943388"
      },
      "create_time": "2021-10-07 18:54:49",
      "reshares_count": 0,
      "type": "review",
      "id": "13909388",
      "subject": {
        "type": "movie",
        "title": "长津湖"
      }
    },
    {
      "rating": null,
      "useful_count": 2,
      "sharing_url": "https:\/\/movie.douban.com\/review\/13909286\/",
      "title": "《长津湖》的历史意义在于：全网都在热议抗美援朝和长津湖战役",
      "url": "https:\/\/movie.douban.com\/review\/13909286\/",
      "abstract": " 《长津湖》上映第8天，今天中午票房已突破了32亿，打破了中国影史国庆档影片票房纪录。按照目前趋势，最终票房有望达到56亿，乃至更高。对社会来说，《长津湖》票房高企还不算什么，更重要的是，目前全网全民都在谈论“朝鲜战争”\/“抗美援朝”，在谈论“长津湖战役”，乃至谈论中美关系。这种社会效应，可以称之为“《长津湖》效应”，其产生的正能量，不可估量，这才是至关重要的。《长津湖》用一己之力，带动了社会议题的转向，并掀起高潮。拍摄《长津湖》的初衷与效果，都达到了，这是一次胜利的决策，也...",
      "uri": "douban:\/\/douban.com\/review\/13909286",
      "ad_info": null,
      "topic": null,
      "photos": [
        {
          "tag_name": "img_6563256",
          "id": "6563256",
          "image": {
            "large": {
              "url": "https://img9.doubanio.com\/view\/thing_review\/l\/public\/p6563256.jpg",
              "width": 465,
              "height": 826,
              "size": 0
            },
            "raw": null,
            "is_animated": false,
            "normal": {
              "url": "https://img9.doubanio.com\/view\/thing_review\/l\/public\/p6563256.jpg",
              "width": 465,
              "height": 826,
              "size": 0
            }
          },
          "description": ""
        },
        {
          "tag_name": "img_6563255",
          "id": "6563255",
          "image": {
            "large": {
              "url": "https://img9.doubanio.com\/view\/thing_review\/l\/public\/p6563255.jpg",
              "width": 600,
              "height": 82,
              "size": 0
            },
            "raw": null,
            "is_animated": false,
            "normal": {
              "url": "https://img9.doubanio.com\/view\/thing_review\/l\/public\/p6563255.jpg",
              "width": 600,
              "height": 82,
              "size": 0
            }
          },
          "description": ""
        },
        {
          "tag_name": "img_6563258",
          "id": "6563258",
          "image": {
            "large": {
              "url": "https://img1.doubanio.com\/view\/thing_review\/l\/public\/p6563258.jpg",
              "width": 600,
              "height": 104,
              "size": 0
            },
            "raw": null,
            "is_animated": false,
            "normal": {
              "url": "https://img1.doubanio.com\/view\/thing_review\/l\/public\/p6563258.jpg",
              "width": 600,
              "height": 104,
              "size": 0
            }
          },
          "description": ""
        }
      ],
      "reactions_count": 1,
      "comments_count": 2,
      "user": {
        "kind": "user",
        "name": "邑人",
        "url": "https:\/\/www.douban.com\/people\/1022385\/",
        "uri": "douban:\/\/douban.com\/user\/1022385",
        "avatar": "https://img2.doubanio.com\/icon\/u1022385-1.jpg",
        "is_club": false,
        "type": "user",
        "id": "1022385",
        "uid": "shawtonli"
      },
      "create_time": "2021-10-07 17:45:08",
      "reshares_count": 0,
      "type": "review",
      "id": "13909286",
      "subject": {
        "type": "movie",
        "title": "长津湖"
      }
    },
    {
      "rating": {
        "count": 1,
        "max": 5,
        "star_count": 3.0,
        "value": 3
      },
      "useful_count": 4,
      "sharing_url": "https:\/\/movie.douban.com\/review\/13909262\/",
      "title": "战争能不能结束？",
      "url": "https:\/\/movie.douban.com\/review\/13909262\/",
      "abstract": "不同意我的观点也不必让我知道，不欢迎任何回复看这个电影之前，我接受了一个观点，大概是这个意思：如果你不认同某种做事的方式，那你就不要用同样的方式来对抗它，要不然这个方式会传播得越来越广泛。比如你不接受别人对你外貌羞辱，那你就不要用外貌羞辱来回击，要不然依然无法改变对方的观点：长得丑就该被歧视。但是看这个电影的时候我就在想，这个道理还适用吗？面对帝国主义的侵略战争，我们不用战斗来反击，该如何自卫呢？后来和朋友交流后，我咂摸出一点味道：我们的战斗是正当防卫，是理所应当的...",
      "uri": "douban:\/\/douban.com\/review\/13909262",
      "ad_info": null,
      "topic": null,
      "photos": [],
      "reactions_count": 1,
      "comments_count": 1,
      "user": {
        "kind": "user",
        "name": "mica",
        "url": "https:\/\/www.douban.com\/people\/235752476\/",
        "uri": "douban:\/\/douban.com\/user\/235752476",
        "avatar": "https://img2.doubanio.com\/icon\/up235752476-2.jpg",
        "is_club": false,
        "type": "user",
        "id": "235752476",
        "uid": "micapopstar"
      },
      "create_time": "2021-10-07 17:33:55",
      "reshares_count": 0,
      "type": "review",
      "id": "13909262",
      "subject": {
        "type": "movie",
        "title": "长津湖"
      }
    },
    {
      "rating": {
        "count": 1,
        "max": 5,
        "star_count": 5.0,
        "value": 5
      },
      "useful_count": 0,
      "sharing_url": "https:\/\/movie.douban.com\/review\/13909247\/",
      "title": "必看！",
      "url": "https:\/\/movie.douban.com\/review\/13909247\/",
      "abstract": "场面比较宏大，特效也比较好，战争场面此起彼伏，作为商业电影，非常值得看。如果没看电影，后面在电视上也很有必要看。当然，给满分其实很牵强。1、影片情节有些衔接不好的地方。过度牵强；2、这种场面的战争片，安排一两个不死的英雄，不太合适。主角光环加持下没有牺牲，也不符合实际。实际战争中，基层指战员冲锋在前，伤亡是很高的；3、要叙述的分支太多，铺垫不足。杨根思烈士的牺牲，前后就没有什么铺垫。不了解这个事情的人，估计是看不明白的；",
      "uri": "douban:\/\/douban.com\/review\/13909247",
      "ad_info": null,
      "topic": null,
      "photos": [],
      "reactions_count": 1,
      "comments_count": 2,
      "user": {
        "kind": "user",
        "name": "moonzhou",
        "url": "https:\/\/www.douban.com\/people\/207513541\/",
        "uri": "douban:\/\/douban.com\/user\/207513541",
        "avatar": "https://img2.doubanio.com\/icon\/up207513541-1.jpg",
        "is_club": false,
        "type": "user",
        "id": "207513541",
        "uid": "207513541"
      },
      "create_time": "2021-10-07 17:24:15",
      "reshares_count": 0,
      "type": "review",
      "id": "13909247",
      "subject": {
        "type": "movie",
        "title": "长津湖"
      }
    },
    {
      "rating": {
        "count": 1,
        "max": 5,
        "star_count": 3.0,
        "value": 3
      },
      "useful_count": 12,
      "sharing_url": "https:\/\/movie.douban.com\/review\/13909236\/",
      "title": "说点不足",
      "url": "https:\/\/movie.douban.com\/review\/13909236\/",
      "abstract": "虽然好评如潮，虽然有官方助阵，但我还是没有看出好来。影片讲的是抗美援朝期间东线的一场全歼联合国军王牌部队的战役。电影从美军的集结和狂妄开场，接着展现国内高层作出出兵迎战的决策，然后以一个连队中的兄弟兵为主线，从走出国门到遭遇战，从护送电台到长津湖战役的战斗历程。影片中的战斗场景恢宏大气，幽默桥段也层出。但是，也只是比爆米花电影好点，没有看出电影的深刻和艺术（当然，我对电影的认知还处在低级阶段，可能有、我却没有感受出来）。所有的战争电影都有着反战的宣传，通过战争的残...",
      "uri": "douban:\/\/douban.com\/review\/13909236",
      "ad_info": null,
      "topic": null,
      "photos": [],
      "reactions_count": 1,
      "comments_count": 2,
      "user": {
        "kind": "user",
        "name": "三叶刀",
        "url": "https:\/\/www.douban.com\/people\/61512000\/",
        "uri": "douban:\/\/douban.com\/user\/61512000",
        "avatar": "https://img2.doubanio.com\/icon\/user_large.jpg",
        "is_club": false,
        "type": "user",
        "id": "61512000",
        "uid": "61512000"
      },
      "create_time": "2021-10-07 17:17:58",
      "reshares_count": 0,
      "type": "review",
      "id": "13909236",
      "subject": {
        "type": "movie",
        "title": "长津湖"
      }
    },
    {
      "rating": null,
      "useful_count": 2,
      "sharing_url": "https:\/\/movie.douban.com\/review\/13909132\/",
      "title": "《长津湖》",
      "url": "https:\/\/movie.douban.com\/review\/13909132\/",
      "abstract": "没有想要写影评，但是被这个电影属实震撼到了。我不是所谓专业影评人，也不懂电影的角度等，只单单想说，以前读书也好，听一些故事也好，总会说几句话：真不容易、真苦啊、太残忍了等！然而这个电影，让我这样一个没有经历过残酷年代的当代年轻人，第一次真正感受到了所谓爷爷辈口中的当代社会来之不易。以至于看完后感悟油然而出，无需再去琢磨句子是否够美：死是多么轻而易举的事情，活着才重要。因为这是上一辈再上一辈的人用命拼来的。",
      "uri": "douban:\/\/douban.com\/review\/13909132",
      "ad_info": null,
      "topic": null,
      "photos": [
        {
          "tag_name": "img_6563039",
          "id": "6563039",
          "image": {
            "large": {
              "url": "https://img1.doubanio.com\/view\/thing_review\/l\/public\/p6563039.jpg",
              "width": 600,
              "height": 399,
              "size": 0
            },
            "raw": null,
            "is_animated": false,
            "normal": {
              "url": "https://img1.doubanio.com\/view\/thing_review\/l\/public\/p6563039.jpg",
              "width": 600,
              "height": 399,
              "size": 0
            }
          },
          "description": ""
        }
      ],
      "reactions_count": 1,
      "comments_count": 0,
      "user": {
        "kind": "user",
        "name": "点点巫",
        "url": "https:\/\/www.douban.com\/people\/209288938\/",
        "uri": "douban:\/\/douban.com\/user\/209288938",
        "avatar": "https://img1.doubanio.com\/icon\/up209288938-7.jpg",
        "is_club": false,
        "type": "user",
        "id": "209288938",
        "uid": "209288938"
      },
      "create_time": "2021-10-07 16:12:56",
      "reshares_count": 0,
      "type": "review",
      "id": "13909132",
      "subject": {
        "type": "movie",
        "title": "长津湖"
      }
    },
    {
      "rating": {
        "count": 1,
        "max": 5,
        "star_count": 4.0,
        "value": 4
      },
      "useful_count": 0,
      "sharing_url": "https:\/\/movie.douban.com\/review\/13908971\/",
      "title": "伟大的中国人民志愿军万岁！",
      "url": "https:\/\/movie.douban.com\/review\/13908971\/",
      "abstract": "《长津湖》这部电影一开拍，就决定一定要去看。导演阵容、编剧阵容、演员阵容都让人期待，当然最期待的还是题材。作为抗美援朝战士的后代，心里多少觉得有些遗憾，遗憾抗美援朝题材的影视剧来晚了，没能让爷爷和那些战士生前看看他们的英勇事迹。我们没有忘记他们，祖国没有忘记他们。爷爷生前从不多开口和我们讲他的抗美援朝。我印象中唯一一次寥寥几句他的班长，为了让战友活下来，独自吸引敌人的火力，最后牺牲。他们在战场上浴血奋战，有幸活下来也从不邀功。爷爷总说，比起战友，他们活着已经很幸运了。我...",
      "uri": "douban:\/\/douban.com\/review\/13908971",
      "ad_info": null,
      "topic": null,
      "photos": [],
      "reactions_count": 1,
      "comments_count": 0,
      "user": {
        "kind": "user",
        "name": "洋葱头大了",
        "url": "https:\/\/www.douban.com\/people\/132613429\/",
        "uri": "douban:\/\/douban.com\/user\/132613429",
        "avatar": "https://img2.doubanio.com\/icon\/up132613429-3.jpg",
        "is_club": false,
        "type": "user",
        "id": "132613429",
        "uid": "132613429"
      },
      "create_time": "2021-10-07 14:42:44",
      "reshares_count": 0,
      "type": "review",
      "id": "13908971",
      "subject": {
        "type": "movie",
        "title": "长津湖"
      }
    },
    {
      "rating": {
        "count": 1,
        "max": 5,
        "star_count": 4.0,
        "value": 4
      },
      "useful_count": 3,
      "sharing_url": "https:\/\/movie.douban.com\/review\/13907884\/",
      "title": "从历史背景浅谈《长津湖》",
      "url": "https:\/\/movie.douban.com\/review\/13907884\/",
      "abstract": "雄赳赳，气昂昂，跨过鸭绿江；保和平，卫祖国，就是保家乡；中国好儿女，齐心团结聚，抗美援朝；打败美帝野心狼，雄赳赳，气昂昂。                       ——《中国人民志愿者军歌》国内背景1937.7.7 卢沟桥事变，中日战争全面爆发1941.12.7 日本发动太平洋战争（对方曾参与过太平洋战役）1949.8.15日本宣布无条件投降1949.10.1中华人民共和国成立，标志中国民主主义革命胜利，社会主义革命的开始。1949.3中共七届二中全会 外交政策“打扫干净屋子再请客”，“一边倒”政策195010.7美军轰...",
      "uri": "douban:\/\/douban.com\/review\/13907884",
      "ad_info": null,
      "topic": null,
      "photos": [],
      "reactions_count": 1,
      "comments_count": 0,
      "user": {
        "kind": "user",
        "name": "C'est la vie.",
        "url": "https:\/\/www.douban.com\/people\/196625465\/",
        "uri": "douban:\/\/douban.com\/user\/196625465",
        "avatar": "https://img1.doubanio.com\/icon\/up196625465-8.jpg",
        "is_club": false,
        "type": "user",
        "id": "196625465",
        "uid": "196625465"
      },
      "create_time": "2021-10-06 22:23:25",
      "reshares_count": 0,
      "type": "review",
      "id": "13907884",
      "subject": {
        "type": "movie",
        "title": "长津湖"
      }
    },
    {
      "rating": null,
      "useful_count": 2,
      "sharing_url": "https:\/\/movie.douban.com\/review\/13907802\/",
      "title": "长津湖 ——他们是最可爱的人",
      "url": "https:\/\/movie.douban.com\/review\/13907802\/",
      "abstract": "讲述志愿军从山东到长津湖的抗美援朝战争过程，电影中的细节很到位，详略得当。对于高层领导人没有过多陈述，主体凸显人民英雄的勇敢无畏。个人认为电影是以新兵伍万里的视角，讲述志愿军战士们的爱国主义情怀和牺牲精神对他产生心灵的震撼。它的情节跌宕起伏，在残酷的战争中穿插战友间的情谊以及亲情，让电影富有温情，同时也表现出战争对人民的极大摧残。特别是看到“雷爸”毫不犹豫运带走信号弹时，已经知道他对死亡毫不畏惧，在看到伍千里翻开写满战士名字的本子时，眼眶一下湿润了，终于真正明白了战士...",
      "uri": "douban:\/\/douban.com\/review\/13907802",
      "ad_info": null,
      "topic": null,
      "photos": [],
      "reactions_count": 1,
      "comments_count": 0,
      "user": {
        "kind": "user",
        "name": "豆友kOW9-_sujs",
        "url": "https:\/\/www.douban.com\/people\/247961427\/",
        "uri": "douban:\/\/douban.com\/user\/247961427",
        "avatar": "https://img2.doubanio.com\/icon\/up247961427-1.jpg",
        "is_club": false,
        "type": "user",
        "id": "247961427",
        "uid": "247961427"
      },
      "create_time": "2021-10-06 21:54:53",
      "reshares_count": 0,
      "type": "review",
      "id": "13907802",
      "subject": {
        "type": "movie",
        "title": "长津湖"
      }
    },
    {
      "rating": null,
      "useful_count": 1,
      "sharing_url": "https:\/\/movie.douban.com\/review\/13907801\/",
      "title": "长津湖感想 ：适合孩子看吗",
      "url": "https:\/\/movie.douban.com\/review\/13907801\/",
      "abstract": "⭐️从开篇打仗开始，我的鸡皮疙瘩就没停下来过，很震撼，也很悲凉，长津湖把人们口口传讲的战争残酷具像化了，眼泪打转了很多次，但看到雷爹的牺牲，眼泪崩盘，尽管开始就预感到了，却还是没绷住，致敬最可爱的人们！！☹️表达一点难受吧，片场很多小孩子，或许是年龄的问题，孩子看到的战争是片面的，我一度听到孩子在欢呼呐喊：冲冲冲！打打打！赶紧上啊！这类话语，当时内心一片冰凉，长津湖给予现代人的意义是让现代人知道抗美援朝的意义，铭记历史，铭记先烈精神，为中华之崛起而奋斗！而不仅仅...",
      "uri": "douban:\/\/douban.com\/review\/13907801",
      "ad_info": null,
      "topic": null,
      "photos": [],
      "reactions_count": 1,
      "comments_count": 26,
      "user": {
        "kind": "user",
        "name": "盛夏烟火",
        "url": "https:\/\/www.douban.com\/people\/216519149\/",
        "uri": "douban:\/\/douban.com\/user\/216519149",
        "avatar": "https://img2.doubanio.com\/icon\/up216519149-2.jpg",
        "is_club": false,
        "type": "user",
        "id": "216519149",
        "uid": "216519149"
      },
      "create_time": "2021-10-06 21:53:42",
      "reshares_count": 0,
      "type": "review",
      "id": "13907801",
      "subject": {
        "type": "movie",
        "title": "长津湖"
      }
    },
    {
      "rating": {
        "count": 1,
        "max": 5,
        "star_count": 5.0,
        "value": 5
      },
      "useful_count": 3,
      "sharing_url": "https:\/\/movie.douban.com\/review\/13907788\/",
      "title": "国庆观影《长津湖》，再现老单位荣耀战史，吃水不忘挖井人！",
      "url": "https:\/\/movie.douban.com\/review\/13907788\/",
      "abstract": "大家好，“丁与卯”如期相约。10月1日，建国72周年大庆，大海观看了一度推迟上映的《长津湖》，重温老单位（原27军80师）那场扬名海内外的长津湖之战！长津湖之战，创造了我军在抗美援朝战争中全歼美军一个整建制团（“北极熊团”）的辉煌纪录，并成功击毙其团长。作为时任第9兵团27军长津湖战役的主力，老前辈们缴获了北极熊团旗，至今珍藏在师史馆，原件被军博收藏，足见其彪炳史册的卓越战绩。在原80师的延续部队中，至今有一个连队仍然保留着“新兴里战斗模范连”荣誉战旗，这面旗帜入选了庆祝建国70...",
      "uri": "douban:\/\/douban.com\/review\/13907788",
      "ad_info": null,
      "topic": null,
      "photos": [
        {
          "tag_name": "img_6560588",
          "id": "6560588",
          "image": {
            "large": {
              "url": "https://img1.doubanio.com\/view\/thing_review\/l\/public\/p6560588.jpg",
              "width": 600,
              "height": 450,
              "size": 0
            },
            "raw": null,
            "is_animated": false,
            "normal": {
              "url": "https://img1.doubanio.com\/view\/thing_review\/l\/public\/p6560588.jpg",
              "width": 600,
              "height": 450,
              "size": 0
            }
          },
          "description": "冰雕连"
        },
        {
          "tag_name": "img_6560587",
          "id": "6560587",
          "image": {
            "large": {
              "url": "https://img1.doubanio.com\/view\/thing_review\/l\/public\/p6560587.jpg",
              "width": 600,
              "height": 450,
              "size": 0
            },
            "raw": null,
            "is_animated": false,
            "normal": {
              "url": "https://img1.doubanio.com\/view\/thing_review\/l\/public\/p6560587.jpg",
              "width": 600,
              "height": 450,
              "size": 0
            }
          },
          "description": "北极熊团旗"
        }
      ],
      "reactions_count": 1,
      "comments_count": 4,
      "user": {
        "kind": "user",
        "name": "丁与卯",
        "url": "https:\/\/www.douban.com\/people\/234073845\/",
        "uri": "douban:\/\/douban.com\/user\/234073845",
        "avatar": "https://img2.doubanio.com\/icon\/up234073845-1.jpg",
        "is_club": false,
        "type": "user",
        "id": "234073845",
        "uid": "234073845"
      },
      "create_time": "2021-10-06 21:49:11",
      "reshares_count": 0,
      "type": "review",
      "id": "13907788",
      "subject": {
        "type": "movie",
        "title": "长津湖"
      }
    },
    {
      "rating": {
        "count": 1,
        "max": 5,
        "star_count": 4.0,
        "value": 4
      },
      "useful_count": 0,
      "sharing_url": "https:\/\/movie.douban.com\/review\/13907767\/",
      "title": "长津湖观后一感",
      "url": "https:\/\/movie.douban.com\/review\/13907767\/",
      "abstract": "国庆档电影，总体来看，还是很不错的。[长津湖]三位大导演合篇巨制，主要负责打斗场面和战争戏的徐克导演和林超贤，质感毋庸置疑，陈凯歌导演可能主要负责文字之类，也非常感人至深。主题主要为爱国家国情怀，最喜欢胡军饰演的“雷公”角色，角色饱满且立体，伴随着壮烈牺牲，沂蒙小调缓缓侵入耳中，不由潸然泪下。当然，电影也有一些不好的地方（我感觉而已）。火车去往战场路上的北国风光，画面感缺乏真实感，不过正也是反衬出战斗惨烈；再就是主线脉络好像不太严谨ba，剧中很多细节，展现度缺乏，有时候...",
      "uri": "douban:\/\/douban.com\/review\/13907767",
      "ad_info": null,
      "topic": null,
      "photos": [],
      "reactions_count": 1,
      "comments_count": 7,
      "user": {
        "kind": "user",
        "name": "父亲，对不起。",
        "url": "https:\/\/www.douban.com\/people\/187482972\/",
        "uri": "douban:\/\/douban.com\/user\/187482972",
        "avatar": "https://img2.doubanio.com\/icon\/up187482972-2.jpg",
        "is_club": false,
        "type": "user",
        "id": "187482972",
        "uid": "187482972"
      },
      "create_time": "2021-10-06 21:39:27",
      "reshares_count": 0,
      "type": "review",
      "id": "13907767",
      "subject": {
        "type": "movie",
        "title": "长津湖"
      }
    },
    {
      "rating": null,
      "useful_count": 0,
      "sharing_url": "https:\/\/movie.douban.com\/review\/13907607\/",
      "title": "我眼中的长津湖",
      "url": "https:\/\/movie.douban.com\/review\/13907607\/",
      "abstract": "我爷爷也是一名抗美援朝老战士他在上世纪二十年代出生是真正生在红旗下 长在春风里的人他在参加战争中炸伤了腿没少听长辈讲起过他的英雄事迹他就是在二十多岁的年纪 毅然加入抗美援朝志愿军剧中万里无知者无畏：“我要跟你打仗去”第一次面对死亡：“张**死了”看到雷爹被雷炸满脸烧伤：“你要让你的敌人瞧得起你 那才是硬气”没有打不死的英雄 只有军人们的无上荣耀战争从不是简单而轻易的短短三个小时要诉说完这群可爱的人跨过鸭绿江 将敌人阻挡在长津湖 只是太短了我看的那场电影也有...",
      "uri": "douban:\/\/douban.com\/review\/13907607",
      "ad_info": null,
      "topic": null,
      "photos": [
        {
          "tag_name": "img_6560337",
          "id": "6560337",
          "image": {
            "large": {
              "url": "https://img1.doubanio.com\/view\/thing_review\/l\/public\/p6560337.jpg",
              "width": 600,
              "height": 450,
              "size": 0
            },
            "raw": null,
            "is_animated": false,
            "normal": {
              "url": "https://img1.doubanio.com\/view\/thing_review\/l\/public\/p6560337.jpg",
              "width": 600,
              "height": 450,
              "size": 0
            }
          },
          "description": ""
        },
        {
          "tag_name": "img_6560335",
          "id": "6560335",
          "image": {
            "large": {
              "url": "https://img9.doubanio.com\/view\/thing_review\/l\/public\/p6560335.jpg",
              "width": 600,
              "height": 530,
              "size": 0
            },
            "raw": null,
            "is_animated": false,
            "normal": {
              "url": "https://img9.doubanio.com\/view\/thing_review\/l\/public\/p6560335.jpg",
              "width": 600,
              "height": 530,
              "size": 0
            }
          },
          "description": ""
        },
        {
          "tag_name": "img_6560336",
          "id": "6560336",
          "image": {
            "large": {
              "url": "https://img9.doubanio.com\/view\/thing_review\/l\/public\/p6560336.jpg",
              "width": 600,
              "height": 450,
              "size": 0
            },
            "raw": null,
            "is_animated": false,
            "normal": {
              "url": "https://img9.doubanio.com\/view\/thing_review\/l\/public\/p6560336.jpg",
              "width": 600,
              "height": 450,
              "size": 0
            }
          },
          "description": ""
        }
      ],
      "reactions_count": 1,
      "comments_count": 4,
      "user": {
        "kind": "user",
        "name": "诸如易万皆玺",
        "url": "https:\/\/www.douban.com\/people\/245881093\/",
        "uri": "douban:\/\/douban.com\/user\/245881093",
        "avatar": "https://img9.doubanio.com\/icon\/up245881093-4.jpg",
        "is_club": false,
        "type": "user",
        "id": "245881093",
        "uid": "245881093"
      },
      "create_time": "2021-10-06 20:30:45",
      "reshares_count": 0,
      "type": "review",
      "id": "13907607",
      "subject": {
        "type": "movie",
        "title": "长津湖"
      }
    },
    {
      "rating": null,
      "useful_count": 1,
      "sharing_url": "https:\/\/movie.douban.com\/review\/13907546\/",
      "title": "思 历史的荣耀",
      "url": "https:\/\/movie.douban.com\/review\/13907546\/",
      "abstract": "电影银屏对整个长津湖战役的放大与延长，让我明白了当年“抗美援朝战争的胜利打破了美军不可战胜的神话”这样赤裸裸的教科书背诵内容背后的意义。不多的情感渲染，有耐力的战争铺陈，不深挖细节的合理与否，不诟病情节是否完美，只想对这部电影致以崇高的敬意，毕竟不是所有战争片都要猛催泪才能引人深思。好的战争片能引起历史的沉重感，点燃国人的民族情绪，唤醒我们对美好和平岁月的珍惜，就足矣。",
      "uri": "douban:\/\/douban.com\/review\/13907546",
      "ad_info": null,
      "topic": null,
      "photos": [],
      "reactions_count": 1,
      "comments_count": 0,
      "user": {
        "kind": "user",
        "name": "豆友189333782",
        "url": "https:\/\/www.douban.com\/people\/189333782\/",
        "uri": "douban:\/\/douban.com\/user\/189333782",
        "avatar": "https://img2.doubanio.com\/icon\/up189333782-1.jpg",
        "is_club": false,
        "type": "user",
        "id": "189333782",
        "uid": "189333782"
      },
      "create_time": "2021-10-06 20:02:47",
      "reshares_count": 1,
      "type": "review",
      "id": "13907546",
      "subject": {
        "type": "movie",
        "title": "长津湖"
      }
    },
    {
      "rating": {
        "count": 1,
        "max": 5,
        "star_count": 5.0,
        "value": 5
      },
      "useful_count": 1,
      "sharing_url": "https:\/\/movie.douban.com\/review\/13907530\/",
      "title": "伟大的中国人民志愿军烈士永垂不朽",
      "url": "https:\/\/movie.douban.com\/review\/13907530\/",
      "abstract": "差不多哭完了全程。火车上七连的战士一个接一个说出自己的名字、打开车厢入目便是新中国的朝阳、在美军庆祝圣诞的另一边是志愿军在满天风雪里满身冰碴子啃着从怀里掏出的冻土豆、雷爹开车移走标记弹、前面的人倒下立马有人补上他的位置继续冲锋……雷爹将标记弹用车运走那段，影厅里四面都是抽泣的声音，我朋友问我，“这个弹会爆炸吗？”，我当时已经哭得开始打嗝，我断断续续地告诉她，“不是，那个是，是标记的，他运走了，美国的炮，全往，全往他那打”。三个多小时的电影放在如今普遍一、二个小时的电...",
      "uri": "douban:\/\/douban.com\/review\/13907530",
      "ad_info": null,
      "topic": null,
      "photos": [],
      "reactions_count": 1,
      "comments_count": 2,
      "user": {
        "kind": "user",
        "name": "十六夜",
        "url": "https:\/\/www.douban.com\/people\/203458496\/",
        "uri": "douban:\/\/douban.com\/user\/203458496",
        "avatar": "https://img2.doubanio.com\/icon\/up203458496-3.jpg",
        "is_club": false,
        "type": "user",
        "id": "203458496",
        "uid": "203458496"
      },
      "create_time": "2021-10-06 19:51:24",
      "reshares_count": 0,
      "type": "review",
      "id": "13907530",
      "subject": {
        "type": "movie",
        "title": "长津湖"
      }
    },
    {
      "rating": null,
      "useful_count": 1,
      "sharing_url": "https:\/\/movie.douban.com\/review\/13907513\/",
      "title": "一点点碎碎念",
      "url": "https:\/\/movie.douban.com\/review\/13907513\/",
      "abstract": "        三个小时的时长，我看过的第二长电影，说实话有一点点坐不住。        三个导演，很明显战争戏份血肉模糊那部分是林超贤拍的，血肉横飞不太适合小孩看，我看的那场有小孩被吓哭了，个人觉得战争场面是拍的最好的，也可能是文戏部分比较少。      内容来说，用一部电影来讲一场电影还是太勉强了，开头背景介绍那里有一点拖沓，真正的长津湖战役只讲了一个小时左右，冰雕连我以为会穿插在战争戏份里（就是我以为会写七连有部分人被冻死），结果只是在美军撤离路上看见了，结尾也是匆匆结束，有点虎头蛇...",
      "uri": "douban:\/\/douban.com\/review\/13907513",
      "ad_info": null,
      "topic": null,
      "photos": [],
      "reactions_count": 1,
      "comments_count": 2,
      "user": {
        "kind": "user",
        "name": "你们在说什么啊",
        "url": "https:\/\/www.douban.com\/people\/158370824\/",
        "uri": "douban:\/\/douban.com\/user\/158370824",
        "avatar": "https://img2.doubanio.com\/icon\/up158370824-2.jpg",
        "is_club": false,
        "type": "user",
        "id": "158370824",
        "uid": "158370824"
      },
      "create_time": "2021-10-06 19:38:44",
      "reshares_count": 0,
      "type": "review",
      "id": "13907513",
      "subject": {
        "type": "movie",
        "title": "长津湖"
      }
    }
  ]
