﻿[
    {
      "rating": null,
      "useful_count": 1,
      "sharing_url": "https:\/\/movie.douban.com\/review\/13917076\/",
      "title": "长津湖：打卡成功",
      "url": "https:\/\/movie.douban.com\/review\/13917076\/",
      "abstract": "看了这部最近当红大片。影片优缺十分显著，甚至在最后影片混乱的剪辑风格和一些大的打斗场面都出现了视觉审美疲劳。在我看来的缺点，包括但不限于影片开头的风景拍摄让我以为是特效，就莫名的不真实。之后再到毛岸英的过于戏剧化死亡根本无法共情。近身搏斗场面是比较混乱的但可以理解。最最最重要的问题是：影片的节奏，是怎么回事？故事背景一小时的刻画内容过长了，而且之后的冰雕团哪怕多一点镜头都比一小时冗长的背景铺垫好的多。甚至我以为打仗都要没有篇幅描写。最后胡军扮演的角色牺牲后我以为影片都要...",
      "uri": "douban:\/\/douban.com\/review\/13917076",
      "ad_info": null,
      "topic": null,
      "photos": [],
      "reactions_count": 1,
      "comments_count": 0,
      "user": {
        "kind": "user",
        "name": "吴定然",
        "url": "https:\/\/www.douban.com\/people\/153119487\/",
        "uri": "douban:\/\/douban.com\/user\/153119487",
        "avatar": "https://img9.doubanio.com\/icon\/up153119487-4.jpg",
        "is_club": false,
        "type": "user",
        "id": "153119487",
        "uid": "153119487"
      },
      "create_time": "2021-10-11 15:11:30",
      "reshares_count": 0,
      "type": "review",
      "id": "13917076",
      "subject": {
        "type": "movie",
        "title": "长津湖"
      }
    },
    {
      "rating": {
        "count": 1,
        "max": 5,
        "star_count": 4.0,
        "value": 4
      },
      "useful_count": 3,
      "sharing_url": "https:\/\/movie.douban.com\/review\/13917056\/",
      "title": "一腔热血破寒冰，初醒卧龙斗雄鹰",
      "url": "https:\/\/movie.douban.com\/review\/13917056\/",
      "abstract": "正逢国庆假期与朋友相约看了这部电影《长津湖》，看完最直观的感受就是震撼、感动与敬佩。正想写影评的时候，却看到很多人说这是烂片，拍的对不起牺牲的那四万多的志愿军，我对电影的情节布局、拍摄手法没有涉猎，不敢贸然去争个好片烂片的结论，也对这段历史缺少专业的认识，但我想说这电影起码让观影者感动、让老兵感怀、让年少者感知，用直观的方式呈现这场战争的残酷，提醒大家铭记历史，敬佩“最可爱的人”，足够了。这部电影引起我对这段历史的好奇，于是找来了《血战长津湖》这本纪实书来看，结合书也对...",
      "uri": "douban:\/\/douban.com\/review\/13917056",
      "ad_info": null,
      "topic": null,
      "photos": [],
      "reactions_count": 1,
      "comments_count": 0,
      "user": {
        "kind": "user",
        "name": "鱼跃",
        "url": "https:\/\/www.douban.com\/people\/245879854\/",
        "uri": "douban:\/\/douban.com\/user\/245879854",
        "avatar": "https://img2.doubanio.com\/icon\/up245879854-1.jpg",
        "is_club": false,
        "type": "user",
        "id": "245879854",
        "uid": "245879854"
      },
      "create_time": "2021-10-07 00:44:58",
      "reshares_count": 0,
      "type": "review",
      "id": "13917056",
      "subject": {
        "type": "movie",
        "title": "长津湖"
      }
    },
    {
      "rating": null,
      "useful_count": 0,
      "sharing_url": "https:\/\/movie.douban.com\/review\/13917019\/",
      "title": "长津湖",
      "url": "https:\/\/movie.douban.com\/review\/13917019\/",
      "abstract": "以前知抗美援朝，却不深知抗美援朝，虽说电影终究是电影，仍旧感到深深震撼！历史比电影却还要残酷千倍万倍！新中国虽已成立，国家正是百废待兴，然而深受战争之苦难掩疲态给了敌人蔑视中国的底气，完全不把中国放在眼里，不断的挑衅中国！一句打得一拳开，防得百拳来，刚刚归家的战士再次踏上征途！没有人不被电影里的画面深深刺痛，战士们只有冰冷的土豆勉强充饥，极寒天气下连御寒的衣物都没有，我们却因电影院空调打的低而怨声载道。一个连打的仅剩一人依然毫不犹豫扛起炸药包冲到敌方阵营，为守阵地活活冻...",
      "uri": "douban:\/\/douban.com\/review\/13917019",
      "ad_info": null,
      "topic": null,
      "photos": [
        {
          "tag_name": "img_6576738",
          "id": "6576738",
          "image": {
            "large": {
              "url": "https://img1.doubanio.com\/view\/thing_review\/l\/public\/p6576738.jpg",
              "width": 600,
              "height": 840,
              "size": 0
            },
            "raw": null,
            "is_animated": false,
            "normal": {
              "url": "https://img1.doubanio.com\/view\/thing_review\/l\/public\/p6576738.jpg",
              "width": 600,
              "height": 840,
              "size": 0
            }
          },
          "description": ""
        }
      ],
      "reactions_count": 1,
      "comments_count": 0,
      "user": {
        "kind": "user",
        "name": "不改名字的奇奇",
        "url": "https:\/\/www.douban.com\/people\/208488778\/",
        "uri": "douban:\/\/douban.com\/user\/208488778",
        "avatar": "https://img2.doubanio.com\/icon\/up208488778-2.jpg",
        "is_club": false,
        "type": "user",
        "id": "208488778",
        "uid": "208488778"
      },
      "create_time": "2021-10-11 14:31:40",
      "reshares_count": 0,
      "type": "review",
      "id": "13917019",
      "subject": {
        "type": "movie",
        "title": "长津湖"
      }
    },
    {
      "rating": {
        "count": 1,
        "max": 5,
        "star_count": 3.0,
        "value": 3
      },
      "useful_count": 8,
      "sharing_url": "https:\/\/movie.douban.com\/review\/13917001\/",
      "title": "一部好的教育片，但不是一部好的战争片",
      "url": "https:\/\/movie.douban.com\/review\/13917001\/",
      "abstract": "叙事很宏大，但是感觉对战争的描述还不够，情绪渲染的比较足，应该算一部很适合在电影院观看的电影，但是情节经不住咂摸。其中有一些也不是很符合逻辑，不够完整，比如段奕宏的不死的英雄，似乎没有体现，伍万里的成长也不够完整，不仅最后的大反攻，在战争的描述中，似乎看不到万里的作用，万里的角色应该是一个野性少年逐渐觉醒和成长为一名战士的故事脉络吧，但是最后似乎有点虎头蛇尾了，不过易烊千玺的演技确实挺生动的。个人觉得，雷爹和朱亚文演的最棒，朱亚文的一出场立马人物形象就立起来了，一个有一定...",
      "uri": "douban:\/\/douban.com\/review\/13917001",
      "ad_info": null,
      "topic": null,
      "photos": [
        {
          "tag_name": "img_6576733",
          "id": "6576733",
          "image": {
            "large": {
              "url": "https://img2.doubanio.com\/view\/thing_review\/l\/public\/p6576733.jpg",
              "width": 600,
              "height": 391,
              "size": 0
            },
            "raw": null,
            "is_animated": false,
            "normal": {
              "url": "https://img2.doubanio.com\/view\/thing_review\/l\/public\/p6576733.jpg",
              "width": 600,
              "height": 391,
              "size": 0
            }
          },
          "description": ""
        }
      ],
      "reactions_count": 1,
      "comments_count": 0,
      "user": {
        "kind": "user",
        "name": "娜娜",
        "url": "https:\/\/www.douban.com\/people\/152860993\/",
        "uri": "douban:\/\/douban.com\/user\/152860993",
        "avatar": "https://img2.doubanio.com\/icon\/up152860993-1.jpg",
        "is_club": false,
        "type": "user",
        "id": "152860993",
        "uid": "152860993"
      },
      "create_time": "2021-10-11 14:18:44",
      "reshares_count": 0,
      "type": "review",
      "id": "13917001",
      "subject": {
        "type": "movie",
        "title": "长津湖"
      }
    },
    {
      "rating": null,
      "useful_count": 2,
      "sharing_url": "https:\/\/movie.douban.com\/review\/13916995\/",
      "title": "中国-全世界最有决心的民族！",
      "url": "https:\/\/movie.douban.com\/review\/13916995\/",
      "abstract": "看这部剧真的让我觉得很震撼，震撼中国人的决心、信念！中国真的是这个世界上信念最强的民族！他的战斗是广大中国人民共同信念的成功！永远不能被打倒，哪怕只有一丝希望也不能放弃！这是决定中国生存的战斗！相比较之下，MG的战斗都是因为野心，没有信念，只是靠着强大的武器，这也是他们失败的原因人在这个世界上也是一样，既然来了，就好好的努力生活。中国这个民族也是一样，既然存在，那就绝对不能被打倒！",
      "uri": "douban:\/\/douban.com\/review\/13916995",
      "ad_info": null,
      "topic": null,
      "photos": [],
      "reactions_count": 1,
      "comments_count": 0,
      "user": {
        "kind": "user",
        "name": "柠檬",
        "url": "https:\/\/www.douban.com\/people\/184701048\/",
        "uri": "douban:\/\/douban.com\/user\/184701048",
        "avatar": "https://img9.doubanio.com\/icon\/up184701048-4.jpg",
        "is_club": false,
        "type": "user",
        "id": "184701048",
        "uid": "184701048"
      },
      "create_time": "2021-10-11 14:13:20",
      "reshares_count": 0,
      "type": "review",
      "id": "13916995",
      "subject": {
        "type": "movie",
        "title": "长津湖"
      }
    },
    {
      "rating": null,
      "useful_count": 0,
      "sharing_url": "https:\/\/movie.douban.com\/review\/13916924\/",
      "title": "精神有展现",
      "url": "https:\/\/movie.douban.com\/review\/13916924\/",
      "abstract": "《长津湖》在豆瓣看影评，很多人留言失望：剧情散，脱节，篇幅长拖沓等等。我的理解，此片压上台面的主价值不是一次战役的成功，不是个人英雄展现，不是一个故事引发思考的衍生。这些有，但不是主要，它们只服务于展现一种精神，压上台面价值才是此片的魂：不畏强敌，顽强不屈，舍身亡死的民族精神。这个价值关贯穿全片。三个小时浓缩整个抗美援朝，体现并表达这种精神，没有硬煽情，很不容易。精神的筋骨有立起来。",
      "uri": "douban:\/\/douban.com\/review\/13916924",
      "ad_info": null,
      "topic": null,
      "photos": [],
      "reactions_count": 1,
      "comments_count": 4,
      "user": {
        "kind": "user",
        "name": "玉润",
        "url": "https:\/\/www.douban.com\/people\/133789439\/",
        "uri": "douban:\/\/douban.com\/user\/133789439",
        "avatar": "https://img2.doubanio.com\/icon\/up133789439-1.jpg",
        "is_club": false,
        "type": "user",
        "id": "133789439",
        "uid": "133789439"
      },
      "create_time": "2021-10-11 13:23:13",
      "reshares_count": 0,
      "type": "review",
      "id": "13916924",
      "subject": {
        "type": "movie",
        "title": "长津湖"
      }
    },
    {
      "rating": null,
      "useful_count": 2,
      "sharing_url": "https:\/\/movie.douban.com\/review\/13916909\/",
      "title": "《长津湖》",
      "url": "https:\/\/movie.douban.com\/review\/13916909\/",
      "abstract": "“一个蛋如果从外面敲开，那么肯定会被吃掉，但如果从里面逐开，没准是只鹰。”这句台词对新兵伍万里说的。当时候的中国正是如此，面对美国的挑衅，我们不得不主动出击。《长津湖》讲述的正是当初的抗美援朝战争，三个小时的电影，没有一秒种是多余的，每一个画面都很令人震撼、每一句台词都很令人动人，如果说前半段搞笑动人，那么后半段真的很令人泪崩。电影中有几幕让我印象深刻:在冰天雪地里，我们的英雄们的粮食补给只有几个硬的崩掉牙水煮土豆，大家都自发的让给伤员们，而对面的美军有在吃着热乎的菜，甚至...",
      "uri": "douban:\/\/douban.com\/review\/13916909",
      "ad_info": null,
      "topic": null,
      "photos": [],
      "reactions_count": 1,
      "comments_count": 0,
      "user": {
        "kind": "user",
        "name": "WXY",
        "url": "https:\/\/www.douban.com\/people\/248185566\/",
        "uri": "douban:\/\/douban.com\/user\/248185566",
        "avatar": "https://img2.doubanio.com\/icon\/up248185566-1.jpg",
        "is_club": false,
        "type": "user",
        "id": "248185566",
        "uid": "248185566"
      },
      "create_time": "2021-10-11 13:10:49",
      "reshares_count": 0,
      "type": "review",
      "id": "13916909",
      "subject": {
        "type": "movie",
        "title": "长津湖"
      }
    },
    {
      "rating": {
        "count": 1,
        "max": 5,
        "star_count": 5.0,
        "value": 5
      },
      "useful_count": 1,
      "sharing_url": "https:\/\/movie.douban.com\/review\/13916667\/",
      "title": "《长津湖》感（附摘抄素材）",
      "url": "https:\/\/movie.douban.com\/review\/13916667\/",
      "abstract": "如果牺牲任何一个人，可以换来大家的和平，你会怎么做?如果是我，我想我希望我不是去牺牲的那个人。但那个去牺牲的人，一定值得我们所有人的尊敬。看这部电影的时候，不断地被震撼着，心就一直吊着。血肉模糊，烟弹横飞，发霉的土豆，啃不动土豆掉的牙，战友死在了身边……反观美军，大鱼大肉，分析战情还在喝coffee☕️。敌人开战斗机，扔炸弹如洒水，我们连子弹都不足够。若不是知道后世的结局，我不敢相信这场战役，我们能够赢。看完之后，只觉得自己虚度光阴，完全就是在挥霍祖辈的牺牲。愿我...",
      "uri": "douban:\/\/douban.com\/review\/13916667",
      "ad_info": null,
      "topic": null,
      "photos": [],
      "reactions_count": 1,
      "comments_count": 0,
      "user": {
        "kind": "user",
        "name": "付",
        "url": "https:\/\/www.douban.com\/people\/204179188\/",
        "uri": "douban:\/\/douban.com\/user\/204179188",
        "avatar": "https://img9.doubanio.com\/icon\/up204179188-4.jpg",
        "is_club": false,
        "type": "user",
        "id": "204179188",
        "uid": "204179188"
      },
      "create_time": "2021-10-11 10:29:22",
      "reshares_count": 0,
      "type": "review",
      "id": "13916667",
      "subject": {
        "type": "movie",
        "title": "长津湖"
      }
    },
    {
      "rating": {
        "count": 1,
        "max": 5,
        "star_count": 4.0,
        "value": 4
      },
      "useful_count": 2,
      "sharing_url": "https:\/\/movie.douban.com\/review\/13916664\/",
      "title": "“我们不打仗，那我们下一代就要打”",
      "url": "https:\/\/movie.douban.com\/review\/13916664\/",
      "abstract": "带着小学生一块去看的，三个小时的时长看战争片也看的很过瘾，就是看完脑子一直嗡嗡的。抗美援朝的相关战役最近有看过一些，譬如金刚川，跨过鸭绿江。但都没有这次让人真实的感觉到战争的残酷，人命的脆弱，不论是敌机的轰炸还是机枪的扫射，都让人深刻感受到，那种环境下我们没有退路只能勇往直前。老实说看抗战片的时候特别容易被其中的故事感动，每每音乐响起就忍不住要掉泪，第一个记住的名字是张小川，那个带着万里到处跑的小伙子，也是在调皮天真的年纪，就在装死尸的那刻被打的不成人形；还有后面指导...",
      "uri": "douban:\/\/douban.com\/review\/13916664",
      "ad_info": null,
      "topic": null,
      "photos": [],
      "reactions_count": 1,
      "comments_count": 0,
      "user": {
        "kind": "user",
        "name": "白雪飞乱",
        "url": "https:\/\/www.douban.com\/people\/200447995\/",
        "uri": "douban:\/\/douban.com\/user\/200447995",
        "avatar": "https://img2.doubanio.com\/icon\/up200447995-3.jpg",
        "is_club": false,
        "type": "user",
        "id": "200447995",
        "uid": "200447995"
      },
      "create_time": "2021-10-11 10:27:10",
      "reshares_count": 0,
      "type": "review",
      "id": "13916664",
      "subject": {
        "type": "movie",
        "title": "长津湖"
      }
    },
    {
      "rating": {
        "count": 1,
        "max": 5,
        "star_count": 5.0,
        "value": 5
      },
      "useful_count": 0,
      "sharing_url": "https:\/\/movie.douban.com\/review\/13916624\/",
      "title": "一部你不能错过的电影",
      "url": "https:\/\/movie.douban.com\/review\/13916624\/",
      "abstract": "2021年10月10日 《长津湖》今晚去看了长津湖，电影时长3个小时，去之前翻看豆瓣的评价好多都在说，时长太长后半段有点冗余；但是我看一下的整体体验是三个字：不够看！不知不觉三个小时过去了，去开始将我带到场景中，到最后一幕结束，全程跟随导演和演员的脚步，从未出戏；【一幕】电影中让我最为震撼的一幕，不是雷爹死去，不是战士们冻僵的尸体，不是炸毁美军的通讯塔，是万里在火车上打开车门要回家的那一幕，门口外面大好的祖国山河，而这趟火车十一辆通向“死亡”的火车，而他们在火车上的人明知如此...",
      "uri": "douban:\/\/douban.com\/review\/13916624",
      "ad_info": null,
      "topic": null,
      "photos": [],
      "reactions_count": 1,
      "comments_count": 0,
      "user": {
        "kind": "user",
        "name": "Audrey",
        "url": "https:\/\/www.douban.com\/people\/175904586\/",
        "uri": "douban:\/\/douban.com\/user\/175904586",
        "avatar": "https://img9.doubanio.com\/icon\/up175904586-5.jpg",
        "is_club": false,
        "type": "user",
        "id": "175904586",
        "uid": "175904586"
      },
      "create_time": "2021-10-11 09:39:12",
      "reshares_count": 0,
      "type": "review",
      "id": "13916624",
      "subject": {
        "type": "movie",
        "title": "长津湖"
      }
    },
    {
      "rating": {
        "count": 1,
        "max": 5,
        "star_count": 4.0,
        "value": 4
      },
      "useful_count": 0,
      "sharing_url": "https:\/\/movie.douban.com\/review\/13916577\/",
      "title": "看完不想过圣诞节了",
      "url": "https:\/\/movie.douban.com\/review\/13916577\/",
      "abstract": "1.看完不想过圣诞节了，再一想还是过吧（其实与我的意志有毛线关系），先烈们一定不想让我们带着仇恨生活，想让我们享受和平之下这个世界的多样和美好。过还是过，少点消费。2.片头演职员名单的字体太大了，像PPT。3.和彭总的战前讨论时，教员慢慢打出烟火花，铿锵有力地说这一仗不得不打，配上BGM，那一刻太燃了。4.伍万里入连仪式时，火车驶过一片湖，那倒影，好美。5.伍千里带着骨灰回乡的特效感太强烈，找个水光山色的小渔村拍拍不行吗。6.学好汉语，原来还有一层意思：可以写信给家乡爸妈，找个先...",
      "uri": "douban:\/\/douban.com\/review\/13916577",
      "ad_info": null,
      "topic": null,
      "photos": [],
      "reactions_count": 1,
      "comments_count": 0,
      "user": {
        "kind": "user",
        "name": "橙加冰_小Pan",
        "url": "https:\/\/www.douban.com\/people\/51034971\/",
        "uri": "douban:\/\/douban.com\/user\/51034971",
        "avatar": "https://img9.doubanio.com\/icon\/up51034971-6.jpg",
        "is_club": false,
        "type": "user",
        "id": "51034971",
        "uid": "orangexice"
      },
      "create_time": "2021-10-11 08:33:50",
      "reshares_count": 0,
      "type": "review",
      "id": "13916577",
      "subject": {
        "type": "movie",
        "title": "长津湖"
      }
    },
    {
      "rating": null,
      "useful_count": 0,
      "sharing_url": "https:\/\/movie.douban.com\/review\/13916372\/",
      "title": "做一个有用的人",
      "url": "https:\/\/movie.douban.com\/review\/13916372\/",
      "abstract": "曾今只会傻傻说着，我们要包容各种文化，殊不知今日之难，多少前人用鲜血铺路，才有了今天。电影衔接虽然处理的不是那么好，毕竟战役的残酷也不是3个小时就能展现完的，但并不影响了解那一代英烈先辈，为了今日的我们做出了多大的牺牲。观影前本以为自己会落泪，却因观看时一直被持续的战争和每一位战士必死决心拉紧了弦，震撼的一滴眼泪也流不出来，只留下满手心的汗，感怀先烈也希望自己能做一个有用的人。努力吧，不管是在哪个领域，希望自己能昂首挺胸，对得起这面飘扬的五星红旗。人民有信仰，国家有力...",
      "uri": "douban:\/\/douban.com\/review\/13916372",
      "ad_info": null,
      "topic": null,
      "photos": [],
      "reactions_count": 1,
      "comments_count": 0,
      "user": {
        "kind": "user",
        "name": "锦酱",
        "url": "https:\/\/www.douban.com\/people\/74474553\/",
        "uri": "douban:\/\/douban.com\/user\/74474553",
        "avatar": "https://img2.doubanio.com\/icon\/up74474553-2.jpg",
        "is_club": false,
        "type": "user",
        "id": "74474553",
        "uid": "74474553"
      },
      "create_time": "2021-10-11 00:54:04",
      "reshares_count": 0,
      "type": "review",
      "id": "13916372",
      "subject": {
        "type": "movie",
        "title": "长津湖"
      }
    },
    {
      "rating": {
        "count": 1,
        "max": 5,
        "star_count": 5.0,
        "value": 5
      },
      "useful_count": 2,
      "sharing_url": "https:\/\/movie.douban.com\/review\/13916368\/",
      "title": "长津湖",
      "url": "https:\/\/movie.douban.com\/review\/13916368\/",
      "abstract": "之前从来没有哪部电影看了没十分钟就让我哭出来，每涉及国恨家仇的内容总会让我很上情绪，看到美军炮弹轰炸到祖国的土地上、同胞的身体上，硝烟四起血肉模糊，我心里都揪着疼。极寒的天气，没有足够的棉衣和食物，第七穿插连只能每天只吃一个冻了的土豆，而敌方却在开开心心过感恩节吃着鸡腿培根，在如此艰苦的作战条件下我们还是胜利了，因为我们有无数毫不畏惧的英雄战士，有心系战士的领导人。“我们把该打的仗都打了，我们的后辈就不用打了”，现在我们生活在和平年代，有良好的生活环境，都是无数前人用鲜血...",
      "uri": "douban:\/\/douban.com\/review\/13916368",
      "ad_info": null,
      "topic": null,
      "photos": [],
      "reactions_count": 1,
      "comments_count": 0,
      "user": {
        "kind": "user",
        "name": "潮汐。",
        "url": "https:\/\/www.douban.com\/people\/211022871\/",
        "uri": "douban:\/\/douban.com\/user\/211022871",
        "avatar": "https://img9.doubanio.com\/icon\/up211022871-5.jpg",
        "is_club": false,
        "type": "user",
        "id": "211022871",
        "uid": "211022871"
      },
      "create_time": "2021-10-11 00:50:19",
      "reshares_count": 0,
      "type": "review",
      "id": "13916368",
      "subject": {
        "type": "movie",
        "title": "长津湖"
      }
    },
    {
      "rating": {
        "count": 1,
        "max": 5,
        "star_count": 3.0,
        "value": 3
      },
      "useful_count": 7,
      "sharing_url": "https:\/\/movie.douban.com\/review\/13916359\/",
      "title": "国内战争片?",
      "url": "https:\/\/movie.douban.com\/review\/13916359\/",
      "abstract": "今天去看《长津湖》，三个小时的时长，我得承认我真的坐不下去，屁股都坐麻了五次电影是好电影，虽然前面的铺垫有点冗长，看得我快睡着了，但平心而论，比起《八佰》这些国产战争片，《长津湖》算是一种突破，当然你要它达到《我的团长我的团》这种高度，那也是不可能的，100分的话，我给它打70分吧。相比起国内战争片，我更热衷于外国战争片，《血战钢锯岭》《钢琴师》《1917》等等等我都很喜欢，这些片子没有拙劣的煽情，而是把历史拍出来给观众看，让观众来评判，让观众做理性的主体，它不会很特意的去...",
      "uri": "douban:\/\/douban.com\/review\/13916359",
      "ad_info": null,
      "topic": null,
      "photos": [],
      "reactions_count": 1,
      "comments_count": 0,
      "user": {
        "kind": "user",
        "name": "是尚尚不是汤汤",
        "url": "https:\/\/www.douban.com\/people\/230919714\/",
        "uri": "douban:\/\/douban.com\/user\/230919714",
        "avatar": "https://img2.doubanio.com\/icon\/up230919714-2.jpg",
        "is_club": false,
        "type": "user",
        "id": "230919714",
        "uid": "230919714"
      },
      "create_time": "2021-10-11 00:40:48",
      "reshares_count": 0,
      "type": "review",
      "id": "13916359",
      "subject": {
        "type": "movie",
        "title": "长津湖"
      }
    },
    {
      "rating": {
        "count": 1,
        "max": 5,
        "star_count": 4.0,
        "value": 4
      },
      "useful_count": 1,
      "sharing_url": "https:\/\/movie.douban.com\/review\/13916358\/",
      "title": "今日观影长津湖感受",
      "url": "https:\/\/movie.douban.com\/review\/13916358\/",
      "abstract": "（没在国庆的时候看，票价太贵，负担不起）在我看来，一部好的电影是能真正打动人心，而长津湖正是这样一部影片。小的时候听大人们讲抗美援朝战争，一直不能明白为什么要去帮朝鲜打仗，直到后来慢慢长大，才逐渐理解抗美援朝的重要意义。影片中提到“如果我们不打仗，就是我们的下一代要上战场”，这是七连指导员看着女儿照片说的一句话（大概是这个意思），先辈们用他们的鲜血换来了我们的和平。我一直庆幸我们可以生活在一个和平的国度，我没有说和平的年代，是因为此时此刻，世界并不和平，在我们看不...",
      "uri": "douban:\/\/douban.com\/review\/13916358",
      "ad_info": null,
      "topic": null,
      "photos": [],
      "reactions_count": 1,
      "comments_count": 0,
      "user": {
        "kind": "user",
        "name": "绯鹿",
        "url": "https:\/\/www.douban.com\/people\/234142400\/",
        "uri": "douban:\/\/douban.com\/user\/234142400",
        "avatar": "https://img2.doubanio.com\/icon\/up234142400-1.jpg",
        "is_club": false,
        "type": "user",
        "id": "234142400",
        "uid": "234142400"
      },
      "create_time": "2021-10-11 00:40:43",
      "reshares_count": 0,
      "type": "review",
      "id": "13916358",
      "subject": {
        "type": "movie",
        "title": "长津湖"
      }
    },
    {
      "rating": {
        "count": 1,
        "max": 5,
        "star_count": 5.0,
        "value": 5
      },
      "useful_count": 0,
      "sharing_url": "https:\/\/movie.douban.com\/review\/13916311\/",
      "title": "《长津湖》是一部优秀的爱国战争影片，值得你买票去观看",
      "url": "https:\/\/movie.douban.com\/review\/13916311\/",
      "abstract": "特意带初中的弟弟去看了，在电影院看了三小时，有父母带了很小的孩子去看，大家都很认真，期间也不自觉多次流泪。电影场景宏大，特效很好，大咖云集，演技派很多，但最打动我的还是对那段历史的还原和在线，让我真切感受到先辈的不容易和牺牲，以及和平的来之不易。希望大家能珍惜现在的美好生活，努力成长，建设我们的国家。回答网络评论上一些尬黑：1.国庆节不看爱国片你想看什么片？何况其他的真的没有吗？2.说一个连歼灭一个团的你认真看了吗？那是第九军团大进攻，多个连在打，只是主演们在的那个团表现镜头...",
      "uri": "douban:\/\/douban.com\/review\/13916311",
      "ad_info": null,
      "topic": null,
      "photos": [],
      "reactions_count": 1,
      "comments_count": 0,
      "user": {
        "kind": "user",
        "name": "青石",
        "url": "https:\/\/www.douban.com\/people\/195831087\/",
        "uri": "douban:\/\/douban.com\/user\/195831087",
        "avatar": "https://img2.doubanio.com\/icon\/user_large.jpg",
        "is_club": false,
        "type": "user",
        "id": "195831087",
        "uid": "195831087"
      },
      "create_time": "2021-10-11 00:11:27",
      "reshares_count": 0,
      "type": "review",
      "id": "13916311",
      "subject": {
        "type": "movie",
        "title": "长津湖"
      }
    },
    {
      "rating": null,
      "useful_count": 0,
      "sharing_url": "https:\/\/movie.douban.com\/review\/13916276\/",
      "title": "长津湖之观后感",
      "url": "https:\/\/movie.douban.com\/review\/13916276\/",
      "abstract": "看完之后，脑子还是一直砰砰砰的枪声感触比较深的是，如今我们安定的生活，是许许多多伟大的人换来的，每个小人物的存在才成就了战争的胜利缺点就是觉得当下爱国影片，感觉都是一个套路，意识形态过于重，过犹不及总体还是很用心的影片，里面几个人物塑造的不错，从整个客观角度出发，整个脉络清晰",
      "uri": "douban:\/\/douban.com\/review\/13916276",
      "ad_info": null,
      "topic": null,
      "photos": [],
      "reactions_count": 1,
      "comments_count": 0,
      "user": {
        "kind": "user",
        "name": "落小乔",
        "url": "https:\/\/www.douban.com\/people\/179271376\/",
        "uri": "douban:\/\/douban.com\/user\/179271376",
        "avatar": "https://img2.doubanio.com\/icon\/up179271376-1.jpg",
        "is_club": false,
        "type": "user",
        "id": "179271376",
        "uid": "179271376"
      },
      "create_time": "2021-10-10 23:59:49",
      "reshares_count": 0,
      "type": "review",
      "id": "13916276",
      "subject": {
        "type": "movie",
        "title": "长津湖"
      }
    },
    {
      "rating": null,
      "useful_count": 3,
      "sharing_url": "https:\/\/movie.douban.com\/review\/13915976\/",
      "title": "《长津湖》背后的男人们：为拍这部电影，还有一场仗，打了30年原创宅少宅总有理今天",
      "url": "https:\/\/movie.douban.com\/review\/13915976\/",
      "abstract": "本影评节选自宅总有理公众号新更“我就聊聊主旋律这个东西是怎么一步步起势的”时至2019，博纳看中兰晓龙的剧本《冬与狮》，《长津湖》立项，找刘伟强来主导拍摄。结果疫情一来，1.5亿先打了水漂。一年后，于冬直接丢出王牌。导演三人，有《孔繁森》的主旋律顾问陈凯歌，有《智取威虎山》的特效老怪徐克，有《红海行动》经验打底的林超贤。主演，是咱们“虽远必诛”的战狼吴京老师。艺术顾问，是一手策划了《建国大业》的张和平，总监制不用说了，还是跟各部门关系熟的黄建新。这阵容，应该是目前主旋律...",
      "uri": "douban:\/\/douban.com\/review\/13915976",
      "ad_info": null,
      "topic": null,
      "photos": [
        {
          "tag_name": "img_6574887",
          "id": "6574887",
          "image": {
            "large": {
              "url": "https://img1.doubanio.com\/view\/thing_review\/l\/public\/p6574887.jpg",
              "width": 600,
              "height": 1266,
              "size": 0
            },
            "raw": null,
            "is_animated": false,
            "normal": {
              "url": "https://img1.doubanio.com\/view\/thing_review\/l\/public\/p6574887.jpg",
              "width": 600,
              "height": 1266,
              "size": 0
            }
          },
          "description": ""
        },
        {
          "tag_name": "img_6574888",
          "id": "6574888",
          "image": {
            "large": {
              "url": "https://img1.doubanio.com\/view\/thing_review\/l\/public\/p6574888.jpg",
              "width": 600,
              "height": 1266,
              "size": 0
            },
            "raw": null,
            "is_animated": false,
            "normal": {
              "url": "https://img1.doubanio.com\/view\/thing_review\/l\/public\/p6574888.jpg",
              "width": 600,
              "height": 1266,
              "size": 0
            }
          },
          "description": ""
        }
      ],
      "reactions_count": 1,
      "comments_count": 2,
      "user": {
        "kind": "user",
        "name": "片片红叶转",
        "url": "https:\/\/www.douban.com\/people\/197693968\/",
        "uri": "douban:\/\/douban.com\/user\/197693968",
        "avatar": "https://img9.doubanio.com\/icon\/up197693968-16.jpg",
        "is_club": false,
        "type": "user",
        "id": "197693968",
        "uid": "197693968"
      },
      "create_time": "2021-10-10 21:50:50",
      "reshares_count": 0,
      "type": "review",
      "id": "13915976",
      "subject": {
        "type": "movie",
        "title": "长津湖"
      }
    },
    {
      "rating": {
        "count": 1,
        "max": 5,
        "star_count": 5.0,
        "value": 5
      },
      "useful_count": 0,
      "sharing_url": "https:\/\/movie.douban.com\/review\/13915957\/",
      "title": "以史为鉴，珍惜生活。",
      "url": "https:\/\/movie.douban.com\/review\/13915957\/",
      "abstract": "休息一天，带着父母一起去看的，看电影过程中我的眼泪就没停止过。看着十九岁的少年跟随着哥哥上战场，亲眼看着自己的小友被炸死，再到后来被美国大兵扼住喉咙命悬一线，奋力一搏第一次杀人，包括仅有一面之缘的刘秘书，种种的画面都让我想到电影里的台词，我们把仗打了，下一代就不用再打了。然后我想起一句话，我们并没有生活在一个和平的年代，只是生活在一个和平的国家，感恩先辈们的舍命付出，感谢有一个强大的祖国支撑，才能让我们沐浴在和平的阳光下享受着平凡的生活。电影里战士们吃冻土豆和美国大兵的感...",
      "uri": "douban:\/\/douban.com\/review\/13915957",
      "ad_info": null,
      "topic": null,
      "photos": [],
      "reactions_count": 1,
      "comments_count": 0,
      "user": {
        "kind": "user",
        "name": "绯色香芋派",
        "url": "https:\/\/www.douban.com\/people\/232532936\/",
        "uri": "douban:\/\/douban.com\/user\/232532936",
        "avatar": "https://img2.doubanio.com\/icon\/up232532936-2.jpg",
        "is_club": false,
        "type": "user",
        "id": "232532936",
        "uid": "232532936"
      },
      "create_time": "2021-10-10 21:44:39",
      "reshares_count": 0,
      "type": "review",
      "id": "13915957",
      "subject": {
        "type": "movie",
        "title": "长津湖"
      }
    },
    {
      "rating": {
        "count": 1,
        "max": 5,
        "star_count": 5.0,
        "value": 5
      },
      "useful_count": 2,
      "sharing_url": "https:\/\/movie.douban.com\/review\/13915956\/",
      "title": "愿盛世永远和平",
      "url": "https:\/\/movie.douban.com\/review\/13915956\/",
      "abstract": "长津湖哭死，以前看历史书的时候，朝鲜战役的死伤人数只有一串数字，老师要求背诵，而对此，我的印象就是一拆吗数字，我知道是这一串串数字让我们生活在如今的和平年代，做自己想做的事情，而长津湖则电影将这串数字具体化。1950年，在我的印象里，应该是战争已然结束的时刻，而伍万里让我看到和平年代背后被炸死的尸体，而如今的和平也是由这些英雄的尸体鲜血堆砌浇筑而成。前一刻一起嬉笑打闹的队友下一秒鲜血溅在了你的脸上。有些人还没到战场就已经被空投弹炸死，被寒冷的天气送死，没有食物饿死。一声声...",
      "uri": "douban:\/\/douban.com\/review\/13915956",
      "ad_info": null,
      "topic": null,
      "photos": [],
      "reactions_count": 1,
      "comments_count": 0,
      "user": {
        "kind": "user",
        "name": "爱吃草的兔子",
        "url": "https:\/\/www.douban.com\/people\/190435967\/",
        "uri": "douban:\/\/douban.com\/user\/190435967",
        "avatar": "https://img2.doubanio.com\/icon\/up190435967-2.jpg",
        "is_club": false,
        "type": "user",
        "id": "190435967",
        "uid": "190435967"
      },
      "create_time": "2021-10-10 21:44:39",
      "reshares_count": 0,
      "type": "review",
      "id": "13915956",
      "subject": {
        "type": "movie",
        "title": "长津湖"
      }
    }
  ]
