﻿[
    {
      "rating": {
        "count": 1,
        "max": 5,
        "star_count": 4.0,
        "value": 4
      },
      "useful_count": 0,
      "sharing_url": "https:\/\/movie.douban.com\/review\/13915935\/",
      "title": "《长津湖》",
      "url": "https:\/\/movie.douban.com\/review\/13915935\/",
      "abstract": "首先，观影过程不是很舒适，里面有许多镜头让我感觉很晕（可能涉及到帧率，双子杀手60帧给了一个完完全全的高速运动没有拖影的世界好想去体验）；还有一点就是可能我战争片观影有限，不知道是不是大部分的战争片都是描写打斗比较多，我感觉整部影片下来打斗的戏份太多了一些，这些戏份刚开始会觉得很爽，但到了后面有一点点审美疲劳，感觉这些打斗的戏份再分一些到人物塑造上人物形象会更饱满一些；但是瑕不掩瑜，好的地方还是很多的，影片一开始的铺垫说实话没有很抓我眼球，但随着影片的深入发现没有开头的铺垫...",
      "uri": "douban:\/\/douban.com\/review\/13915935",
      "ad_info": null,
      "topic": null,
      "photos": [],
      "reactions_count": 1,
      "comments_count": 4,
      "user": {
        "kind": "user",
        "name": "Larrlian",
        "url": "https:\/\/www.douban.com\/people\/223861777\/",
        "uri": "douban:\/\/douban.com\/user\/223861777",
        "avatar": "https://img2.doubanio.com\/icon\/up223861777-3.jpg",
        "is_club": false,
        "type": "user",
        "id": "223861777",
        "uid": "223861777"
      },
      "create_time": "2021-10-10 21:34:41",
      "reshares_count": 0,
      "type": "review",
      "id": "13915935",
      "subject": {
        "type": "movie",
        "title": "长津湖"
      }
    },
    {
      "rating": null,
      "useful_count": 0,
      "sharing_url": "https:\/\/movie.douban.com\/review\/13915931\/",
      "title": "好片子",
      "url": "https:\/\/movie.douban.com\/review\/13915931\/",
      "abstract": "我知道现实比电影残酷的多，这部电影基本反应了当时残酷不成正比的战争。演技都很在线，非常棒，看完很感动，谢谢前辈守住江山，保我们平安幸福！每一寸土地，都流淌着祖国军人的热血，被千千万战士鲜血染红的国旗，我们应该铭记历史，珍惜和平！不做别人的奴隶也不去欺压别人。相互帮助谋求发展，一同致富。不让战争悲剧重演",
      "uri": "douban:\/\/douban.com\/review\/13915931",
      "ad_info": null,
      "topic": null,
      "photos": [],
      "reactions_count": 1,
      "comments_count": 1,
      "user": {
        "kind": "user",
        "name": "尊园地产.罗平书",
        "url": "https:\/\/www.douban.com\/people\/201750902\/",
        "uri": "douban:\/\/douban.com\/user\/201750902",
        "avatar": "https://img2.doubanio.com\/icon\/up201750902-1.jpg",
        "is_club": false,
        "type": "user",
        "id": "201750902",
        "uid": "201750902"
      },
      "create_time": "2021-10-10 21:32:47",
      "reshares_count": 0,
      "type": "review",
      "id": "13915931",
      "subject": {
        "type": "movie",
        "title": "长津湖"
      }
    },
    {
      "rating": null,
      "useful_count": 0,
      "sharing_url": "https:\/\/movie.douban.com\/review\/13915927\/",
      "title": "长津湖|致敬英雄",
      "url": "https:\/\/movie.douban.com\/review\/13915927\/",
      "abstract": "感谢，学校爱国主义教育活动，让我在学校影院免费观看了《长津湖》。阵容：三位导演基本上已经是品质的保证，想到动作片导演我可能会更偏向林超贤，一直觉得林超贤导演的动作片基本上能给我感官带来冲击。制片人我看到是施南生的时候我嘴角上扬！施南生真的是女神。说个很有趣的点，三位导演和三位制片人，都是\/曾是夫妻。那么这六位业界佼佼者加在一起，影片的质量确实很佳。感慨：国庆假期期间我有幸和抗美援朝的家属聊天，朋友的爷爷是抗美援朝，他所属的连的幸存者。于是，我能多一层角度去看这部电...",
      "uri": "douban:\/\/douban.com\/review\/13915927",
      "ad_info": null,
      "topic": null,
      "photos": [],
      "reactions_count": 1,
      "comments_count": 0,
      "user": {
        "kind": "user",
        "name": "Clanty",
        "url": "https:\/\/www.douban.com\/people\/214135997\/",
        "uri": "douban:\/\/douban.com\/user\/214135997",
        "avatar": "https://img2.doubanio.com\/icon\/up214135997-2.jpg",
        "is_club": false,
        "type": "user",
        "id": "214135997",
        "uid": "214135997"
      },
      "create_time": "2021-10-10 21:31:33",
      "reshares_count": 0,
      "type": "review",
      "id": "13915927",
      "subject": {
        "type": "movie",
        "title": "长津湖"
      }
    },
    {
      "rating": {
        "count": 1,
        "max": 5,
        "star_count": 4.0,
        "value": 4
      },
      "useful_count": 0,
      "sharing_url": "https:\/\/movie.douban.com\/review\/13915924\/",
      "title": "我们和它们不一样。",
      "url": "https:\/\/movie.douban.com\/review\/13915924\/",
      "abstract": "“我们是为民族的生存而战，我们的顽强是勇敢；他们是为掠夺我们的国土、财富而战，他们只有贪婪的恶欲！他们对我们的烈士敬礼不是在尊敬我们，是在欺骗他们自己的士兵！是在混淆正义与非正义，想把我们正义的勇敢与他们贪婪的恶欲混淆起来！想把我们的勇敢也附到他们士兵的身上，他们妄想！”——《我的父亲：一名新四军的生活》长津湖最后那段美军将领，对着冻成冰雕的志愿军敬礼那段我不喜欢，因为侵略者不配对着保家卫国的战士敬礼[奋斗]",
      "uri": "douban:\/\/douban.com\/review\/13915924",
      "ad_info": null,
      "topic": null,
      "photos": [],
      "reactions_count": 1,
      "comments_count": 0,
      "user": {
        "kind": "user",
        "name": "は星の大海",
        "url": "https:\/\/www.douban.com\/people\/1348994\/",
        "uri": "douban:\/\/douban.com\/user\/1348994",
        "avatar": "https://img9.doubanio.com\/icon\/up1348994-124.jpg",
        "is_club": false,
        "type": "user",
        "id": "1348994",
        "uid": "xiaohailove"
      },
      "create_time": "2021-10-10 21:29:13",
      "reshares_count": 0,
      "type": "review",
      "id": "13915924",
      "subject": {
        "type": "movie",
        "title": "长津湖"
      }
    },
    {
      "rating": {
        "count": 1,
        "max": 5,
        "star_count": 4.0,
        "value": 4
      },
      "useful_count": 0,
      "sharing_url": "https:\/\/movie.douban.com\/review\/13915776\/",
      "title": "还不错",
      "url": "https:\/\/movie.douban.com\/review\/13915776\/",
      "abstract": "原本以为又是“战狼”风电影，没想到还可以，比预料的好很多多个场景穿插，大故事线和小故事线交织在一起，有点混乱。我们已经了解历史所以能看懂，不知道其他国家的人能不能看懂。把大故事线取消点，只专注于长津湖战役，可能会好一些。去年的《金刚川》更好一些。电影中弱化了以往同题材电影的悲情、感动色彩，加了普通电影的特效、浪漫、美感，有点像美国的战争电影了。更像电影，而不像历史，说不上是好，还是不好。不过电影就应该多种类型，即便是同样的故事，也可以有多种表现方式。电影中有多个交战...",
      "uri": "douban:\/\/douban.com\/review\/13915776",
      "ad_info": null,
      "topic": null,
      "photos": [],
      "reactions_count": 1,
      "comments_count": 0,
      "user": {
        "kind": "user",
        "name": "哈哈哈皮",
        "url": "https:\/\/www.douban.com\/people\/149038542\/",
        "uri": "douban:\/\/douban.com\/user\/149038542",
        "avatar": "https://img2.doubanio.com\/icon\/user_large.jpg",
        "is_club": false,
        "type": "user",
        "id": "149038542",
        "uid": "149038542"
      },
      "create_time": "2021-10-10 20:25:37",
      "reshares_count": 0,
      "type": "review",
      "id": "13915776",
      "subject": {
        "type": "movie",
        "title": "长津湖"
      }
    },
    {
      "rating": null,
      "useful_count": 1,
      "sharing_url": "https:\/\/movie.douban.com\/review\/13915757\/",
      "title": "有点失望",
      "url": "https:\/\/movie.douban.com\/review\/13915757\/",
      "abstract": "带着很高的期望走进影院，很可惜，没有预想中的好看。可能是徐克导演的缘故，战争场面有一股浓浓的港式枪战片味道，看起来眼花缭乱，血腥刺激，但却缺乏真实感和现场感，还不如冯小刚的《集结号》来得精彩。在细节上的bug不少，整体上也有点虎头蛇尾，前面的铺垫太多，后面的重头戏情节草草就结束了，让人感觉意犹未尽影片整体还算不错，但不得不说，票房沾了国庆节的光。",
      "uri": "douban:\/\/douban.com\/review\/13915757",
      "ad_info": null,
      "topic": null,
      "photos": [],
      "reactions_count": 1,
      "comments_count": 1,
      "user": {
        "kind": "user",
        "name": "bugcys",
        "url": "https:\/\/www.douban.com\/people\/202015659\/",
        "uri": "douban:\/\/douban.com\/user\/202015659",
        "avatar": "https://img2.doubanio.com\/icon\/user_large.jpg",
        "is_club": false,
        "type": "user",
        "id": "202015659",
        "uid": "202015659"
      },
      "create_time": "2021-10-10 20:14:50",
      "reshares_count": 0,
      "type": "review",
      "id": "13915757",
      "subject": {
        "type": "movie",
        "title": "长津湖"
      }
    },
    {
      "rating": null,
      "useful_count": 12,
      "sharing_url": "https:\/\/movie.douban.com\/review\/13915754\/",
      "title": "长津湖观后感",
      "url": "https:\/\/movie.douban.com\/review\/13915754\/",
      "abstract": "我对这部片子抱有相当大的期待，我准备了两包纸巾 就怕看电影的时候会把鼻涕哭出来。然而这部电影只让我觉得 可惜了这个题材我的外公是抗美援朝的战士，他跟我说过在朝鲜打战的时候战士们趴在冰上，哈出来的气都是血气。 有一次敌军轰炸，班长喊大家快跑，他回头一看班长趴在弹药箱上，肠子流了一箱子。看电影前我看了长津湖的纪录片，里面有一个老将军回忆：上战场前连长问士兵们你们有什么愿望，士兵说我没有别的愿望，能不能再分我一个土豆让我吃饱了去打敌人。连长哭了，因为他连这个小小的愿望都无法满足...",
      "uri": "douban:\/\/douban.com\/review\/13915754",
      "ad_info": null,
      "topic": null,
      "photos": [],
      "reactions_count": 1,
      "comments_count": 3,
      "user": {
        "kind": "user",
        "name": "lydia",
        "url": "https:\/\/www.douban.com\/people\/169059948\/",
        "uri": "douban:\/\/douban.com\/user\/169059948",
        "avatar": "https://img2.doubanio.com\/icon\/up169059948-1.jpg",
        "is_club": false,
        "type": "user",
        "id": "169059948",
        "uid": "169059948"
      },
      "create_time": "2021-10-10 20:13:56",
      "reshares_count": 0,
      "type": "review",
      "id": "13915754",
      "subject": {
        "type": "movie",
        "title": "长津湖"
      }
    },
    {
      "rating": {
        "count": 1,
        "max": 5,
        "star_count": 4.0,
        "value": 4
      },
      "useful_count": 2,
      "sharing_url": "https:\/\/movie.douban.com\/review\/13915511\/",
      "title": "能做成标准的商业大片也是不错的",
      "url": "https:\/\/movie.douban.com\/review\/13915511\/",
      "abstract": "两个都看了，先看的《能文能武李延年》，昨天看的《长津湖》。怎么说呢，前者让你看了会思考，并且战斗场面也是真的热血真实；后者由于看过了前者，伍千里作为连长一顿乱冲，我就知道了，也很不错，正规的商业大片，能让你肾上腺素激增，哒哒哒哒哒杀杀杀，而伍万里更像是一个穿越过去的人，好像导演要用他来告诉你战争很残酷！总的来说，前者类似于正史，后者更像是野史！而且，除了温度计显示零下三四十度以外，导演并没有更多让观众能共鸣的那种感到寒冷的表达，情节上不够连贯，几个事件有种为了联系到一起而...",
      "uri": "douban:\/\/douban.com\/review\/13915511",
      "ad_info": null,
      "topic": null,
      "photos": [],
      "reactions_count": 1,
      "comments_count": 0,
      "user": {
        "kind": "user",
        "name": "学究夫子",
        "url": "https:\/\/www.douban.com\/people\/39749905\/",
        "uri": "douban:\/\/douban.com\/user\/39749905",
        "avatar": "https://img2.doubanio.com\/icon\/up39749905-3.jpg",
        "is_club": false,
        "type": "user",
        "id": "39749905",
        "uid": "39749905"
      },
      "create_time": "2021-10-10 17:40:10",
      "reshares_count": 0,
      "type": "review",
      "id": "13915511",
      "subject": {
        "type": "movie",
        "title": "长津湖"
      }
    },
    {
      "rating": null,
      "useful_count": 6,
      "sharing_url": "https:\/\/movie.douban.com\/review\/13914271\/",
      "title": "电影之后再看纪录片",
      "url": "https:\/\/movie.douban.com\/review\/13914271\/",
      "abstract": "国庆看完《长津湖》之后，特地看了由中美导演各自拍摄的纪录片。意外发现，很多细节都能相互呼应。不同的是，当事人亲历角度和影片叙事方式；相同的是，战争的残酷和中国人的英勇无畏。在炸桥这部分，中美双方都炸断了对方回国的桥，而且是美国先炸的，导致第二次战役美方撤退困难，算是以牙还牙、搬起石头砸自己的脚吧。比如为什么美方回程的时候比较少受到志愿军的追击，主要是粮食物资保障供应不足，中方有一支军队埋伏的时候成了“冰雕”牺牲了，已经没有足够的体力物力实施围剿。被触动的点有...",
      "uri": "douban:\/\/douban.com\/review\/13914271",
      "ad_info": null,
      "topic": null,
      "photos": [
        {
          "tag_name": "img_6571353",
          "id": "6571353",
          "image": {
            "large": {
              "url": "https://img2.doubanio.com\/view\/thing_review\/l\/public\/p6571353.jpg",
              "width": 540,
              "height": 771,
              "size": 0
            },
            "raw": null,
            "is_animated": false,
            "normal": {
              "url": "https://img2.doubanio.com\/view\/thing_review\/l\/public\/p6571353.jpg",
              "width": 540,
              "height": 771,
              "size": 0
            }
          },
          "description": ""
        },
        {
          "tag_name": "img_6571352",
          "id": "6571352",
          "image": {
            "large": {
              "url": "https://img2.doubanio.com\/view\/thing_review\/l\/public\/p6571352.jpg",
              "width": 600,
              "height": 840,
              "size": 0
            },
            "raw": null,
            "is_animated": false,
            "normal": {
              "url": "https://img2.doubanio.com\/view\/thing_review\/l\/public\/p6571352.jpg",
              "width": 600,
              "height": 840,
              "size": 0
            }
          },
          "description": ""
        },
        {
          "tag_name": "img_6571363",
          "id": "6571363",
          "image": {
            "large": {
              "url": "https://img2.doubanio.com\/view\/thing_review\/l\/public\/p6571363.jpg",
              "width": 600,
              "height": 337,
              "size": 0
            },
            "raw": null,
            "is_animated": false,
            "normal": {
              "url": "https://img2.doubanio.com\/view\/thing_review\/l\/public\/p6571363.jpg",
              "width": 600,
              "height": 337,
              "size": 0
            }
          },
          "description": ""
        }
      ],
      "reactions_count": 1,
      "comments_count": 0,
      "user": {
        "kind": "user",
        "name": "烨话有声",
        "url": "https:\/\/www.douban.com\/people\/189806565\/",
        "uri": "douban:\/\/douban.com\/user\/189806565",
        "avatar": "https://img2.doubanio.com\/icon\/up189806565-1.jpg",
        "is_club": false,
        "type": "user",
        "id": "189806565",
        "uid": "189806565"
      },
      "create_time": "2021-10-09 22:20:41",
      "reshares_count": 0,
      "type": "review",
      "id": "13914271",
      "subject": {
        "type": "movie",
        "title": "长津湖"
      }
    },
    {
      "rating": {
        "count": 1,
        "max": 5,
        "star_count": 3.0,
        "value": 3
      },
      "useful_count": 6,
      "sharing_url": "https:\/\/movie.douban.com\/review\/13914251\/",
      "title": "观感",
      "url": "https:\/\/movie.douban.com\/review\/13914251\/",
      "abstract": "怎么说呢，可能是带着太多的期待去看长津湖。知道抗美援朝的不易，但是感觉这部电影远不及纪录片来的深刻。长津湖的对于朝鲜战争的重要性没有表现出来，“总攻”发起的莫名其妙。也可能是我历史知识浅薄吧，还是希望更能突出事件的重点。因为影片的前序太长，显得头重脚轻。冰雕连值得尊敬，但是电影中出现的也过于潦草，同时觉得没有利用好段奕宏作为神射手的角色，感觉可有可无。以上为我的感受",
      "uri": "douban:\/\/douban.com\/review\/13914251",
      "ad_info": null,
      "topic": null,
      "photos": [],
      "reactions_count": 1,
      "comments_count": 3,
      "user": {
        "kind": "user",
        "name": "豆友2248705850",
        "url": "https:\/\/www.douban.com\/people\/246054306\/",
        "uri": "douban:\/\/douban.com\/user\/246054306",
        "avatar": "https://img2.doubanio.com\/icon\/up246054306-1.jpg",
        "is_club": false,
        "type": "user",
        "id": "246054306",
        "uid": "246054306"
      },
      "create_time": "2021-10-09 22:14:52",
      "reshares_count": 0,
      "type": "review",
      "id": "13914251",
      "subject": {
        "type": "movie",
        "title": "长津湖"
      }
    },
    {
      "rating": {
        "count": 1,
        "max": 5,
        "star_count": 5.0,
        "value": 5
      },
      "useful_count": 3,
      "sharing_url": "https:\/\/movie.douban.com\/review\/13914232\/",
      "title": "男儿要当死于边野，以马革裹尸还葬耳",
      "url": "https:\/\/movie.douban.com\/review\/13914232\/",
      "abstract": "        首先对于抗美援朝的历史，在过去我们国家没有大规模的普及，以至于很多对历史不感兴趣的人不了解，所以对于电影里的一些镜头不理解，或者说时间过长，要知道这是一次战役，持续的时间很长，电影本身不可能面面俱到，所以就点到为止了。恰恰这却成了一些人的口实，说什么的都有，这里就不予多说了，想看的去翻评论。        对于动作片，战争片从电影角度讲，我们看的更多的被灌输更多的可能是欧美那些大片，上来就高潮，歌颂英雄美女情长的，就比如拯救大兵瑞恩、血战钢锯岭，里面场面是恢宏，想到实际...",
      "uri": "douban:\/\/douban.com\/review\/13914232",
      "ad_info": null,
      "topic": null,
      "photos": [
        {
          "tag_name": "img_6571297",
          "id": "6571297",
          "image": {
            "large": {
              "url": "https://img1.doubanio.com\/view\/thing_review\/l\/public\/p6571297.jpg",
              "width": 600,
              "height": 337,
              "size": 0
            },
            "raw": null,
            "is_animated": false,
            "normal": {
              "url": "https://img1.doubanio.com\/view\/thing_review\/l\/public\/p6571297.jpg",
              "width": 600,
              "height": 337,
              "size": 0
            }
          },
          "description": ""
        }
      ],
      "reactions_count": 1,
      "comments_count": 2,
      "user": {
        "kind": "user",
        "name": "lovebeyond",
        "url": "https:\/\/www.douban.com\/people\/136756517\/",
        "uri": "douban:\/\/douban.com\/user\/136756517",
        "avatar": "https://img2.doubanio.com\/icon\/up136756517-1.jpg",
        "is_club": false,
        "type": "user",
        "id": "136756517",
        "uid": "136756517"
      },
      "create_time": "2021-10-09 22:07:42",
      "reshares_count": 0,
      "type": "review",
      "id": "13914232",
      "subject": {
        "type": "movie",
        "title": "长津湖"
      }
    },
    {
      "rating": null,
      "useful_count": 0,
      "sharing_url": "https:\/\/movie.douban.com\/review\/13914226\/",
      "title": "看《长津湖》真的是一次很好的爱国主义情怀教育！",
      "url": "https:\/\/movie.douban.com\/review\/13914226\/",
      "abstract": "我和朋友看得全程都在抽泣，灯亮的时候发现两人中间的杯洞已经装满了哭过的纸看的时候完全融入到电影的氛围里了，看着美国的战机在石堆战场上打“尸体”赌钱玩我真的好恨啊好恨啊！！！帝国主义万恶之源！！下面卧倒隐蔽的都是我们的战士和他们的英烈遗骸，美帝国主义根本就是草菅人命，没有一点对生命的基本敬畏！！！电影细节刻画的很好，遗落在战场中的一箱荣誉勋章，还有那个项链上未曾言及的故事，后面那幕名单上越往前翻越多的一个个红圈，以及最终要画在雷爹上时，真的完全绷不住都是我们中国...",
      "uri": "douban:\/\/douban.com\/review\/13914226",
      "ad_info": null,
      "topic": null,
      "photos": [],
      "reactions_count": 1,
      "comments_count": 2,
      "user": {
        "kind": "user",
        "name": "越无上荣光",
        "url": "https:\/\/www.douban.com\/people\/215702079\/",
        "uri": "douban:\/\/douban.com\/user\/215702079",
        "avatar": "https://img2.doubanio.com\/icon\/up215702079-2.jpg",
        "is_club": false,
        "type": "user",
        "id": "215702079",
        "uid": "215702079"
      },
      "create_time": "2021-10-09 22:05:39",
      "reshares_count": 0,
      "type": "review",
      "id": "13914226",
      "subject": {
        "type": "movie",
        "title": "长津湖"
      }
    },
    {
      "rating": {
        "count": 1,
        "max": 5,
        "star_count": 5.0,
        "value": 5
      },
      "useful_count": 0,
      "sharing_url": "https:\/\/movie.douban.com\/review\/13914213\/",
      "title": "易烊千玺的成长之路——这少年，未来可期！",
      "url": "https:\/\/movie.douban.com\/review\/13914213\/",
      "abstract": "曾几何时，有不少人说他只是一个好看的花瓶。可万万没想到，若干年后发现：他才是真正不断成长的王者！易烊千玺5岁时，即首登电视荧屏。9岁加入飞炫少年组合，13岁加入TFBOYS，成为其中最年幼的成员。多年来，“三小只”配合默契、表现优秀，合力将TFBOYS成功打造成了一个让70后、80后时刻感到落伍焦虑的男子演唱组合。尽管，TFBOYS火了很多年，但“三小只”还是免不了被说：不过是流量小鲜肉而已。不少人尤其不看好最年幼的易烊千玺。在TFBOYS如日中天的发展期间，易烊千玺就已经开始拍剧了。因为大部分...",
      "uri": "douban:\/\/douban.com\/review\/13914213",
      "ad_info": null,
      "topic": null,
      "photos": [
        {
          "tag_name": "img_6571278",
          "id": "6571278",
          "image": {
            "large": {
              "url": "https://img1.doubanio.com\/view\/thing_review\/l\/public\/p6571278.jpg",
              "width": 600,
              "height": 1066,
              "size": 0
            },
            "raw": null,
            "is_animated": false,
            "normal": {
              "url": "https://img1.doubanio.com\/view\/thing_review\/l\/public\/p6571278.jpg",
              "width": 600,
              "height": 1066,
              "size": 0
            }
          },
          "description": ""
        },
        {
          "tag_name": "img_6571279",
          "id": "6571279",
          "image": {
            "large": {
              "url": "https://img1.doubanio.com\/view\/thing_review\/l\/public\/p6571279.jpg",
              "width": 350,
              "height": 275,
              "size": 0
            },
            "raw": null,
            "is_animated": false,
            "normal": {
              "url": "https://img1.doubanio.com\/view\/thing_review\/l\/public\/p6571279.jpg",
              "width": 350,
              "height": 275,
              "size": 0
            }
          },
          "description": ""
        },
        {
          "tag_name": "img_6571280",
          "id": "6571280",
          "image": {
            "large": {
              "url": "https://img3.doubanio.com\/view\/thing_review\/l\/public\/p6571280.jpg",
              "width": 600,
              "height": 298,
              "size": 0
            },
            "raw": null,
            "is_animated": false,
            "normal": {
              "url": "https://img3.doubanio.com\/view\/thing_review\/l\/public\/p6571280.jpg",
              "width": 600,
              "height": 298,
              "size": 0
            }
          },
          "description": ""
        }
      ],
      "reactions_count": 1,
      "comments_count": 3,
      "user": {
        "kind": "user",
        "name": "大象看戏",
        "url": "https:\/\/www.douban.com\/people\/181642875\/",
        "uri": "douban:\/\/douban.com\/user\/181642875",
        "avatar": "https://img2.doubanio.com\/icon\/up181642875-1.jpg",
        "is_club": false,
        "type": "user",
        "id": "181642875",
        "uid": "181642875"
      },
      "create_time": "2021-10-09 22:02:15",
      "reshares_count": 0,
      "type": "review",
      "id": "13914213",
      "subject": {
        "type": "movie",
        "title": "长津湖"
      }
    },
    {
      "rating": null,
      "useful_count": 2,
      "sharing_url": "https:\/\/movie.douban.com\/review\/13914172\/",
      "title": "请宽容对待我们的电影",
      "url": "https:\/\/movie.douban.com\/review\/13914172\/",
      "abstract": "《长津湖》不仅是电影，更是史诗。我们看得出来导演是满怀着敬意去把那波澜壮阔的岁月尽可能展现出来，但是一直普通的瓶子怎么可能装得下辽阔的大海呢。纵使逻辑混乱、文武失衡，已经很努力地把那段历史展现出来了，恳请大家以宽容的态度接纳它、包容它、理解他，暂时忘记影评人的身份吧。这一刻，我只想冲动地喊一句 中国人民志愿军烈士永垂不朽",
      "uri": "douban:\/\/douban.com\/review\/13914172",
      "ad_info": null,
      "topic": null,
      "photos": [],
      "reactions_count": 1,
      "comments_count": 16,
      "user": {
        "kind": "user",
        "name": "leodayu",
        "url": "https:\/\/www.douban.com\/people\/198589504\/",
        "uri": "douban:\/\/douban.com\/user\/198589504",
        "avatar": "https://img2.doubanio.com\/icon\/up198589504-1.jpg",
        "is_club": false,
        "type": "user",
        "id": "198589504",
        "uid": "198589504"
      },
      "create_time": "2021-10-09 21:43:23",
      "reshares_count": 0,
      "type": "review",
      "id": "13914172",
      "subject": {
        "type": "movie",
        "title": "长津湖"
      }
    },
    {
      "rating": {
        "count": 1,
        "max": 5,
        "star_count": 4.0,
        "value": 4
      },
      "useful_count": 0,
      "sharing_url": "https:\/\/movie.douban.com\/review\/13914157\/",
      "title": "一些感受",
      "url": "https:\/\/movie.douban.com\/review\/13914157\/",
      "abstract": "有几个点还是很触动的 一是战士风餐露宿好不容易吃上馒头 又立马要整装待发 觉得他们真的能吃苦 配合毛岸英闪回那段 千千万万人民的孩子都来了我凭什么不来 一击即中 二是段奕宏念叨了一句个十百千万 突然就明白了这个名字的象征意义 颇有子子孙孙无穷尽也的意味 体现了集体主义观念 百里 千里 万里也蕴含行万里路的实践观 三是对无力回击的敌人手下留情 体现了人道主义精神 四是老兵开车运走标志弹 临终之前说不要留我一个人在这里 跟送志愿军烈士遗骸回家呼应了 最后一幕枪杆子和红旗 好像油画 各种色彩鲜明的画...",
      "uri": "douban:\/\/douban.com\/review\/13914157",
      "ad_info": null,
      "topic": null,
      "photos": [],
      "reactions_count": 1,
      "comments_count": 0,
      "user": {
        "kind": "user",
        "name": "啊是这样吗",
        "url": "https:\/\/www.douban.com\/people\/175334416\/",
        "uri": "douban:\/\/douban.com\/user\/175334416",
        "avatar": "https://img2.doubanio.com\/icon\/up175334416-1.jpg",
        "is_club": false,
        "type": "user",
        "id": "175334416",
        "uid": "175334416"
      },
      "create_time": "2021-10-09 21:34:48",
      "reshares_count": 0,
      "type": "review",
      "id": "13914157",
      "subject": {
        "type": "movie",
        "title": "长津湖"
      }
    },
    {
      "rating": null,
      "useful_count": 1,
      "sharing_url": "https:\/\/movie.douban.com\/review\/13914135\/",
      "title": "《长津湖》观后感",
      "url": "https:\/\/movie.douban.com\/review\/13914135\/",
      "abstract": "刚开始听到影片三个小时的时候确实有点小期待，近几年三个小时的电影确实不多。可看到最后的感官和两个小时的没区别。剧情很散，把没必要的镜头放大，我认为应该抓住场最精彩，最关键的战役描写。人物刻画的还可以，雷公这个角色确实刻画的很用心了，这部电影最令人印象深刻的应该也是这个人物了。“别把我一个人留在这。”让每个人的眼睛发涩，不会有人不害怕死亡，我们如今生活的安逸，只不过是因为有人替你负重前行。",
      "uri": "douban:\/\/douban.com\/review\/13914135",
      "ad_info": null,
      "topic": null,
      "photos": [],
      "reactions_count": 1,
      "comments_count": 0,
      "user": {
        "kind": "user",
        "name": "艺考生",
        "url": "https:\/\/www.douban.com\/people\/248083881\/",
        "uri": "douban:\/\/douban.com\/user\/248083881",
        "avatar": "https://img2.doubanio.com\/icon\/up248083881-2.jpg",
        "is_club": false,
        "type": "user",
        "id": "248083881",
        "uid": "248083881"
      },
      "create_time": "2021-10-09 21:22:23",
      "reshares_count": 0,
      "type": "review",
      "id": "13914135",
      "subject": {
        "type": "movie",
        "title": "长津湖"
      }
    },
    {
      "rating": null,
      "useful_count": 0,
      "sharing_url": "https:\/\/movie.douban.com\/review\/13914118\/",
      "title": "战争本身不值得纪念，但英雄值得！",
      "url": "https:\/\/movie.douban.com\/review\/13914118\/",
      "abstract": "我没有去电影院看这部电影，要我这个普通人拿着80多块钱买一张票看3个小时的战争片，亏死啊！然后我就白嫖了，不会觉得不好意思，也不会觉得对不起，毕竟拿几十个亿拍出来的大制作也不缺我这80几块钱啊！只能说白嫖就是爽！说说感受吧！1.5倍速看完的，那些看了3个小时的人难怪观影感不佳，因为节奏感不对啊！全过程真得很震撼！从开始没太大的期待，带着里面的美国兵都是俄罗斯人演的好笑感点开，后越看越紧张，越看越难受，战火无情，打战并不是闹着玩的，仿佛像是感受当时的那场战役一般，没有经历过...",
      "uri": "douban:\/\/douban.com\/review\/13914118",
      "ad_info": null,
      "topic": null,
      "photos": [],
      "reactions_count": 1,
      "comments_count": 2,
      "user": {
        "kind": "user",
        "name": "做到了才最开心",
        "url": "https:\/\/www.douban.com\/people\/121363909\/",
        "uri": "douban:\/\/douban.com\/user\/121363909",
        "avatar": "https://img9.doubanio.com\/icon\/up121363909-35.jpg",
        "is_club": false,
        "type": "user",
        "id": "121363909",
        "uid": "121363909"
      },
      "create_time": "2021-10-09 21:11:20",
      "reshares_count": 0,
      "type": "review",
      "id": "13914118",
      "subject": {
        "type": "movie",
        "title": "长津湖"
      }
    },
    {
      "rating": {
        "count": 1,
        "max": 5,
        "star_count": 3.0,
        "value": 3
      },
      "useful_count": 5,
      "sharing_url": "https:\/\/movie.douban.com\/review\/13914112\/",
      "title": "观后感",
      "url": "https:\/\/movie.douban.com\/review\/13914112\/",
      "abstract": "之前在北京国际电影节上有看到主创人员介绍了这部电影，印象深刻。十一放假一家人都去看了，历史是真实存在的，意义在于铭记历史，勿忘过去，起码现代人都要做到，最重要的是爱国主义教育情怀。电影有部分过于夸张，场景很虚假，巧合的事情太多了，就像有超能力的超人，真实存在吗？就当科幻片看。故事情节不够细腻。不过人物刻画还是比较感人的，演技在线，有被感动到。",
      "uri": "douban:\/\/douban.com\/review\/13914112",
      "ad_info": null,
      "topic": null,
      "photos": [],
      "reactions_count": 1,
      "comments_count": 0,
      "user": {
        "kind": "user",
        "name": "回眸善睐",
        "url": "https:\/\/www.douban.com\/people\/212436372\/",
        "uri": "douban:\/\/douban.com\/user\/212436372",
        "avatar": "https://img2.doubanio.com\/icon\/up212436372-1.jpg",
        "is_club": false,
        "type": "user",
        "id": "212436372",
        "uid": "212436372"
      },
      "create_time": "2021-10-09 21:08:55",
      "reshares_count": 0,
      "type": "review",
      "id": "13914112",
      "subject": {
        "type": "movie",
        "title": "长津湖"
      }
    },
    {
      "rating": {
        "count": 1,
        "max": 5,
        "star_count": 5.0,
        "value": 5
      },
      "useful_count": 1,
      "sharing_url": "https:\/\/movie.douban.com\/review\/13914097\/",
      "title": "普通人的心声",
      "url": "https:\/\/movie.douban.com\/review\/13914097\/",
      "abstract": "刚看完，实话说，一开始买票后，看了那么多一星的评论，我有犹豫。两个多小时看下来，我不知道流了多少泪……这部片子拍得很真实，是真正的战争片，那么多年来，没有哪部战争片超过它。我不喜欢流量明星，但是不得不说，四字弟弟的表演还过得去，至少从头到尾，我就没感觉到是这个小鲜肉。我们作为普通百姓，代入感太强，基本上在开赴战场的列车被炸后，我的眼泪就干了流流了干。看到美军那么先进的装备，我恨的牙痒痒，也很绝望，天哪！这要怎么打？……诚然，电影有些夸张的成份，比如炮弹空中撞击，主...",
      "uri": "douban:\/\/douban.com\/review\/13914097",
      "ad_info": null,
      "topic": null,
      "photos": [],
      "reactions_count": 1,
      "comments_count": 3,
      "user": {
        "kind": "user",
        "name": "ardell",
        "url": "https:\/\/www.douban.com\/people\/20834690\/",
        "uri": "douban:\/\/douban.com\/user\/20834690",
        "avatar": "https://img2.doubanio.com\/icon\/up20834690-1.jpg",
        "is_club": false,
        "type": "user",
        "id": "20834690",
        "uid": "20834690"
      },
      "create_time": "2021-10-09 21:02:23",
      "reshares_count": 0,
      "type": "review",
      "id": "13914097",
      "subject": {
        "type": "movie",
        "title": "长津湖"
      }
    },
    {
      "rating": null,
      "useful_count": 2,
      "sharing_url": "https:\/\/movie.douban.com\/review\/13914066\/",
      "title": "二刷长津湖，去掉滤镜更真实",
      "url": "https:\/\/movie.douban.com\/review\/13914066\/",
      "abstract": "国庆假期去看了长津湖，今天单位组织统一观影，我也顺便二刷。相比于第一遍带着新鲜感、满心期待和浓烈的爱国情怀，二刷更关注剧情细节和演员的演技了。不吹不黑，在我看来，易烊千玺整体表现还行，就是偶尔的表情略显油腻，有种过犹不及的感觉。伍千里、雷睢生的人物不够鲜明，总有种想营造却没完全营造的感觉。有些台词也尴尬，“一个蛋从外面打破注定要被吃掉，但从里面打破，没准是只鹰，”这种鸡汤语录放在电影里真没啥意思，无趣得像是春晚小品里早已不流行的网络用语一样。不过以上的观点，都是我在高...",
      "uri": "douban:\/\/douban.com\/review\/13914066",
      "ad_info": null,
      "topic": null,
      "photos": [],
      "reactions_count": 1,
      "comments_count": 0,
      "user": {
        "kind": "user",
        "name": "雨来佳",
        "url": "https:\/\/www.douban.com\/people\/154178474\/",
        "uri": "douban:\/\/douban.com\/user\/154178474",
        "avatar": "https://img2.doubanio.com\/icon\/up154178474-1.jpg",
        "is_club": false,
        "type": "user",
        "id": "154178474",
        "uid": "154178474"
      },
      "create_time": "2021-10-09 20:51:11",
      "reshares_count": 0,
      "type": "review",
      "id": "13914066",
      "subject": {
        "type": "movie",
        "title": "长津湖"
      }
    }
  ]
