﻿[
    {
      "rating": {
        "count": 1,
        "max": 5,
        "star_count": 4.0,
        "value": 4
      },
      "useful_count": 4,
      "sharing_url": "https:\/\/movie.douban.com\/review\/13920240\/",
      "title": "一句话。三小时，没白花",
      "url": "https:\/\/movie.douban.com\/review\/13920240\/",
      "abstract": "《长津湖》终于来了。据说创造历史的13亿投资，再加众星云集，场面恢弘，《长津湖》至少在拍摄方面，是中国电影史上罕见巨作。最重要的是，它描绘的长津湖战役，本就是伟大悲壮的。影片到底如何？一句话。三小时，没白花。本文有剧透。1抗美援朝，是中国人民志愿军和中国人民创造的一次奇迹，而长津湖之战，更是一次奇迹中的奇迹。1950年，美军不仅跨过三八线，更企图跨过鸭绿江，威胁我国安全。中国人民志愿军第9兵团3个军，与武器装备世界一流的美军第10军，于1950年11月27日至12月24日，在朝鲜...",
      "uri": "douban:\/\/douban.com\/review\/13920240",
      "ad_info": null,
      "topic": null,
      "photos": [
        {
          "tag_name": "img_6565894",
          "id": "6565894",
          "image": {
            "large": {
              "url": "https://img9.doubanio.com\/view\/thing_review\/l\/public\/p6565894.jpg",
              "width": 600,
              "height": 840,
              "size": 0
            },
            "raw": null,
            "is_animated": false,
            "normal": {
              "url": "https://img9.doubanio.com\/view\/thing_review\/l\/public\/p6565894.jpg",
              "width": 600,
              "height": 840,
              "size": 0
            }
          },
          "description": ""
        },
        {
          "tag_name": "img_6565895",
          "id": "6565895",
          "image": {
            "large": {
              "url": "https://img9.doubanio.com\/view\/thing_review\/raw\/public\/p6565895.jpg",
              "width": 320,
              "height": 156,
              "size": 0
            },
            "raw": null,
            "is_animated": true,
            "normal": {
              "url": "https://img9.doubanio.com\/view\/thing_review\/l\/public\/p6565895.jpg",
              "width": 320,
              "height": 156,
              "size": 0
            }
          },
          "description": ""
        },
        {
          "tag_name": "img_6565896",
          "id": "6565896",
          "image": {
            "large": {
              "url": "https://img9.doubanio.com\/view\/thing_review\/l\/public\/p6565896.jpg",
              "width": 600,
              "height": 400,
              "size": 0
            },
            "raw": null,
            "is_animated": false,
            "normal": {
              "url": "https://img9.doubanio.com\/view\/thing_review\/l\/public\/p6565896.jpg",
              "width": 600,
              "height": 400,
              "size": 0
            }
          },
          "description": ""
        }
      ],
      "reactions_count": 1,
      "comments_count": 10,
      "user": {
        "kind": "user",
        "name": "巴塞电影",
        "url": "https:\/\/www.douban.com\/people\/140192063\/",
        "uri": "douban:\/\/douban.com\/user\/140192063",
        "avatar": "https://img1.doubanio.com\/icon\/up140192063-8.jpg",
        "is_club": false,
        "type": "user",
        "id": "140192063",
        "uid": "moviebase"
      },
      "create_time": "2021-10-08 10:56:04",
      "reshares_count": 1,
      "type": "review",
      "id": "13920240",
      "subject": {
        "type": "movie",
        "title": "长津湖"
      }
    },
    {
      "rating": null,
      "useful_count": 9,
      "sharing_url": "https:\/\/movie.douban.com\/review\/13915981\/",
      "title": "更多人应该看到真正的历史",
      "url": "https:\/\/movie.douban.com\/review\/13915981\/",
      "abstract": "70年前的长津湖，志愿军诱敌深入，布下埋伏，以八个师八万人将美军为首的多国部队两万人割而围之，才以伤亡两万、冻伤三万、冻死四千获得对美军总伤亡两万的惨胜（包括战斗伤亡及非战斗伤亡）。即便如此，依然无法全歼美军，且美军依然有能力在重重围攻下用飞机运走四千伤员，在唯一退路黄草岭水门桥被志愿军将桥基也炸毁的情况下，竟能通过运输机空投桥梁预制件两天内在悬崖之中建起能承重40-50吨的桥梁，使其机械化部队完全撤离。30年前的沙漠风暴，伊拉克号称全球第四的一百二十万陆军在五十天内全线崩溃，伤...",
      "uri": "douban:\/\/douban.com\/review\/13915981",
      "ad_info": null,
      "topic": null,
      "photos": [],
      "reactions_count": 1,
      "comments_count": 7,
      "user": {
        "kind": "user",
        "name": "Jac",
        "url": "https:\/\/www.douban.com\/people\/157602312\/",
        "uri": "douban:\/\/douban.com\/user\/157602312",
        "avatar": "https://img2.doubanio.com\/icon\/up157602312-3.jpg",
        "is_club": false,
        "type": "user",
        "id": "157602312",
        "uid": "157602312"
      },
      "create_time": "2021-10-10 21:51:29",
      "reshares_count": 1,
      "type": "review",
      "id": "13915981",
      "subject": {
        "type": "movie",
        "title": "长津湖"
      }
    },
    {
      "rating": null,
      "useful_count": 8,
      "sharing_url": "https:\/\/movie.douban.com\/review\/13898316\/",
      "title": "为啥要给他满分",
      "url": "https:\/\/movie.douban.com\/review\/13898316\/",
      "abstract": "首先，这部片子定义是主旋律电影！但确是让很多制片方和投资人清楚要怎么拍的“主旋律”电影。以前我们的主旋律电影是怎样的？很多基本上是剧情散乱，人物形象不饱满，战斗场面欠缺，画面和电影剪辑艺术欠缺。而今年开始，主旋律作品得到越来越多年轻人喜欢了。在还原历史上，情节跌宕起伏，注重细节，尊重史实，配乐升华主题，人物刻画饱满深刻……让人看得酣畅淋漓，也记住一个又一个可爱的人。而长津湖三个小时里，基本没有尿点，没有足够对美军实力的铺垫，就没有后面打仗的激情和共鸣，剪了可能就让...",
      "uri": "douban:\/\/douban.com\/review\/13898316",
      "ad_info": null,
      "topic": null,
      "photos": [
        {
          "tag_name": "img_6544884",
          "id": "6544884",
          "image": {
            "large": {
              "url": "https://img9.doubanio.com\/view\/thing_review\/l\/public\/p6544884.jpg",
              "width": 600,
              "height": 450,
              "size": 0
            },
            "raw": null,
            "is_animated": false,
            "normal": {
              "url": "https://img9.doubanio.com\/view\/thing_review\/l\/public\/p6544884.jpg",
              "width": 600,
              "height": 450,
              "size": 0
            }
          },
          "description": ""
        }
      ],
      "reactions_count": 1,
      "comments_count": 65,
      "user": {
        "kind": "user",
        "name": "这里来的阿瓜",
        "url": "https:\/\/www.douban.com\/people\/48483153\/",
        "uri": "douban:\/\/douban.com\/user\/48483153",
        "avatar": "https://img9.doubanio.com\/icon\/up48483153-6.jpg",
        "is_club": false,
        "type": "user",
        "id": "48483153",
        "uid": "akuTsui"
      },
      "create_time": "2021-10-02 12:29:39",
      "reshares_count": 0,
      "type": "review",
      "id": "13898316",
      "subject": {
        "type": "movie",
        "title": "长津湖"
      }
    },
    {
      "rating": {
        "count": 1,
        "max": 5,
        "star_count": 5.0,
        "value": 5
      },
      "useful_count": 5,
      "sharing_url": "https:\/\/movie.douban.com\/review\/13920233\/",
      "title": "《长津湖》观后感",
      "url": "https:\/\/movie.douban.com\/review\/13920233\/",
      "abstract": "今天和老公带着孩子一起去看了电影《长津湖》，电影全片都很震撼人心，情节环环相扣，带给我们全家震撼，不仅是对孩子，更重要的是警示我们所有人吾辈当自强 《长津湖》电影是以抗美援朝第二次战役中的长津湖为背景，讲述了中国人民志愿军在极其艰苦、严寒的情况下，以钢铁般的意志、英勇无畏的斗争精神，顽强的战斗。狠狠地灭了美军的气焰，粉碎了美军的“圣诞节攻势”，从而扭转了朝鲜战局，是抗美援朝战争中战略意义最重大的一次胜利。在电影放映的过程中，我哭了。可是当电影结束时，看到大家红红的双眼，...",
      "uri": "douban:\/\/douban.com\/review\/13920233",
      "ad_info": null,
      "topic": null,
      "photos": [
        {
          "tag_name": "img_6567605",
          "id": "6567605",
          "image": {
            "large": {
              "url": "https://img9.doubanio.com\/view\/thing_review\/l\/public\/p6567605.jpg",
              "width": 600,
              "height": 958,
              "size": 0
            },
            "raw": null,
            "is_animated": false,
            "normal": {
              "url": "https://img9.doubanio.com\/view\/thing_review\/l\/public\/p6567605.jpg",
              "width": 600,
              "height": 958,
              "size": 0
            }
          },
          "description": ""
        },
        {
          "tag_name": "img_6567610",
          "id": "6567610",
          "image": {
            "large": {
              "url": "https://img3.doubanio.com\/view\/thing_review\/l\/public\/p6567610.jpg",
              "width": 600,
              "height": 387,
              "size": 0
            },
            "raw": null,
            "is_animated": false,
            "normal": {
              "url": "https://img3.doubanio.com\/view\/thing_review\/l\/public\/p6567610.jpg",
              "width": 600,
              "height": 387,
              "size": 0
            }
          },
          "description": ""
        },
        {
          "tag_name": "img_6567611",
          "id": "6567611",
          "image": {
            "large": {
              "url": "https://img2.doubanio.com\/view\/thing_review\/l\/public\/p6567611.jpg",
              "width": 600,
              "height": 332,
              "size": 0
            },
            "raw": null,
            "is_animated": false,
            "normal": {
              "url": "https://img2.doubanio.com\/view\/thing_review\/l\/public\/p6567611.jpg",
              "width": 600,
              "height": 332,
              "size": 0
            }
          },
          "description": ""
        }
      ],
      "reactions_count": 1,
      "comments_count": 0,
      "user": {
        "kind": "user",
        "name": "联想",
        "url": "https:\/\/www.douban.com\/people\/214342340\/",
        "uri": "douban:\/\/douban.com\/user\/214342340",
        "avatar": "https://img2.doubanio.com\/icon\/up214342340-1.jpg",
        "is_club": false,
        "type": "user",
        "id": "214342340",
        "uid": "lenove0620"
      },
      "create_time": "2021-10-08 20:11:09",
      "reshares_count": 0,
      "type": "review",
      "id": "13920233",
      "subject": {
        "type": "movie",
        "title": "长津湖"
      }
    },
    {
      "rating": {
        "count": 1,
        "max": 5,
        "star_count": 5.0,
        "value": 5
      },
      "useful_count": 2,
      "sharing_url": "https:\/\/movie.douban.com\/review\/13919786\/",
      "title": "青山何幸埋忠骨",
      "url": "https:\/\/movie.douban.com\/review\/13919786\/",
      "abstract": "后半段稍显疲软，但它也值得一个5星，一定要看。有些电影可看可不看，《长津湖》属于一定要看，为那段历史，所有人都该铭记。我看过的战争片不多，比1917更喜欢长津湖。但就电影本身来讲，抗美援朝冰雕连这个题材，我期望看到更写实更详尽的内容，刚好我对这段历史有点兴趣，看过一些纪录片和文章，稍有了解冰雕连的故事，至今忘不了我第一次知道，曾经有人活活冻死在抗美援朝战场上时，久久不能平复的震撼。我希望能看到一部电影沉痛地表现出将士英雄们冰天雪地里的煎熬，至无声无息终了在这异国他乡苍茫大地…...",
      "uri": "douban:\/\/douban.com\/review\/13919786",
      "ad_info": null,
      "topic": null,
      "photos": [],
      "reactions_count": 1,
      "comments_count": 0,
      "user": {
        "kind": "user",
        "name": "泰菲亲娘",
        "url": "https:\/\/www.douban.com\/people\/104011179\/",
        "uri": "douban:\/\/douban.com\/user\/104011179",
        "avatar": "https://img1.doubanio.com\/icon\/up104011179-8.jpg",
        "is_club": false,
        "type": "user",
        "id": "104011179",
        "uid": "104011179"
      },
      "create_time": "2021-10-12 16:31:21",
      "reshares_count": 0,
      "type": "review",
      "id": "13919786",
      "subject": {
        "type": "movie",
        "title": "长津湖"
      }
    },
    {
      "rating": {
        "count": 1,
        "max": 5,
        "star_count": 4.0,
        "value": 4
      },
      "useful_count": 4,
      "sharing_url": "https:\/\/movie.douban.com\/review\/13918390\/",
      "title": "《长津湖》可以是一个更好的故事",
      "url": "https:\/\/movie.douban.com\/review\/13918390\/",
      "abstract": "朝鲜战争只有回来的那些英雄才知道究竟有多么的残酷！以下出自电视剧《亮剑》孔捷的发言： “我老孔打了一辈子仗，还没碰上这么强大的对手。战斗持续了一天一夜的时间，美军的那个营损失了三分之二，可他们最后还是突围跑了。 我们的弹药打光了，连物资都没有了，在零下四十度的条件下，战士们还身穿单衣空着肚子，用刺刀和工兵锹跟敌人战斗。在敌人天上地下火力组成的攻势下，战士们大批大批的倒下，我对不起他们哪...... ”我个人觉得电影确实拍的还是不够完满。电影以连队为视角，但是又想把这场战役的其它地...",
      "uri": "douban:\/\/douban.com\/review\/13918390",
      "ad_info": null,
      "topic": null,
      "photos": [],
      "reactions_count": 1,
      "comments_count": 4,
      "user": {
        "kind": "user",
        "name": "渔父不爱吃鱼",
        "url": "https:\/\/www.douban.com\/people\/139956677\/",
        "uri": "douban:\/\/douban.com\/user\/139956677",
        "avatar": "https://img2.doubanio.com\/icon\/up139956677-3.jpg",
        "is_club": false,
        "type": "user",
        "id": "139956677",
        "uid": "139956677"
      },
      "create_time": "2021-10-12 11:56:31",
      "reshares_count": 1,
      "type": "review",
      "id": "13918390",
      "subject": {
        "type": "movie",
        "title": "长津湖"
      }
    },
    {
      "rating": null,
      "useful_count": 1,
      "sharing_url": "https:\/\/movie.douban.com\/review\/13917779\/",
      "title": "《长津湖》",
      "url": "https:\/\/movie.douban.com\/review\/13917779\/",
      "abstract": "感谢老公照看宝宝，让我有机会去看这部期待已久的电影。上学的时候就知道抗美援朝战争，但是并没有去真正了解这场战争的背景和意义，更不知道当时处在战争中的战士们所经历的所有苦难，所以感谢电影导演以及演员可以还原历史，让我们可以感受这场战争的残酷以及前辈们的伟大。在电影里，几乎没有看到士兵们在吃食物，而是扛着枪和炮在不停的行走和战斗，在零下四十多度的冰天雪地里一直蹲着保持战斗姿势，只能拿着硌牙的小土豆填肚子，真的太心疼这些英雄了，现在我们半天没有吃东西都饿的肚子咕咕叫，想想那个...",
      "uri": "douban:\/\/douban.com\/review\/13917779",
      "ad_info": null,
      "topic": null,
      "photos": [],
      "reactions_count": 1,
      "comments_count": 0,
      "user": {
        "kind": "user",
        "name": "胡胡",
        "url": "https:\/\/www.douban.com\/people\/135854042\/",
        "uri": "douban:\/\/douban.com\/user\/135854042",
        "avatar": "https://img2.doubanio.com\/icon\/user_large.jpg",
        "is_club": false,
        "type": "user",
        "id": "135854042",
        "uid": "135854042"
      },
      "create_time": "2021-10-11 23:16:10",
      "reshares_count": 0,
      "type": "review",
      "id": "13917779",
      "subject": {
        "type": "movie",
        "title": "长津湖"
      }
    },
    {
      "rating": {
        "count": 1,
        "max": 5,
        "star_count": 3.0,
        "value": 3
      },
      "useful_count": 26,
      "sharing_url": "https:\/\/movie.douban.com\/review\/13909533\/",
      "title": "燃 但是可能没有达到我心中的预期",
      "url": "https:\/\/movie.douban.com\/review\/13909533\/",
      "abstract": "其实！我觉得这个电影总体还是很燃的，但是但是！！就是没我想象中的好。我觉得就是作为一个“历史题材”的电影，是不是不应该太过于戏剧化了？里面很多东西，给我感觉并不是很专业 。比如就是拿火箭筒打战斗机；指导员开着卡车扔手雷扔一条街，很不科学；还有一开始的剧情跳脱的也很奇怪让我很难入戏；另外，主角之一的五万里。作为一名军人没有军纪私自离开队伍这一点就为了找他哥让我感觉很难受，凭一个人扔手雷这样的真的很出戏。我认为如果这部戏，他想拍的是长津湖战役，更多的应该是刻画志愿军群像，比如很...",
      "uri": "douban:\/\/douban.com\/review\/13909533",
      "ad_info": null,
      "topic": null,
      "photos": [],
      "reactions_count": 1,
      "comments_count": 7,
      "user": {
        "kind": "user",
        "name": "Jeeyeon Chan",
        "url": "https:\/\/www.douban.com\/people\/209969705\/",
        "uri": "douban:\/\/douban.com\/user\/209969705",
        "avatar": "https://img2.doubanio.com\/icon\/up209969705-3.jpg",
        "is_club": false,
        "type": "user",
        "id": "209969705",
        "uid": "209969705"
      },
      "create_time": "2021-10-07 20:04:15",
      "reshares_count": 0,
      "type": "review",
      "id": "13909533",
      "subject": {
        "type": "movie",
        "title": "长津湖"
      }
    },
    {
      "rating": {
        "count": 1,
        "max": 5,
        "star_count": 4.0,
        "value": 4
      },
      "useful_count": 10,
      "sharing_url": "https:\/\/movie.douban.com\/review\/13906632\/",
      "title": "《长津湖》观后感",
      "url": "https:\/\/movie.douban.com\/review\/13906632\/",
      "abstract": "整体上挺好的，战斗场面和演员选择都不错，为什么一定要出兵的背景也交待清楚了，演员稳定发挥；细节之处有以下几点：1.没有突出指挥官的智慧，指导员和连长都奋勇杀敌，冲在最前面，“主角光环”下没有显示出他们作为一个英雄连的智慧计谋；2.融入一些大家共同记忆中的感动点不知是否会更好，想象中全篇结束《我的祖国》《英雄儿女》这样的音乐响起，全场自动大合唱，配上结束胜利的字幕，一直等到最后除了堆叠名字也没有啥惊喜，总感觉没有结局；3.最重要的一点，缺少了对信仰的力量的描绘，大家当兵打仗是为了...",
      "uri": "douban:\/\/douban.com\/review\/13906632",
      "ad_info": null,
      "topic": null,
      "photos": [],
      "reactions_count": 1,
      "comments_count": 1,
      "user": {
        "kind": "user",
        "name": "豆友hjn1uU_y2w",
        "url": "https:\/\/www.douban.com\/people\/247891211\/",
        "uri": "douban:\/\/douban.com\/user\/247891211",
        "avatar": "https://img2.doubanio.com\/icon\/up247891211-1.jpg",
        "is_club": false,
        "type": "user",
        "id": "247891211",
        "uid": "247891211"
      },
      "create_time": "2021-10-06 11:38:03",
      "reshares_count": 0,
      "type": "review",
      "id": "13906632",
      "subject": {
        "type": "movie",
        "title": "长津湖"
      }
    },
    {
      "rating": {
        "count": 1,
        "max": 5,
        "star_count": 5.0,
        "value": 5
      },
      "useful_count": 93,
      "sharing_url": "https:\/\/movie.douban.com\/review\/13893134\/",
      "title": "长津湖",
      "url": "https:\/\/movie.douban.com\/review\/13893134\/",
      "abstract": "有幸看了点映，战争场面的宏大我是想过的，但是真正坐在影院里的时候还是让我震撼。我打下刚刚那行字的时候，手颤抖的，仿佛亲身经历在那场战争，是如宣传所说那般，是中国电影史上投资、制作规模最大的一部影片。节奏非常的紧凑，刚刚放松下来，就又把你拉回战争的紧张中，三个小时真的完全不嫌多。演员演技也全程在线，战友情，亲情，家国情糅杂在一起，中国军人身上那种铁骨铮铮亦有血有肉的形象呼之欲出，，以易烊千玺饰演的伍万里为视角，就像我们在场每个年轻人一样，见证了这场战争，弟弟的演技有了...",
      "uri": "douban:\/\/douban.com\/review\/13893134",
      "ad_info": null,
      "topic": null,
      "photos": [
        {
          "tag_name": "img_6537139",
          "id": "6537139",
          "image": {
            "large": {
              "url": "https://img1.doubanio.com\/view\/thing_review\/l\/public\/p6537139.jpg",
              "width": 600,
              "height": 800,
              "size": 0
            },
            "raw": null,
            "is_animated": false,
            "normal": {
              "url": "https://img1.doubanio.com\/view\/thing_review\/l\/public\/p6537139.jpg",
              "width": 600,
              "height": 800,
              "size": 0
            }
          },
          "description": ""
        },
        {
          "tag_name": "img_6537138",
          "id": "6537138",
          "image": {
            "large": {
              "url": "https://img1.doubanio.com\/view\/thing_review\/l\/public\/p6537138.jpg",
              "width": 600,
              "height": 450,
              "size": 0
            },
            "raw": null,
            "is_animated": false,
            "normal": {
              "url": "https://img1.doubanio.com\/view\/thing_review\/l\/public\/p6537138.jpg",
              "width": 600,
              "height": 450,
              "size": 0
            }
          },
          "description": ""
        }
      ],
      "reactions_count": 1,
      "comments_count": 34,
      "user": {
        "kind": "user",
        "name": "酸梅汤好喝",
        "url": "https:\/\/www.douban.com\/people\/148179517\/",
        "uri": "douban:\/\/douban.com\/user\/148179517",
        "avatar": "https://img2.doubanio.com\/icon\/up148179517-2.jpg",
        "is_club": false,
        "type": "user",
        "id": "148179517",
        "uid": "148179517"
      },
      "create_time": "2021-09-30 08:30:24",
      "reshares_count": 0,
      "type": "review",
      "id": "13893134",
      "subject": {
        "type": "movie",
        "title": "长津湖"
      }
    },
    {
      "rating": null,
      "useful_count": 9,
      "sharing_url": "https:\/\/movie.douban.com\/review\/13909593\/",
      "title": "观《长津湖》有感",
      "url": "https:\/\/movie.douban.com\/review\/13909593\/",
      "abstract": "整场电影下来，这句话被不同的人重复了很多次：如果这场仗我们不打，就是我们的下一代要打。他们希望能换来安稳盛世，所以义不容辞、无所畏惧的去了…影片有一个镜头：是白雪皑皑的一片，美军撤退时以为遇到了中方军队，走近看，是被冻死的战士！连美方将军也被震慑住了，从而发出：我们永远不可能战胜这样的军队的感叹。影片中将两方军队的生活条件也体现的淋漓尽致，志愿军们穿的是单薄粗布衣服、吃的是冻得像石头一般的土豆，蹲守在零下四十度的雪地上。而美方穿着暖和的棉袄、吃着热腾腾的鸡肉饭菜、住...",
      "uri": "douban:\/\/douban.com\/review\/13909593",
      "ad_info": null,
      "topic": null,
      "photos": [],
      "reactions_count": 1,
      "comments_count": 0,
      "user": {
        "kind": "user",
        "name": "大婷",
        "url": "https:\/\/www.douban.com\/people\/142141383\/",
        "uri": "douban:\/\/douban.com\/user\/142141383",
        "avatar": "https://img2.doubanio.com\/icon\/up142141383-1.jpg",
        "is_club": false,
        "type": "user",
        "id": "142141383",
        "uid": "142141383"
      },
      "create_time": "2021-10-07 20:39:21",
      "reshares_count": 3,
      "type": "review",
      "id": "13909593",
      "subject": {
        "type": "movie",
        "title": "长津湖"
      }
    },
    {
      "rating": {
        "count": 1,
        "max": 5,
        "star_count": 3.0,
        "value": 3
      },
      "useful_count": 4,
      "sharing_url": "https:\/\/movie.douban.com\/review\/13946848\/",
      "title": "《长津湖》",
      "url": "https:\/\/movie.douban.com\/review\/13946848\/",
      "abstract": "说实话，不是我想象的长津湖，虽然有三大导演保驾护航，只是个人感觉电影从始至终都没有讲清志愿军之所以胜利的原因。单就战斗画面而言，确实很惊艳，不可否认陈凯歌，林超贤，徐克的导演片段镜头能力，将吴京等几人的英雄形象表现的很到位，但也不可否认，他们所表现出来的，有且仅有个人英雄主义，这就像是一群穿着志愿军外衣的美国大兵。我听到影院里有不少哭，我想他们哭的是镜头普通士兵被武器摧残的残忍画面，哭的是战争的无情，哭的是志愿军无衣无粮的可怜。这是我所叹息的，一部所谓的志愿军电影却...",
      "uri": "douban:\/\/douban.com\/review\/13946848",
      "ad_info": null,
      "topic": null,
      "photos": [],
      "reactions_count": 1,
      "comments_count": 3,
      "user": {
        "kind": "user",
        "name": "Pocky",
        "url": "https:\/\/www.douban.com\/people\/230001832\/",
        "uri": "douban:\/\/douban.com\/user\/230001832",
        "avatar": "https://img2.doubanio.com\/icon\/up230001832-2.jpg",
        "is_club": false,
        "type": "user",
        "id": "230001832",
        "uid": "230001832"
      },
      "create_time": "2021-10-22 11:28:02",
      "reshares_count": 0,
      "type": "review",
      "id": "13946848",
      "subject": {
        "type": "movie",
        "title": "长津湖"
      }
    },
    {
      "rating": {
        "count": 1,
        "max": 5,
        "star_count": 3.0,
        "value": 3
      },
      "useful_count": 31,
      "sharing_url": "https:\/\/movie.douban.com\/review\/13920256\/",
      "title": "长长长长长长长长长津湖",
      "url": "https:\/\/movie.douban.com\/review\/13920256\/",
      "abstract": "7.1分左右。林超贤的暴力，徐克的五毛特效，陈凯歌的二流青年文学，用一段壮烈的历史拍了这一部将近三个小时却依旧讲得稀里糊涂的电影。几个导演的影子在里面相当明显，本来还以为会分段叙事，一人一个单元，但估计怕“谁丑谁尴尬”(参照《我和我的祖国》)，索性集各家之长，领功一起，挨骂共扛。那么我开始了。首先电影里面既然都用了大量抠图，千里家那一段就不能稍微做旧一些吗，一看就像某个旅游景点。故事一部分着重在四字扮演的万里这个愣头青，从观望战场到参与战场的心理变化历程，本也想通过这个视角...",
      "uri": "douban:\/\/douban.com\/review\/13920256",
      "ad_info": null,
      "topic": null,
      "photos": [],
      "reactions_count": 1,
      "comments_count": 14,
      "user": {
        "kind": "user",
        "name": "一骞个人",
        "url": "https:\/\/www.douban.com\/people\/164458405\/",
        "uri": "douban:\/\/douban.com\/user\/164458405",
        "avatar": "https://img9.doubanio.com\/icon\/up164458405-4.jpg",
        "is_club": false,
        "type": "user",
        "id": "164458405",
        "uid": "164458405"
      },
      "create_time": "2021-10-10 20:27:50",
      "reshares_count": 0,
      "type": "review",
      "id": "13920256",
      "subject": {
        "type": "movie",
        "title": "长津湖"
      }
    },
    {
      "rating": {
        "count": 1,
        "max": 5,
        "star_count": 5.0,
        "value": 5
      },
      "useful_count": 5,
      "sharing_url": "https:\/\/movie.douban.com\/review\/13920255\/",
      "title": "观《长津湖》后感",
      "url": "https:\/\/movie.douban.com\/review\/13920255\/",
      "abstract": "    看电影、看小说，都不免要把自己置身其间而感其所感，想其所想。志愿军赴朝前夕，宋时轮指挥长官讲了一番话，其中一句话是这样：共产党、毛主席把土地分给人民，有人要抢回去，这个不能答应。记得观影时也在心里喊了句：不能答应。才刚从半殖民地半封建社会的沼泽里爬出来，美国鬼子自己早已经吃香的喝辣的，却还要把人再往沼泽地里推，心地也太狠毒、贪婪了。自然要去打的。  火车上大家说说笑笑，倒还热闹，而且互相关心、扶持，有的吃有的喝，大约也想过将要来到的艰难、甚至牺牲，可是毕竟还没有来，再...",
      "uri": "douban:\/\/douban.com\/review\/13920255",
      "ad_info": null,
      "topic": null,
      "photos": [],
      "reactions_count": 1,
      "comments_count": 0,
      "user": {
        "kind": "user",
        "name": "敏讷",
        "url": "https:\/\/www.douban.com\/people\/152360858\/",
        "uri": "douban:\/\/douban.com\/user\/152360858",
        "avatar": "https://img2.doubanio.com\/icon\/up152360858-2.jpg",
        "is_club": false,
        "type": "user",
        "id": "152360858",
        "uid": "152360858"
      },
      "create_time": "2021-10-08 08:00:06",
      "reshares_count": 0,
      "type": "review",
      "id": "13920255",
      "subject": {
        "type": "movie",
        "title": "长津湖"
      }
    },
    {
      "rating": {
        "count": 1,
        "max": 5,
        "star_count": 4.0,
        "value": 4
      },
      "useful_count": 9,
      "sharing_url": "https:\/\/movie.douban.com\/review\/13920252\/",
      "title": "《长津湖》:虽然电影不能打动我，但我愿为志愿军献上最高的敬意",
      "url": "https:\/\/movie.douban.com\/review\/13920252\/",
      "abstract": "在文章的最开始，我想表达一下对《长津湖》的看法。不可否认，《长津湖》是一部质量过关的战争片，在设计，场面，以及人物聚焦这些方面都做的可圈可点。但它却不能让我满意，甚至远低于我的预期，不是说《长津湖》很差，而是我不能接受它只是“还可以”，就像大家不能接受巅峰博尔特拿到奥运会银牌。可以说，《长津湖》是我期待了一年半的一部片子。我之前在写《金刚川》的文章里也说过，我对于抗美援朝战争和对志愿军的敬意从孩提时代就存在了。所以从《长津湖》开拍开始，我就一直很关注它。只是因为疫情，这...",
      "uri": "douban:\/\/douban.com\/review\/13920252",
      "ad_info": null,
      "topic": null,
      "photos": [],
      "reactions_count": 1,
      "comments_count": 2,
      "user": {
        "kind": "user",
        "name": "魏小黑",
        "url": "https:\/\/www.douban.com\/people\/199517757\/",
        "uri": "douban:\/\/douban.com\/user\/199517757",
        "avatar": "https://img2.doubanio.com\/icon\/up199517757-1.jpg",
        "is_club": false,
        "type": "user",
        "id": "199517757",
        "uid": "199517757"
      },
      "create_time": "2021-10-08 08:17:25",
      "reshares_count": 0,
      "type": "review",
      "id": "13920252",
      "subject": {
        "type": "movie",
        "title": "长津湖"
      }
    },
    {
      "rating": null,
      "useful_count": 4,
      "sharing_url": "https:\/\/movie.douban.com\/review\/13920250\/",
      "title": "致敬——我们的先辈",
      "url": "https:\/\/movie.douban.com\/review\/13920250\/",
      "abstract": "你是否跟我一样，总觉得那些历史、党史、英雄史遥不可及？中学历史教科书里关于时间、地点、人物和事件的记载，我们只是死记硬背，应付考试。到了大学，甚至工作了，国家仍然很重视党史、国史教育。通过青年大学习、党史知识竞赛、学习强国等线上资源的学习，以及红色基地、博物馆、史藏馆等线下资源的学习，我们越发深入了解历史，挖掘背后的不为人知的史实，关注曾推动历史进程的烈士英雄。滚滚历史长河中，大人物我们铭记于心，小人物我们也致肃然致敬。国庆假期上映的两部爱国电影，便是最好的印证——不管...",
      "uri": "douban:\/\/douban.com\/review\/13920250",
      "ad_info": null,
      "topic": null,
      "photos": [],
      "reactions_count": 1,
      "comments_count": 0,
      "user": {
        "kind": "user",
        "name": "狐狸",
        "url": "https:\/\/www.douban.com\/people\/243109754\/",
        "uri": "douban:\/\/douban.com\/user\/243109754",
        "avatar": "https://img2.doubanio.com\/icon\/up243109754-1.jpg",
        "is_club": false,
        "type": "user",
        "id": "243109754",
        "uid": "243109754"
      },
      "create_time": "2021-10-10 12:40:45",
      "reshares_count": 0,
      "type": "review",
      "id": "13920250",
      "subject": {
        "type": "movie",
        "title": "长津湖"
      }
    },
    {
      "rating": {
        "count": 1,
        "max": 5,
        "star_count": 4.0,
        "value": 4
      },
      "useful_count": 1,
      "sharing_url": "https:\/\/movie.douban.com\/review\/13920248\/",
      "title": "钢七连前传上集",
      "url": "https:\/\/movie.douban.com\/review\/13920248\/",
      "abstract": "优点：1.讲清楚了钢七连的由来和钢七连战士的成长史；2.正面塑造了老辣又爱兵如子的陆战一师师长史密斯，日行6里挽救了一师，是值得敬佩的对手；3.动作和战斗场面延续了红海行动的质量；缺点：1.战争场面，特别是人海战术、蚁附进攻差评！看不到33制，看不到班组反坦克战术，把北极熊团的坦克拍成了卡丁车，把北极熊团拍成了淮海战役的国军；2.美军的大场面调度CG让人想起了珍珠港的质感；3.太长，冰雕连、杨根思缺少前期铺垫，刘秘书和教员的感情戏铺陈太细太密，反倒弱化了主线。展望：一直在等的钢七连...",
      "uri": "douban:\/\/douban.com\/review\/13920248",
      "ad_info": null,
      "topic": null,
      "photos": [],
      "reactions_count": 1,
      "comments_count": 6,
      "user": {
        "kind": "user",
        "name": "marquiswill",
        "url": "https:\/\/www.douban.com\/people\/48115299\/",
        "uri": "douban:\/\/douban.com\/user\/48115299",
        "avatar": "https://img2.doubanio.com\/icon\/up48115299-2.jpg",
        "is_club": false,
        "type": "user",
        "id": "48115299",
        "uid": "48115299"
      },
      "create_time": "2021-10-10 14:20:28",
      "reshares_count": 0,
      "type": "review",
      "id": "13920248",
      "subject": {
        "type": "movie",
        "title": "长津湖"
      }
    },
    {
      "rating": null,
      "useful_count": 1,
      "sharing_url": "https:\/\/movie.douban.com\/review\/13920245\/",
      "title": "刚看完长津湖，觉得现实意义＞电影的本身质量",
      "url": "https:\/\/movie.douban.com\/review\/13920245\/",
      "abstract": "本来打算一上映就看的，但是十一旅游去了才回来，所以拖到现在。在此之前，有看到网上有人评论说看完快要对枪炮声ptsd了，然后一个朋友说里面有一些场景有点xuexin，我有点晕血，对于一些带xue的镜头都不太敢看，但是这次看的时候，没有觉得这次xuexin的镜头让我不适，只是觉得愤怒的情绪冲破了我对血的的抵触，和平的道路牺牲了那么多的将士。不知道是否是偷娱的文化入侵太成功，还是就是有一群8000天生meiwai，之前看到还有人说抗美援朝是ganshe别国的neizheng，殊不知，我们那个时候难道想...",
      "uri": "douban:\/\/douban.com\/review\/13920245",
      "ad_info": null,
      "topic": null,
      "photos": [],
      "reactions_count": 1,
      "comments_count": 0,
      "user": {
        "kind": "user",
        "name": "luckyyy",
        "url": "https:\/\/www.douban.com\/people\/173515638\/",
        "uri": "douban:\/\/douban.com\/user\/173515638",
        "avatar": "https://img1.doubanio.com\/icon\/up173515638-9.jpg",
        "is_club": false,
        "type": "user",
        "id": "173515638",
        "uid": "173515638"
      },
      "create_time": "2021-10-10 16:29:56",
      "reshares_count": 0,
      "type": "review",
      "id": "13920245",
      "subject": {
        "type": "movie",
        "title": "长津湖"
      }
    },
    {
      "rating": {
        "count": 1,
        "max": 5,
        "star_count": 5.0,
        "value": 5
      },
      "useful_count": 1,
      "sharing_url": "https:\/\/movie.douban.com\/review\/13920243\/",
      "title": "长津湖",
      "url": "https:\/\/movie.douban.com\/review\/13920243\/",
      "abstract": "《长津湖》我们不打仗 这仗就得下一代打冰雕连用自己的肉身去堵美军的炮火，以少胜多，既是抗美援朝的打得一拳开，也为我们带来了免得百拳来的新时代。中国刚刚建国，土地还没捂热就要被抢走，冰雕连给出了对此的坚定答复--我们绝不答应！总的来说，陈凯歌导演的运镜永远是长在我审美上的，幻灯片般流畅的镜头切换真人让感到丝滑。剧情主要围绕伍千里和弟弟展开，穿插了毛岸英，杨根思等烈士光辉事迹，有主有次，不显凌乱。但是，还是有些许的神剧色彩，比如两个坦克对轰炮弹擦边之类的，不过瑕不掩瑜。...",
      "uri": "douban:\/\/douban.com\/review\/13920243",
      "ad_info": null,
      "topic": null,
      "photos": [
        {
          "tag_name": "img_6573580",
          "id": "6573580",
          "image": {
            "large": {
              "url": "https://img3.doubanio.com\/view\/thing_review\/l\/public\/p6573580.jpg",
              "width": 473,
              "height": 772,
              "size": 0
            },
            "raw": null,
            "is_animated": false,
            "normal": {
              "url": "https://img3.doubanio.com\/view\/thing_review\/l\/public\/p6573580.jpg",
              "width": 473,
              "height": 772,
              "size": 0
            }
          },
          "description": ""
        }
      ],
      "reactions_count": 1,
      "comments_count": 0,
      "user": {
        "kind": "user",
        "name": "鸾若丹",
        "url": "https:\/\/www.douban.com\/people\/220545561\/",
        "uri": "douban:\/\/douban.com\/user\/220545561",
        "avatar": "https://img2.doubanio.com\/icon\/up220545561-1.jpg",
        "is_club": false,
        "type": "user",
        "id": "220545561",
        "uid": "220545561"
      },
      "create_time": "2021-10-10 16:33:55",
      "reshares_count": 0,
      "type": "review",
      "id": "13920243",
      "subject": {
        "type": "movie",
        "title": "长津湖"
      }
    },
    {
      "rating": {
        "count": 1,
        "max": 5,
        "star_count": 4.0,
        "value": 4
      },
      "useful_count": 1,
      "sharing_url": "https:\/\/movie.douban.com\/review\/13920239\/",
      "title": "一部很不错的主旋律电影，优点大于缺点",
      "url": "https:\/\/movie.douban.com\/review\/13920239\/",
      "abstract": "自春节档后，今年的电影市场沉寂已久，终于在国庆档，迎来了华语电影史上规模最大、投资最高的的战争巨制《长津湖》。影片自9月30日上映以来，首日票房就突破2亿，上映3天狂揽8亿票房，打破超过10项影史纪录，成为国庆档“救市之作”。感兴趣的小伙伴可以在智能电视端下载当贝影视观看——小编看过之后，觉得是一部很不错的主旋律电影，优点大于缺点，不说值回票价，至少让观众不虚此行。01风格融合《长津湖》由陈凯歌、徐克、林超贤三位大导联合执导，不是每人认领一个版块，而是混合交叠在一起，力...",
      "uri": "douban:\/\/douban.com\/review\/13920239",
      "ad_info": null,
      "topic": null,
      "photos": [
        {
          "tag_name": "img_6565995",
          "id": "6565995",
          "image": {
            "large": {
              "url": "https://img9.doubanio.com\/view\/thing_review\/l\/public\/p6565995.jpg",
              "width": 600,
              "height": 840,
              "size": 0
            },
            "raw": null,
            "is_animated": false,
            "normal": {
              "url": "https://img9.doubanio.com\/view\/thing_review\/l\/public\/p6565995.jpg",
              "width": 600,
              "height": 840,
              "size": 0
            }
          },
          "description": ""
        },
        {
          "tag_name": "img_6566018",
          "id": "6566018",
          "image": {
            "large": {
              "url": "https://img1.doubanio.com\/view\/thing_review\/raw\/public\/p6566018.jpg",
              "width": 600,
              "height": 193,
              "size": 0
            },
            "raw": null,
            "is_animated": true,
            "normal": {
              "url": "https://img1.doubanio.com\/view\/thing_review\/l\/public\/p6566018.jpg",
              "width": 600,
              "height": 193,
              "size": 0
            }
          },
          "description": ""
        },
        {
          "tag_name": "img_6565994",
          "id": "6565994",
          "image": {
            "large": {
              "url": "https://img9.doubanio.com\/view\/thing_review\/l\/public\/p6565994.jpg",
              "width": 600,
              "height": 375,
              "size": 0
            },
            "raw": null,
            "is_animated": false,
            "normal": {
              "url": "https://img9.doubanio.com\/view\/thing_review\/l\/public\/p6565994.jpg",
              "width": 600,
              "height": 375,
              "size": 0
            }
          },
          "description": ""
        }
      ],
      "reactions_count": 1,
      "comments_count": 1,
      "user": {
        "kind": "user",
        "name": "当贝影视",
        "url": "https:\/\/www.douban.com\/people\/205053104\/",
        "uri": "douban:\/\/douban.com\/user\/205053104",
        "avatar": "https://img9.doubanio.com\/icon\/up205053104-4.jpg",
        "is_club": false,
        "type": "user",
        "id": "205053104",
        "uid": "205053104"
      },
      "create_time": "2021-10-08 11:02:47",
      "reshares_count": 1,
      "type": "review",
      "id": "13920239",
      "subject": {
        "type": "movie",
        "title": "长津湖"
      }
    }
  ]
