﻿[
    {
      "rating": {
        "count": 1,
        "max": 5,
        "star_count": 4.0,
        "value": 4
      },
      "useful_count": 2,
      "sharing_url": "https:\/\/movie.douban.com\/review\/13920237\/",
      "title": "命题作文下属于优秀。",
      "url": "https:\/\/movie.douban.com\/review\/13920237\/",
      "abstract": "命题作文能答成这样，算是还不错的。1.故事内容感觉有点多，可以放5个小时那种，所以显得很多内容无法展开，好多次我的情绪酝酿到那儿快落泪的时候眼泪又被突兀的转场给整没了。2.文戏（或者说是煽情片段？）太拉胯了，尴尬仅次于《流浪地球》里那个女孩的演讲，虽然有那种情绪在，但真的很难共情。像《金刚川》里头张译演的那个角色，其故事情节就层层递进的十分到位，到最后观众的情绪是跟着角色一起爆发的。3.因为迟到了半小时，据看过的朋友说我错过的这部分是极为精彩的空战镜头。我只能说说除了之后的...",
      "uri": "douban:\/\/douban.com\/review\/13920237",
      "ad_info": null,
      "topic": null,
      "photos": [],
      "reactions_count": 1,
      "comments_count": 0,
      "user": {
        "kind": "user",
        "name": "fey",
        "url": "https:\/\/www.douban.com\/people\/62828656\/",
        "uri": "douban:\/\/douban.com\/user\/62828656",
        "avatar": "https://img2.doubanio.com\/icon\/up62828656-3.jpg",
        "is_club": false,
        "type": "user",
        "id": "62828656",
        "uid": "62828656"
      },
      "create_time": "2021-10-10 14:10:15",
      "reshares_count": 0,
      "type": "review",
      "id": "13920237",
      "subject": {
        "type": "movie",
        "title": "长津湖"
      }
    },
    {
      "rating": {
        "count": 1,
        "max": 5,
        "star_count": 4.0,
        "value": 4
      },
      "useful_count": 0,
      "sharing_url": "https:\/\/movie.douban.com\/review\/13920232\/",
      "title": "致敬先辈！致敬演职人员！",
      "url": "https:\/\/movie.douban.com\/review\/13920232\/",
      "abstract": "首先，向朝鲜战争中的志愿军将士致敬！向在艰苦环境中还能取得胜利的战士们致敬！就如电影中的话：他们把后代的仗打完了，后代就不用经受战火了。其次，向电影的导演、演员、工作人员还有群演致敬！是他们让我们在冷冰冰的书本文字及纪录片中无法体验和理解的历史，用电影这种鲜活的形式感受了先辈的不易。第三，我说下我对这部电影的感受，仅对电影本身提出一些看法：1、时长3个小时，算是很长的一部电影了。可是看完后我想了想，我看了啥？好像除了炮火连天就剩几个泪点了。我的观点是这部电影学习了美国...",
      "uri": "douban:\/\/douban.com\/review\/13920232",
      "ad_info": null,
      "topic": null,
      "photos": [],
      "reactions_count": 1,
      "comments_count": 0,
      "user": {
        "kind": "user",
        "name": "于世友π",
        "url": "https:\/\/www.douban.com\/people\/162577680\/",
        "uri": "douban:\/\/douban.com\/user\/162577680",
        "avatar": "https://img2.doubanio.com\/icon\/up162577680-1.jpg",
        "is_club": false,
        "type": "user",
        "id": "162577680",
        "uid": "162577680"
      },
      "create_time": "2021-10-08 20:53:08",
      "reshares_count": 0,
      "type": "review",
      "id": "13920232",
      "subject": {
        "type": "movie",
        "title": "长津湖"
      }
    },
    {
      "rating": {
        "count": 1,
        "max": 5,
        "star_count": 5.0,
        "value": 5
      },
      "useful_count": 3,
      "sharing_url": "https:\/\/movie.douban.com\/review\/13920191\/",
      "title": "长津湖畔的胜利",
      "url": "https:\/\/movie.douban.com\/review\/13920191\/",
      "abstract": "      十二分的期待，近三个小时时间，看完《长津湖》，其感受是确实好看。      因为，其场面堪称壮阔。      一边是风高浪急的太平洋，无数的美军舰队，铺天盖地的飞机，潮水一般涌入，美军在仁川登陆，朝鲜半岛局势风云突变。      一边是“边城多警急，虏骑数迁移。”新中国百废待兴，举国上下热切盼望休生养息，建设新家园，却因美帝悍然发动战争，唇亡齿寒、保家卫国，大多数子弟兵正待解甲归田时，不得不组成志愿军，不得不重拾刀枪，挥师入朝。      在国内，最上层至共和国领袖，连续召开紧急会...",
      "uri": "douban:\/\/douban.com\/review\/13920191",
      "ad_info": null,
      "topic": null,
      "photos": [],
      "reactions_count": 1,
      "comments_count": 2,
      "user": {
        "kind": "user",
        "name": "望江楠",
        "url": "https:\/\/www.douban.com\/people\/172099457\/",
        "uri": "douban:\/\/douban.com\/user\/172099457",
        "avatar": "https://img2.doubanio.com\/icon\/up172099457-1.jpg",
        "is_club": false,
        "type": "user",
        "id": "172099457",
        "uid": "172099457"
      },
      "create_time": "2021-10-09 06:03:47",
      "reshares_count": 0,
      "type": "review",
      "id": "13920191",
      "subject": {
        "type": "movie",
        "title": "长津湖"
      }
    },
    {
      "rating": {
        "count": 1,
        "max": 5,
        "star_count": 5.0,
        "value": 5
      },
      "useful_count": 0,
      "sharing_url": "https:\/\/movie.douban.com\/review\/13920190\/",
      "title": "期待中的好看",
      "url": "https:\/\/movie.douban.com\/review\/13920190\/",
      "abstract": "       十二分的期待，近三个小时时间，看完《长津湖》，其感受是确实好看。   因为，其场面堪称壮阔。   一边是风高浪急的太平洋，无数的美军舰队，铺天盖地的飞机，潮水一般涌入，美军在仁川登陆，朝鲜半岛局势风云突变。   一边是“边城多警急，虏骑数迁移。”新中国百废待兴，举国上下热切盼望休生养息，建设新家园，却因美帝悍然发动战争，唇亡齿寒、保家卫国，大多数子弟兵正待解甲归田时，不得不组成志愿军，不得不重拾刀枪，挥师入朝。   在国内，最上层至共和国领袖，连续召开紧急会议，商讨对策...",
      "uri": "douban:\/\/douban.com\/review\/13920190",
      "ad_info": null,
      "topic": null,
      "photos": [],
      "reactions_count": 1,
      "comments_count": 0,
      "user": {
        "kind": "user",
        "name": "望江楠",
        "url": "https:\/\/www.douban.com\/people\/172099457\/",
        "uri": "douban:\/\/douban.com\/user\/172099457",
        "avatar": "https://img2.doubanio.com\/icon\/up172099457-1.jpg",
        "is_club": false,
        "type": "user",
        "id": "172099457",
        "uid": "172099457"
      },
      "create_time": "2021-10-09 06:06:35",
      "reshares_count": 0,
      "type": "review",
      "id": "13920190",
      "subject": {
        "type": "movie",
        "title": "长津湖"
      }
    },
    {
      "rating": null,
      "useful_count": 2,
      "sharing_url": "https:\/\/movie.douban.com\/review\/13920188\/",
      "title": "热的雪——英烈记忆与和平强音",
      "url": "https:\/\/movie.douban.com\/review\/13920188\/",
      "abstract": "           《长津湖》作为主旋律电影，以一以贯之的主题，诠释了谁是最可爱的人。历史上的长津湖战役是一场非常惨烈的战役，在全歼北极熊团的战斗中就伤亡及非战斗减员1万多人，全军冻伤据说高达22%。影片并没有全景式的反映战斗全貌，而是从一支连队护送电台及译电员到朝鲜志愿军指挥部作为故事正式的开始，选取歼灭北极熊团的战斗作为高潮，以点窥面，用连队反映全军，用局部映照全局，艺术地再现了意志与钢铁洪流的较量。        首先来谈谈影片的人物塑造。影片《长津湖》没用单纯扁平的人物塑造。伍千里并...",
      "uri": "douban:\/\/douban.com\/review\/13920188",
      "ad_info": null,
      "topic": null,
      "photos": [],
      "reactions_count": 1,
      "comments_count": 0,
      "user": {
        "kind": "user",
        "name": "白云下的纸鸢",
        "url": "https:\/\/www.douban.com\/people\/136783373\/",
        "uri": "douban:\/\/douban.com\/user\/136783373",
        "avatar": "https://img2.doubanio.com\/icon\/up136783373-2.jpg",
        "is_club": false,
        "type": "user",
        "id": "136783373",
        "uid": "136783373"
      },
      "create_time": "2021-10-09 08:16:30",
      "reshares_count": 0,
      "type": "review",
      "id": "13920188",
      "subject": {
        "type": "movie",
        "title": "长津湖"
      }
    },
    {
      "rating": null,
      "useful_count": 0,
      "sharing_url": "https:\/\/movie.douban.com\/review\/13919817\/",
      "title": "长津湖观后感",
      "url": "https:\/\/movie.douban.com\/review\/13919817\/",
      "abstract": " “看吧，落后真的就要挨打”，这是以前历史老师在讲到近代史时经常说的一句话，当时特别不懂为什么要用这句这么肯定的话当作一句总结语，现在真真正正地明白了。抗美援朝时期，正值新中国成立不久，国内一切事物正处于百废待兴时期，这个时候国家真的很穷很穷，除了人多地大，我想不出咱们国家当时不缺什么了。这个时候出兵，我真的感到非常敬佩，这的确是一个赌了，赌的就是用自己的命来换子孙后代一个和平的未来。单观这场战争，虽说是美军侵占朝鲜；但事实上并不仅是事关朝鲜，凭着朝鲜靠近中国东北的地理位...",
      "uri": "douban:\/\/douban.com\/review\/13919817",
      "ad_info": null,
      "topic": null,
      "photos": [],
      "reactions_count": 1,
      "comments_count": 0,
      "user": {
        "kind": "user",
        "name": "豆友ij5wO4a1SE",
        "url": "https:\/\/www.douban.com\/people\/248120048\/",
        "uri": "douban:\/\/douban.com\/user\/248120048",
        "avatar": "https://img2.doubanio.com\/icon\/up248120048-3.jpg",
        "is_club": false,
        "type": "user",
        "id": "248120048",
        "uid": "248120048"
      },
      "create_time": "2021-10-12 16:40:55",
      "reshares_count": 0,
      "type": "review",
      "id": "13919817",
      "subject": {
        "type": "movie",
        "title": "长津湖"
      }
    },
    {
      "rating": {
        "count": 1,
        "max": 5,
        "star_count": 3.0,
        "value": 3
      },
      "useful_count": 2,
      "sharing_url": "https:\/\/movie.douban.com\/review\/13919797\/",
      "title": "铁血钢七连——长津湖",
      "url": "https:\/\/movie.douban.com\/review\/13919797\/",
      "abstract": "兴致勃勃的在上映第一天就去看了电影长津湖，一个原因是因为在此之前实在没有过硬的电影，憋的难受，其次确确实实是对长津湖抱着巨大期待去的，最贵国产片，3个小时的战争史诗，中国最会拍战争场面、最会拍奇观画面及最会拍人文关怀的三大顶级导演联合执导，就这班底想不期待都不行。于是乎在憋了很久又怀着期待甚高的心理跑进电影院先睹为快了。看完后的感觉，简单一句话，就是我想看《汉武大帝》，但是能看到《清平乐》我也是满意的，结果看的是《还珠格格》，而且我觉得大部分影迷应该都会失望，很多人叫好其...",
      "uri": "douban:\/\/douban.com\/review\/13919797",
      "ad_info": null,
      "topic": null,
      "photos": [],
      "reactions_count": 1,
      "comments_count": 2,
      "user": {
        "kind": "user",
        "name": "rocky-新影4D",
        "url": "https:\/\/www.douban.com\/people\/128344049\/",
        "uri": "douban:\/\/douban.com\/user\/128344049",
        "avatar": "https://img2.doubanio.com\/icon\/up128344049-1.jpg",
        "is_club": false,
        "type": "user",
        "id": "128344049",
        "uid": "128344049"
      },
      "create_time": "2021-10-12 16:33:05",
      "reshares_count": 0,
      "type": "review",
      "id": "13919797",
      "subject": {
        "type": "movie",
        "title": "长津湖"
      }
    },
    {
      "rating": {
        "count": 1,
        "max": 5,
        "star_count": 5.0,
        "value": 5
      },
      "useful_count": 1,
      "sharing_url": "https:\/\/movie.douban.com\/review\/13919427\/",
      "title": "长津湖电影是为了历史留下一个魂！",
      "url": "https:\/\/movie.douban.com\/review\/13919427\/",
      "abstract": "     很久没去电影院了，一来没什么吸引我看的电影，二来没有时间和欲望去，终于在刷短视频的时候划到了啃冻土豆的那个科普，心想天哪，我想去看看。终于等到了今天有空就去了，刚刚不久前看完了，出来那一刻我满足了，不负这一次的极致期待和好奇心，我不止满足了，我还有一种得到了的感觉。   电影一开始没几分钟我就哭了，我本不是泪点特别低的人，但从两个老人的眼神里，读着读着想着想着就哭了，当年这场战役死伤巨数，很多战士的结局早已预知，伍千里一转头，我就有种重回当年的感觉，好逼真，好逼真。一...",
      "uri": "douban:\/\/douban.com\/review\/13919427",
      "ad_info": null,
      "topic": null,
      "photos": [],
      "reactions_count": 1,
      "comments_count": 0,
      "user": {
        "kind": "user",
        "name": "快乐鹅丫丫丫",
        "url": "https:\/\/www.douban.com\/people\/182521503\/",
        "uri": "douban:\/\/douban.com\/user\/182521503",
        "avatar": "https://img2.doubanio.com\/icon\/up182521503-3.jpg",
        "is_club": false,
        "type": "user",
        "id": "182521503",
        "uid": "182521503"
      },
      "create_time": "2021-10-12 16:02:45",
      "reshares_count": 0,
      "type": "review",
      "id": "13919427",
      "subject": {
        "type": "movie",
        "title": "长津湖"
      }
    },
    {
      "rating": {
        "count": 1,
        "max": 5,
        "star_count": 4.0,
        "value": 4
      },
      "useful_count": 3,
      "sharing_url": "https:\/\/movie.douban.com\/review\/13918617\/",
      "title": "比想的好，但还不够",
      "url": "https:\/\/movie.douban.com\/review\/13918617\/",
      "abstract": "今天看了《长津湖》，看之前一直以为拍的是冰雕连，还怕自己会感动到无以复加，结果主角是负责夺阵地的七连。也不知道是否是缺少史诗般的壮烈悲剧作为铺垫，反正看完感受很一般，就是一部很普通的战争片，比想的好，但总感觉能做得更好。下面开始喷。首先我最无法理解的就是五毛特效和尴尬配音，我甚至怀疑是不是我看的版本有问题。不是说我不能理解片方找不到真正的美舰来拍，但扔导弹你总可以实拍吧？结果舰队是特效，飞机是特效，导弹是特效，就连爆炸也是特效，明明以前拍战争片至少能真炸，这么大的片子...",
      "uri": "douban:\/\/douban.com\/review\/13918617",
      "ad_info": null,
      "topic": null,
      "photos": [],
      "reactions_count": 1,
      "comments_count": 6,
      "user": {
        "kind": "user",
        "name": "1234",
        "url": "https:\/\/www.douban.com\/people\/141949399\/",
        "uri": "douban:\/\/douban.com\/user\/141949399",
        "avatar": "https://img9.doubanio.com\/icon\/up141949399-4.jpg",
        "is_club": false,
        "type": "user",
        "id": "141949399",
        "uid": "141949399"
      },
      "create_time": "2021-10-01 10:39:51",
      "reshares_count": 0,
      "type": "review",
      "id": "13918617",
      "subject": {
        "type": "movie",
        "title": "长津湖"
      }
    },
    {
      "rating": {
        "count": 1,
        "max": 5,
        "star_count": 4.0,
        "value": 4
      },
      "useful_count": 1,
      "sharing_url": "https:\/\/movie.douban.com\/review\/13918504\/",
      "title": "随便说两句吧",
      "url": "https:\/\/movie.douban.com\/review\/13918504\/",
      "abstract": "三星给电影，一星给最可爱最伟大的志愿军战士！带着老爸看的Imax,被战争场面的特效折服，电影过程中也一直处于感慨感动的状态！电影好的地方很多，特效、战争场面、演员适配度，与《士兵突击》钢七连的联动，老段和李晨挥手那块，我的眼泪都要下来了！看完，我问我老爸观影感受，他全程正襟危坐，我觉得他肯定会比个大大的赞！不过他直接来了句，电影还可以，但是实在有点乱，我恍然大悟，突然明白了自己观影时那没能言语的感受，电影就是有点乱。七连很厉害，但是七连是凭着战士都很孤勇才很厉害的吗...",
      "uri": "douban:\/\/douban.com\/review\/13918504",
      "ad_info": null,
      "topic": null,
      "photos": [],
      "reactions_count": 1,
      "comments_count": 0,
      "user": {
        "kind": "user",
        "name": "不能糊涂",
        "url": "https:\/\/www.douban.com\/people\/92695793\/",
        "uri": "douban:\/\/douban.com\/user\/92695793",
        "avatar": "https://img2.doubanio.com\/icon\/up92695793-2.jpg",
        "is_club": false,
        "type": "user",
        "id": "92695793",
        "uid": "92695793"
      },
      "create_time": "2021-10-12 13:22:32",
      "reshares_count": 0,
      "type": "review",
      "id": "13918504",
      "subject": {
        "type": "movie",
        "title": "长津湖"
      }
    },
    {
      "rating": null,
      "useful_count": 1,
      "sharing_url": "https:\/\/movie.douban.com\/review\/13918403\/",
      "title": "一点感想",
      "url": "https:\/\/movie.douban.com\/review\/13918403\/",
      "abstract": "看完长津湖之后的感想，决定打五分。我觉得很好看，我看完电影就看了纪录片《冰血长津湖》，里面很多细节电影里都有拍，甚至电影还保守了！1.电影里七连把徽章和写有中国人民解放军的胸牌都给取下来了。纪录片里的老兵说那是因为志愿军入朝是秘密入朝，所以要把有关的身份标识全部都要取下。2.电影里的还拍出了吃土豆的情节，但现实更残酷。纪录片里说冲锋前战士说保证一定完成任务，只希望上级能给他们发个土豆吃。团长听到泪流满面，因为连冻土豆都没有。3.纪录片里幸存的老兵说，美军投降的时候是跪姿...",
      "uri": "douban:\/\/douban.com\/review\/13918403",
      "ad_info": null,
      "topic": null,
      "photos": [],
      "reactions_count": 1,
      "comments_count": 0,
      "user": {
        "kind": "user",
        "name": "可爱多多",
        "url": "https:\/\/www.douban.com\/people\/232484374\/",
        "uri": "douban:\/\/douban.com\/user\/232484374",
        "avatar": "https://img2.doubanio.com\/icon\/up232484374-3.jpg",
        "is_club": false,
        "type": "user",
        "id": "232484374",
        "uid": "232484374"
      },
      "create_time": "2021-10-12 12:05:59",
      "reshares_count": 0,
      "type": "review",
      "id": "13918403",
      "subject": {
        "type": "movie",
        "title": "长津湖"
      }
    },
    {
      "rating": null,
      "useful_count": 1,
      "sharing_url": "https:\/\/movie.douban.com\/review\/13918354\/",
      "title": "长津湖，为了忘却的纪念。",
      "url": "https:\/\/movie.douban.com\/review\/13918354\/",
      "abstract": "盛世如你所愿，在和平年代，我们更应该铭记历史，继往开来。希望下一代不要生活在战火硝烟之中，长津湖交出了一份满意的答卷。无论是演员实力演绎、场景道具还原还是影视特效都非常不错。三个小时的电影愣是连厕所都忍着不去上，怕错过了。观影途中数次泪目，为祖国的大好山河，为战友牺牲的情谊，为屹立不倒的冰雕连。爱祖国爱人民也爱着军人的荣耀，他们前仆后继坚守岗位，没有打不死的英雄，有的只是中国军人的牺牲。我看过《拯救大兵瑞恩》、《血战钢锯岭》、《比利林恩的中场战事》等电影，我希望《长津...",
      "uri": "douban:\/\/douban.com\/review\/13918354",
      "ad_info": null,
      "topic": null,
      "photos": [
        {
          "tag_name": "img_6579499",
          "id": "6579499",
          "image": {
            "large": {
              "url": "https://img1.doubanio.com\/view\/thing_review\/l\/public\/p6579499.jpg",
              "width": 600,
              "height": 800,
              "size": 0
            },
            "raw": null,
            "is_animated": false,
            "normal": {
              "url": "https://img1.doubanio.com\/view\/thing_review\/l\/public\/p6579499.jpg",
              "width": 600,
              "height": 800,
              "size": 0
            }
          },
          "description": ""
        }
      ],
      "reactions_count": 1,
      "comments_count": 0,
      "user": {
        "kind": "user",
        "name": "悬浮泡泡",
        "url": "https:\/\/www.douban.com\/people\/84867710\/",
        "uri": "douban:\/\/douban.com\/user\/84867710",
        "avatar": "https://img2.doubanio.com\/icon\/up84867710-3.jpg",
        "is_club": false,
        "type": "user",
        "id": "84867710",
        "uid": "84867710"
      },
      "create_time": "2021-10-12 11:39:15",
      "reshares_count": 0,
      "type": "review",
      "id": "13918354",
      "subject": {
        "type": "movie",
        "title": "长津湖"
      }
    },
    {
      "rating": null,
      "useful_count": 0,
      "sharing_url": "https:\/\/movie.douban.com\/review\/13918328\/",
      "title": "“我们打这场仗 是为了我们的下一代不在打仗”",
      "url": "https:\/\/movie.douban.com\/review\/13918328\/",
      "abstract": "看完电影后 走了很长一段路才平缓过心情 回想起敌军的侦察机战斗机 那一个又一个无情的炮弹 如此的不敬畏生命 以及我们的战士在零下三四十度的天气只能吃冻硬的土豆还不是每个人都有 但敌人却又是鸡又是鸭的种种场景 心理真的充满恨 更加明白铭记历史 吾辈当自强有多重要  雷公说“别把我留在这” 真的瞬间泪目 忽然觉得每一次接志愿军遗骸回国的意义更加深刻了   十九岁的新兵万里算得上一个缩影了吧 他对他哥千里说我要跟你去打仗 对于一个前一秒还在江边丢石头打水漂的野孩子来说他也许不知道什么是真正的打仗 ...",
      "uri": "douban:\/\/douban.com\/review\/13918328",
      "ad_info": null,
      "topic": null,
      "photos": [],
      "reactions_count": 1,
      "comments_count": 0,
      "user": {
        "kind": "user",
        "name": "是小燕吖吖",
        "url": "https:\/\/www.douban.com\/people\/212207831\/",
        "uri": "douban:\/\/douban.com\/user\/212207831",
        "avatar": "https://img2.doubanio.com\/icon\/up212207831-1.jpg",
        "is_club": false,
        "type": "user",
        "id": "212207831",
        "uid": "212207831"
      },
      "create_time": "2021-10-12 11:12:56",
      "reshares_count": 0,
      "type": "review",
      "id": "13918328",
      "subject": {
        "type": "movie",
        "title": "长津湖"
      }
    },
    {
      "rating": {
        "count": 1,
        "max": 5,
        "star_count": 5.0,
        "value": 5
      },
      "useful_count": 1,
      "sharing_url": "https:\/\/movie.douban.com\/review\/13918179\/",
      "title": "电影《长津湖》影评",
      "url": "https:\/\/movie.douban.com\/review\/13918179\/",
      "abstract": "我看完《长津湖》，心情激荡，题诗以示感慨！观《长津湖》有感多灾多难秉初衷，才止硝烟又起戎。肉体凡胎迎恶战，天寒地冻建奇功。枪林弹雨埋名姓，抗美援朝震白宫。护我河山千古计，绝非域外逞英雄。题冰雕连长津湖畔卧严冬，纵目持枪势欲冲。谁谓天寒难立命，敢将热血作前锋。这是一部优秀的作品，时值志愿军烈士遗骸回国的当下，能有这样一部好电影映射他们的丰功伟绩，这不再是单纯的艺术作品的创造，而是一种担当，其在传播抗美援朝精神方面的积极作用是无与伦比的。——2021年10月11日",
      "uri": "douban:\/\/douban.com\/review\/13918179",
      "ad_info": null,
      "topic": null,
      "photos": [],
      "reactions_count": 1,
      "comments_count": 0,
      "user": {
        "kind": "user",
        "name": "刑九",
        "url": "https:\/\/www.douban.com\/people\/248278349\/",
        "uri": "douban:\/\/douban.com\/user\/248278349",
        "avatar": "https://img2.doubanio.com\/icon\/up248278349-1.jpg",
        "is_club": false,
        "type": "user",
        "id": "248278349",
        "uid": "zlw2021"
      },
      "create_time": "2021-10-12 09:22:31",
      "reshares_count": 0,
      "type": "review",
      "id": "13918179",
      "subject": {
        "type": "movie",
        "title": "长津湖"
      }
    },
    {
      "rating": null,
      "useful_count": 3,
      "sharing_url": "https:\/\/movie.douban.com\/review\/13918173\/",
      "title": "看《长津湖》想《上甘岭》《长津湖》电影观后感",
      "url": "https:\/\/movie.douban.com\/review\/13918173\/",
      "abstract": "“长津湖战役”是志愿军冰雕英雄的创造者，“上甘岭战役”是坑道英雄的捍卫者。这样的英雄需要去传承，要去歌颂。两部电影《上甘岭》和《长津湖》都承接了历史使命，成为弘扬爱国主义的宣传者。那么两部电影谁能在观众的视野里、感情上、记忆里能够波澜壮阔、起伏跌宕、心潮澎湃呢？两部电影取材于抗美援朝战争两次战役期间可歌可泣的英雄事迹。交战对象一个是刚刚建国、百废待兴的国家；另一个是武装到牙齿的现代化世界霸主。悲壮惨烈，是整个抗美援朝战争中最为真实的写照，作为一个观影者想留下一个普通观众...",
      "uri": "douban:\/\/douban.com\/review\/13918173",
      "ad_info": null,
      "topic": null,
      "photos": [],
      "reactions_count": 1,
      "comments_count": 1,
      "user": {
        "kind": "user",
        "name": "柔阳",
        "url": "https:\/\/www.douban.com\/people\/248247766\/",
        "uri": "douban:\/\/douban.com\/user\/248247766",
        "avatar": "https://img2.doubanio.com\/icon\/user_large.jpg",
        "is_club": false,
        "type": "user",
        "id": "248247766",
        "uid": "248247766"
      },
      "create_time": "2021-10-12 09:16:47",
      "reshares_count": 0,
      "type": "review",
      "id": "13918173",
      "subject": {
        "type": "movie",
        "title": "长津湖"
      }
    },
    {
      "rating": {
        "count": 1,
        "max": 5,
        "star_count": 4.0,
        "value": 4
      },
      "useful_count": 4,
      "sharing_url": "https:\/\/movie.douban.com\/review\/13918068\/",
      "title": "《长津湖》穿插七连的真实结局，部队被美军全歼，只剩下几人幸存",
      "url": "https:\/\/movie.douban.com\/review\/13918068\/",
      "abstract": " 在《长津湖》里面，要说最引人注目的角色是哪个，肯定是穿插七连了，这支连队是一直从解放战争中打到了朝鲜战争的，可是，电影里面，他们消灭了美军的北极熊团之后，似乎就再也没有他们的事情了，所以，不少人肯定会好奇一件事情，这个穿插七连后来到底怎么样了，对此，我们是无从得知的。不过，最近我发现了一个小细节，这个细节足以让我们一窥七连的真实结局，他们居然和一部电视剧里面出现的连队是一支部队，没错，这部电视剧便是《士兵突击》，电视剧里面也有一个七连，就是许三多后来去的那个钢七连，这不...",
      "uri": "douban:\/\/douban.com\/review\/13918068",
      "ad_info": null,
      "topic": null,
      "photos": [
        {
          "tag_name": "img_6578772",
          "id": "6578772",
          "image": {
            "large": {
              "url": "https://img2.doubanio.com\/view\/thing_review\/l\/public\/p6578772.jpg",
              "width": 600,
              "height": 337,
              "size": 0
            },
            "raw": null,
            "is_animated": false,
            "normal": {
              "url": "https://img2.doubanio.com\/view\/thing_review\/l\/public\/p6578772.jpg",
              "width": 600,
              "height": 337,
              "size": 0
            }
          },
          "description": ""
        },
        {
          "tag_name": "img_6578771",
          "id": "6578771",
          "image": {
            "large": {
              "url": "https://img2.doubanio.com\/view\/thing_review\/l\/public\/p6578771.jpg",
              "width": 600,
              "height": 337,
              "size": 0
            },
            "raw": null,
            "is_animated": false,
            "normal": {
              "url": "https://img2.doubanio.com\/view\/thing_review\/l\/public\/p6578771.jpg",
              "width": 600,
              "height": 337,
              "size": 0
            }
          },
          "description": ""
        },
        {
          "tag_name": "img_6578774",
          "id": "6578774",
          "image": {
            "large": {
              "url": "https://img9.doubanio.com\/view\/thing_review\/l\/public\/p6578774.jpg",
              "width": 600,
              "height": 339,
              "size": 0
            },
            "raw": null,
            "is_animated": false,
            "normal": {
              "url": "https://img9.doubanio.com\/view\/thing_review\/l\/public\/p6578774.jpg",
              "width": 600,
              "height": 339,
              "size": 0
            }
          },
          "description": ""
        }
      ],
      "reactions_count": 1,
      "comments_count": 1,
      "user": {
        "kind": "user",
        "name": "电影礼小喵",
        "url": "https:\/\/www.douban.com\/people\/18688986\/",
        "uri": "douban:\/\/douban.com\/user\/18688986",
        "avatar": "https://img9.doubanio.com\/icon\/up18688986-6.jpg",
        "is_club": false,
        "type": "user",
        "id": "18688986",
        "uid": "xlg418"
      },
      "create_time": "2021-10-12 07:27:12",
      "reshares_count": 1,
      "type": "review",
      "id": "13918068",
      "subject": {
        "type": "movie",
        "title": "长津湖"
      }
    },
    {
      "rating": {
        "count": 1,
        "max": 5,
        "star_count": 4.0,
        "value": 4
      },
      "useful_count": 0,
      "sharing_url": "https:\/\/movie.douban.com\/review\/13918063\/",
      "title": "《长津湖》的观后十感",
      "url": "https:\/\/movie.douban.com\/review\/13918063\/",
      "abstract": "1.战斗拍的很精彩，再现了战争的残酷，老一辈的志愿军战士赢得不易，向他们致敬。2.有的演员是让人动容，比如朱亚文，李晨，胡军等；有的让人出戏，比如易烊千玺。3.冲着兰晓龙来的，这是第一次为了一名编剧而进电影院，所以当看到一位位战士喊着“七连第XX名兵”时，感动哭了。兰晓龙描写小人物们的生活和态度，描写对战争的认识，是真的厉害。4.打开火车看到长城，只觉得尴尬。5.作为一个对抗美援朝没那么了解的人，对于长津湖的位置，重要性是缺乏认知的。电影并没有解答我的疑惑。看的云里雾里：为什...",
      "uri": "douban:\/\/douban.com\/review\/13918063",
      "ad_info": null,
      "topic": null,
      "photos": [],
      "reactions_count": 1,
      "comments_count": 0,
      "user": {
        "kind": "user",
        "name": "浅渢",
        "url": "https:\/\/www.douban.com\/people\/166184933\/",
        "uri": "douban:\/\/douban.com\/user\/166184933",
        "avatar": "https://img2.doubanio.com\/icon\/up166184933-2.jpg",
        "is_club": false,
        "type": "user",
        "id": "166184933",
        "uid": "qianfenglacey"
      },
      "create_time": "2021-10-12 07:22:08",
      "reshares_count": 0,
      "type": "review",
      "id": "13918063",
      "subject": {
        "type": "movie",
        "title": "长津湖"
      }
    },
    {
      "rating": null,
      "useful_count": 1,
      "sharing_url": "https:\/\/movie.douban.com\/review\/13918059\/",
      "title": "鲜血锻写的丰碑《长津湖》",
      "url": "https:\/\/movie.douban.com\/review\/13918059\/",
      "abstract": "电影《长津湖》时长近三个小时，展现的战争场面之惨烈震荡着我们的魂魄，扣动着我们的心弦，源于心底的泪水淋湿了面颊。美军有飞机、大炮、坦克等先进的武器，还有美酒佳肴。我们的志愿军使用的是落后的步枪、手榴弹和小钢炮等，并且要忍饥挨饿和受冻。中国人民志愿军，用智慧、勇敢和誓死保卫祖国的伟大信念，与天抗争，饿了，吃树皮、草根，偶尔吃到土豆，因冻的坚硬会被硌掉牙齿，渴了吃口冰雪，穿着单薄的棉衣冒着零下近40℃的时刻被冻死的酷冷。在这种敌我实力存在巨大差距的战场上，志愿军战士依然翻山越...",
      "uri": "douban:\/\/douban.com\/review\/13918059",
      "ad_info": null,
      "topic": null,
      "photos": [],
      "reactions_count": 1,
      "comments_count": 0,
      "user": {
        "kind": "user",
        "name": "豆友223603847",
        "url": "https:\/\/www.douban.com\/people\/223603847\/",
        "uri": "douban:\/\/douban.com\/user\/223603847",
        "avatar": "https://img2.doubanio.com\/icon\/user_large_f.jpg",
        "is_club": false,
        "type": "user",
        "id": "223603847",
        "uid": "223603847"
      },
      "create_time": "2021-10-12 07:10:51",
      "reshares_count": 0,
      "type": "review",
      "id": "13918059",
      "subject": {
        "type": "movie",
        "title": "长津湖"
      }
    },
    {
      "rating": null,
      "useful_count": 0,
      "sharing_url": "https:\/\/movie.douban.com\/review\/13917924\/",
      "title": "一些小想法",
      "url": "https:\/\/movie.douban.com\/review\/13917924\/",
      "abstract": "看电影的时候脑子闪过的念头是最近这样题材的电影太多了，多到有点乏了。演员的演技不错，特效也越做越棒，但就是觉得为什么这样的信念和本该刻在骨子里的历史需要用不断的影视来反复强调。我们的上一代人，亲身经历在战乱时期颠沛流离，我们这一代人从小耳闻目染，也把爱国刻在了心里，而新时代的人却问了十万个为什么后还不以为然，是的从小生活在这个和平年代的他们，又怎会有感同身受的体验，影视化的战争被新时代的孩子们当成普通的电影电视剧，口头跟风盲目爱国。由心而发的感情岂是一言两语就能说清楚的。...",
      "uri": "douban:\/\/douban.com\/review\/13917924",
      "ad_info": null,
      "topic": null,
      "photos": [
        {
          "tag_name": "img_6578529",
          "id": "6578529",
          "image": {
            "large": {
              "url": "https://img1.doubanio.com\/view\/thing_review\/l\/public\/p6578529.jpg",
              "width": 600,
              "height": 450,
              "size": 0
            },
            "raw": null,
            "is_animated": false,
            "normal": {
              "url": "https://img1.doubanio.com\/view\/thing_review\/l\/public\/p6578529.jpg",
              "width": 600,
              "height": 450,
              "size": 0
            }
          },
          "description": ""
        },
        {
          "tag_name": "img_6578530",
          "id": "6578530",
          "image": {
            "large": {
              "url": "https://img3.doubanio.com\/view\/thing_review\/l\/public\/p6578530.jpg",
              "width": 600,
              "height": 800,
              "size": 0
            },
            "raw": null,
            "is_animated": false,
            "normal": {
              "url": "https://img3.doubanio.com\/view\/thing_review\/l\/public\/p6578530.jpg",
              "width": 600,
              "height": 800,
              "size": 0
            }
          },
          "description": ""
        }
      ],
      "reactions_count": 1,
      "comments_count": 1,
      "user": {
        "kind": "user",
        "name": "茜珺",
        "url": "https:\/\/www.douban.com\/people\/163744771\/",
        "uri": "douban:\/\/douban.com\/user\/163744771",
        "avatar": "https://img2.doubanio.com\/icon\/up163744771-2.jpg",
        "is_club": false,
        "type": "user",
        "id": "163744771",
        "uid": "163744771"
      },
      "create_time": "2021-10-12 00:53:22",
      "reshares_count": 0,
      "type": "review",
      "id": "13917924",
      "subject": {
        "type": "movie",
        "title": "长津湖"
      }
    },
    {
      "rating": {
        "count": 1,
        "max": 5,
        "star_count": 4.0,
        "value": 4
      },
      "useful_count": 4,
      "sharing_url": "https:\/\/movie.douban.com\/review\/13917844\/",
      "title": "和平的时代得之不易",
      "url": "https:\/\/movie.douban.com\/review\/13917844\/",
      "abstract": "看了各个的网评，和结合自己的观点，影片前半部分是真的很扎心，也很催泪，尤其是伍千里整个连一起隐藏在石堆里，两个无聊的美军却想来对赌谁打的“尸体”更多，这一幕真的看得我忍不住哭了出来，长津湖的故事发生在1950年，以抗美援朝为背景，对于我们来说，三个小时的电影可能很长，但这场战争持续了三年，那三年对于站在前线的战士们来说，更是煎熬。刚新中国成立，还没来得及退伍，还没来得及探望家人，就要马上被号召去前线支援，家人们担心，那么辛苦得到的太平，为什么又要重新回去。站在军人们的角度来讲...",
      "uri": "douban:\/\/douban.com\/review\/13917844",
      "ad_info": null,
      "topic": null,
      "photos": [],
      "reactions_count": 1,
      "comments_count": 1,
      "user": {
        "kind": "user",
        "name": "Jasmine c",
        "url": "https:\/\/www.douban.com\/people\/215947264\/",
        "uri": "douban:\/\/douban.com\/user\/215947264",
        "avatar": "https://img2.doubanio.com\/icon\/up215947264-3.jpg",
        "is_club": false,
        "type": "user",
        "id": "215947264",
        "uid": "215947264"
      },
      "create_time": "2021-10-11 23:50:20",
      "reshares_count": 0,
      "type": "review",
      "id": "13917844",
      "subject": {
        "type": "movie",
        "title": "长津湖"
      }
    }
  ]
