[
    {
      "episodes_info": "",
      "rate": "8.8",
      "cover_x": 1080,
      "title": "再见爱人",
      "url": "https://movie.douban.com/subject/35438177/",
      "playable": true,
      "cover": "https://img3.doubanio.com/view/photo/s_ratio_poster/public/p2673374680.jpg",
      "id": "35438177",
      "cover_y": 1920,
      "is_new": false
    },
    {
      "episodes_info": "",
      "rate": "7.6",
      "cover_x": 1080,
      "title": "脱口秀大会 第四季",
      "url": "https://movie.douban.com/subject/35206452/",
      "playable": true,
      "cover": "https://img2.doubanio.com/view/photo/s_ratio_poster/public/p2675827902.jpg",
      "id": "35206452",
      "cover_y": 1920,
      "is_new": false
    },
    {
      "episodes_info": "",
      "rate": "7.4",
      "cover_x": 600,
      "title": "披荆斩棘的哥哥",
      "url": "https://movie.douban.com/subject/35161214/",
      "playable": true,
      "cover": "https://img9.doubanio.com/view/photo/s_ratio_poster/public/p2675460635.jpg",
      "id": "35161214",
      "cover_y": 840,
      "is_new": false
    },
    {
      "episodes_info": "",
      "rate": "9.6",
      "cover_x": 1945,
      "title": "克拉克森的农场 第一季",
      "url": "https://movie.douban.com/subject/34839005/",
      "playable": false,
      "cover": "https://img1.doubanio.com/view/photo/s_ratio_poster/public/p2661874547.jpg",
      "id": "34839005",
      "cover_y": 2880,
      "is_new": false
    },
    {
      "episodes_info": "",
      "rate": "7.7",
      "cover_x": 1772,
      "title": "一年一度喜剧大赛",
      "url": "https://movie.douban.com/subject/35467072/",
      "playable": true,
      "cover": "https://img1.doubanio.com/view/photo/s_ratio_poster/public/p2701105839.jpg",
      "id": "35467072",
      "cover_y": 3150,
      "is_new": false
    },
    {
      "episodes_info": "",
      "rate": "8.7",
      "cover_x": 1124,
      "title": "这！就是街舞 第四季",
      "url": "https://movie.douban.com/subject/35251082/",
      "playable": true,
      "cover": "https://img2.doubanio.com/view/photo/s_ratio_poster/public/p2675847901.jpg",
      "id": "35251082",
      "cover_y": 2000,
      "is_new": false
    },
    {
      "episodes_info": "",
      "rate": "9.1",
      "cover_x": 1080,
      "title": "圆桌派 第五季",
      "url": "https://movie.douban.com/subject/35529419/",
      "playable": true,
      "cover": "https://img9.doubanio.com/view/photo/s_ratio_poster/public/p2681663136.jpg",
      "id": "35529419",
      "cover_y": 1920,
      "is_new": false
    },
    {
      "episodes_info": "",
      "rate": "8.4",
      "cover_x": 2000,
      "title": "你好生活 第三季",
      "url": "https://movie.douban.com/subject/35550625/",
      "playable": true,
      "cover": "https://img2.doubanio.com/view/photo/s_ratio_poster/public/p2674751591.jpg",
      "id": "35550625",
      "cover_y": 3000,
      "is_new": false
    },
    {
      "episodes_info": "",
      "rate": "9.2",
      "cover_x": 2000,
      "title": "戏剧新生活",
      "url": "https://movie.douban.com/subject/35231889/",
      "playable": true,
      "cover": "https://img2.doubanio.com/view/photo/s_ratio_poster/public/p2630822201.jpg",
      "id": "35231889",
      "cover_y": 3556,
      "is_new": false
    },
    {
      "episodes_info": "",
      "rate": "7.0",
      "cover_x": 768,
      "title": "嗨放派",
      "url": "https://movie.douban.com/subject/35441529/",
      "playable": true,
      "cover": "https://img1.doubanio.com/view/photo/s_ratio_poster/public/p2653632288.jpg",
      "id": "35441529",
      "cover_y": 1231,
      "is_new": false
    },
    {
      "episodes_info": "",
      "rate": "9.5",
      "cover_x": 1701,
      "title": "机智的山村生活",
      "url": "https://movie.douban.com/subject/35605389/",
      "playable": false,
      "cover": "https://img2.doubanio.com/view/photo/s_ratio_poster/public/p2688699322.jpg",
      "id": "35605389",
      "cover_y": 2409,
      "is_new": false
    },
    {
      "episodes_info": "",
      "rate": "7.2",
      "cover_x": 1024,
      "title": "德云斗笑社 第二季",
      "url": "https://movie.douban.com/subject/35236750/",
      "playable": true,
      "cover": "https://img2.doubanio.com/view/photo/s_ratio_poster/public/p2677299071.jpg",
      "id": "35236750",
      "cover_y": 1831,
      "is_new": false
    },
    {
      "episodes_info": "",
      "rate": "8.6",
      "cover_x": 610,
      "title": "换乘恋爱",
      "url": "https://movie.douban.com/subject/35510204/",
      "playable": false,
      "cover": "https://img3.doubanio.com/view/photo/s_ratio_poster/public/p2665544860.jpg",
      "id": "35510204",
      "cover_y": 863,
      "is_new": false
    },
    {
      "episodes_info": "",
      "rate": "",
      "cover_x": 2813,
      "title": "最后的赢家",
      "url": "https://movie.douban.com/subject/35231926/",
      "playable": true,
      "cover": "https://img9.doubanio.com/view/photo/s_ratio_poster/public/p2689628914.jpg",
      "id": "35231926",
      "cover_y": 5000,
      "is_new": false
    },
    {
      "episodes_info": "",
      "rate": "8.9",
      "cover_x": 690,
      "title": "圆桌派 第一季",
      "url": "https://movie.douban.com/subject/26897019/",
      "playable": true,
      "cover": "https://img2.doubanio.com/view/photo/s_ratio_poster/public/p2390929081.jpg",
      "id": "26897019",
      "cover_y": 1226,
      "is_new": false
    },
    {
      "episodes_info": "",
      "rate": "8.7",
      "cover_x": 1080,
      "title": "典籍里的中国",
      "url": "https://movie.douban.com/subject/35357321/",
      "playable": true,
      "cover": "https://img2.doubanio.com/view/photo/s_ratio_poster/public/p2634927073.jpg",
      "id": "35357321",
      "cover_y": 1520,
      "is_new": false
    },
    {
      "episodes_info": "",
      "rate": "8.0",
      "cover_x": 1890,
      "title": "脱口秀大会 第三季",
      "url": "https://movie.douban.com/subject/34840339/",
      "playable": true,
      "cover": "https://img2.doubanio.com/view/photo/s_ratio_poster/public/p2613921861.jpg",
      "id": "34840339",
      "cover_y": 3360,
      "is_new": false
    },
    {
      "episodes_info": "",
      "rate": "8.6",
      "cover_x": 810,
      "title": "明星大侦探 第四季",
      "url": "https://movie.douban.com/subject/30329046/",
      "playable": true,
      "cover": "https://img9.doubanio.com/view/photo/s_ratio_poster/public/p2538816286.jpg",
      "id": "30329046",
      "cover_y": 1215,
      "is_new": false
    },
    {
      "episodes_info": "",
      "rate": "9.1",
      "cover_x": 810,
      "title": "说唱新世代",
      "url": "https://movie.douban.com/subject/35134297/",
      "playable": true,
      "cover": "https://img2.doubanio.com/view/photo/s_ratio_poster/public/p2620834741.jpg",
      "id": "35134297",
      "cover_y": 1080,
      "is_new": false
    },
    {
      "episodes_info": "",
      "rate": "9.2",
      "cover_x": 1181,
      "title": "锵锵行天下 第一季",
      "url": "https://movie.douban.com/subject/30325398/",
      "playable": true,
      "cover": "https://img1.doubanio.com/view/photo/s_ratio_poster/public/p2534078057.jpg",
      "id": "30325398",
      "cover_y": 2100,
      "is_new": false
    }
  ]
