[
    {
      "episodes_info": "",
      "rate": "7.9",
      "cover_x": 1080,
      "title": "屋檐之夏",
      "url": "https://movie.douban.com/subject/35518766/",
      "playable": true,
      "cover": "https://img3.doubanio.com/view/photo/s_ratio_poster/public/p2687829610.jpg",
      "id": "35518766",
      "cover_y": 1841,
      "is_new": false
    },
    {
      "episodes_info": "",
      "rate": "6.7",
      "cover_x": 563,
      "title": "向往的生活 第五季",
      "url": "https://movie.douban.com/subject/35404034/",
      "playable": true,
      "cover": "https://img9.doubanio.com/view/photo/s_ratio_poster/public/p2643199694.jpg",
      "id": "35404034",
      "cover_y": 858,
      "is_new": false
    },
    {
      "episodes_info": "",
      "rate": "8.8",
      "cover_x": 1080,
      "title": "明星大侦探 第六季",
      "url": "https://movie.douban.com/subject/35196767/",
      "playable": true,
      "cover": "https://img1.doubanio.com/view/photo/s_ratio_poster/public/p2629958749.jpg",
      "id": "35196767",
      "cover_y": 1920,
      "is_new": false
    },
    {
      "episodes_info": "",
      "rate": "9.1",
      "cover_x": 900,
      "title": "圆桌派 第二季",
      "url": "https://movie.douban.com/subject/27046738/",
      "playable": true,
      "cover": "https://img3.doubanio.com/view/photo/s_ratio_poster/public/p2459865020.jpg",
      "id": "27046738",
      "cover_y": 1200,
      "is_new": false
    },
    {
      "episodes_info": "",
      "rate": "8.4",
      "cover_x": 750,
      "title": "十三邀 第一季",
      "url": "https://movie.douban.com/subject/26801784/",
      "playable": true,
      "cover": "https://img2.doubanio.com/view/photo/s_ratio_poster/public/p2459465052.jpg",
      "id": "26801784",
      "cover_y": 1334,
      "is_new": false
    },
    {
      "episodes_info": "",
      "rate": "8.9",
      "cover_x": 1000,
      "title": "有点心机又如何",
      "url": "https://movie.douban.com/subject/34937668/",
      "playable": true,
      "cover": "https://img9.doubanio.com/view/photo/s_ratio_poster/public/p2615941185.jpg",
      "id": "34937668",
      "cover_y": 1500,
      "is_new": false
    },
    {
      "episodes_info": "",
      "rate": "9.3",
      "cover_x": 1500,
      "title": "运动天才安宰贤",
      "url": "https://movie.douban.com/subject/35604657/",
      "playable": false,
      "cover": "https://img9.doubanio.com/view/photo/s_ratio_poster/public/p2692463995.jpg",
      "id": "35604657",
      "cover_y": 2151,
      "is_new": false
    },
    {
      "episodes_info": "",
      "rate": "7.9",
      "cover_x": 702,
      "title": "恰好是少年",
      "url": "https://movie.douban.com/subject/35236745/",
      "playable": true,
      "cover": "https://img3.doubanio.com/view/photo/s_ratio_poster/public/p2636874360.jpg",
      "id": "35236745",
      "cover_y": 1396,
      "is_new": false
    },
    {
      "episodes_info": "",
      "rate": "8.8",
      "cover_x": 1760,
      "title": "奇遇人生 第一季",
      "url": "https://movie.douban.com/subject/30304024/",
      "playable": true,
      "cover": "https://img1.doubanio.com/view/photo/s_ratio_poster/public/p2533929218.jpg",
      "id": "30304024",
      "cover_y": 2972,
      "is_new": false
    },
    {
      "episodes_info": "",
      "rate": "7.4",
      "cover_x": 4340,
      "title": "你好生活 第一季",
      "url": "https://movie.douban.com/subject/34930820/",
      "playable": true,
      "cover": "https://img9.doubanio.com/view/photo/s_ratio_poster/public/p2580695205.jpg",
      "id": "34930820",
      "cover_y": 6510,
      "is_new": false
    },
    {
      "episodes_info": "",
      "rate": "9.6",
      "cover_x": 1446,
      "title": "新西游记 第五季",
      "url": "https://movie.douban.com/subject/30231957/",
      "playable": false,
      "cover": "https://img1.doubanio.com/view/photo/s_ratio_poster/public/p2534172628.jpg",
      "id": "30231957",
      "cover_y": 2048,
      "is_new": false
    },
    {
      "episodes_info": "",
      "rate": "9.2",
      "cover_x": 1688,
      "title": "国家宝藏 第三季",
      "url": "https://movie.douban.com/subject/35075960/",
      "playable": true,
      "cover": "https://img3.doubanio.com/view/photo/s_ratio_poster/public/p2627833180.jpg",
      "id": "35075960",
      "cover_y": 3000,
      "is_new": false
    },
    {
      "episodes_info": "",
      "rate": "8.8",
      "cover_x": 761,
      "title": "不会伤害你",
      "url": "https://movie.douban.com/subject/35573322/",
      "playable": false,
      "cover": "https://img2.doubanio.com/view/photo/s_ratio_poster/public/p2682147652.jpg",
      "id": "35573322",
      "cover_y": 1077,
      "is_new": false
    },
    {
      "episodes_info": "",
      "rate": "9.6",
      "cover_x": 1240,
      "title": "春季露营",
      "url": "https://movie.douban.com/subject/35424801/",
      "playable": false,
      "cover": "https://img9.doubanio.com/view/photo/s_ratio_poster/public/p2643367766.jpg",
      "id": "35424801",
      "cover_y": 1754,
      "is_new": false
    },
    {
      "episodes_info": "",
      "rate": "9.4",
      "cover_x": 1445,
      "title": "花样青春：非洲篇",
      "url": "https://movie.douban.com/subject/26715586/",
      "playable": false,
      "cover": "https://img1.doubanio.com/view/photo/s_ratio_poster/public/p2322338109.jpg",
      "id": "26715586",
      "cover_y": 2048,
      "is_new": false
    },
    {
      "episodes_info": "",
      "rate": "8.0",
      "cover_x": 1049,
      "title": "向往的生活 第二季",
      "url": "https://movie.douban.com/subject/27602222/",
      "playable": true,
      "cover": "https://img9.doubanio.com/view/photo/s_ratio_poster/public/p2520109024.jpg",
      "id": "27602222",
      "cover_y": 1468,
      "is_new": false
    },
    {
      "episodes_info": "",
      "rate": "8.7",
      "cover_x": 450,
      "title": "守护解放西",
      "url": "https://movie.douban.com/subject/34800399/",
      "playable": true,
      "cover": "https://img1.doubanio.com/view/photo/s_ratio_poster/public/p2566291857.jpg",
      "id": "34800399",
      "cover_y": 600,
      "is_new": false
    },
    {
      "episodes_info": "",
      "rate": "7.4",
      "cover_x": 1080,
      "title": "奇葩说 第六季",
      "url": "https://movie.douban.com/subject/33441919/",
      "playable": true,
      "cover": "https://img9.doubanio.com/view/photo/s_ratio_poster/public/p2571064755.jpg",
      "id": "33441919",
      "cover_y": 1920,
      "is_new": false
    },
    {
      "episodes_info": "",
      "rate": "8.3",
      "cover_x": 1198,
      "title": "这！就是街舞 第三季",
      "url": "https://movie.douban.com/subject/34979018/",
      "playable": true,
      "cover": "https://img9.doubanio.com/view/photo/s_ratio_poster/public/p2601149316.jpg",
      "id": "34979018",
      "cover_y": 1920,
      "is_new": false
    },
    {
      "episodes_info": "",
      "rate": "8.7",
      "cover_x": 1079,
      "title": "你好生活 第二季",
      "url": "https://movie.douban.com/subject/35243078/",
      "playable": true,
      "cover": "https://img2.doubanio.com/view/photo/s_ratio_poster/public/p2625659883.jpg",
      "id": "35243078",
      "cover_y": 1587,
      "is_new": false
    }
  ]
