[
    {
      "episodes_info": "",
      "rate": "9.3",
      "cover_x": 1080,
      "title": "锵锵行天下 第二季",
      "url": "https://movie.douban.com/subject/35356724/",
      "playable": true,
      "cover": "https://img1.doubanio.com/view/photo/s_ratio_poster/public/p2632433599.jpg",
      "id": "35356724",
      "cover_y": 1920,
      "is_new": false
    },
    {
      "episodes_info": "",
      "rate": "7.0",
      "cover_x": 1080,
      "title": "90婚介所",
      "url": "https://movie.douban.com/subject/35518737/",
      "playable": true,
      "cover": "https://img1.doubanio.com/view/photo/s_ratio_poster/public/p2679298369.jpg",
      "id": "35518737",
      "cover_y": 1841,
      "is_new": false
    },
    {
      "episodes_info": "",
      "rate": "8.2",
      "cover_x": 2480,
      "title": "令人心动的offer 第一季",
      "url": "https://movie.douban.com/subject/34855021/",
      "playable": true,
      "cover": "https://img3.doubanio.com/view/photo/s_ratio_poster/public/p2573706800.jpg",
      "id": "34855021",
      "cover_y": 4724,
      "is_new": false
    },
    {
      "episodes_info": "",
      "rate": "9.1",
      "cover_x": 881,
      "title": "隐姓亿万富翁",
      "url": "https://movie.douban.com/subject/34806351/",
      "playable": true,
      "cover": "https://img1.doubanio.com/view/photo/s_ratio_poster/public/p2566911118.jpg",
      "id": "34806351",
      "cover_y": 1000,
      "is_new": false
    },
    {
      "episodes_info": "",
      "rate": "8.7",
      "cover_x": 1080,
      "title": "乐队的夏天 第一季",
      "url": "https://movie.douban.com/subject/30357990/",
      "playable": true,
      "cover": "https://img9.doubanio.com/view/photo/s_ratio_poster/public/p2556110785.jpg",
      "id": "30357990",
      "cover_y": 1920,
      "is_new": false
    },
    {
      "episodes_info": "",
      "rate": "7.1",
      "cover_x": 480,
      "title": "我的音乐你听吗",
      "url": "https://movie.douban.com/subject/35461214/",
      "playable": true,
      "cover": "https://img2.doubanio.com/view/photo/s_ratio_poster/public/p2678002863.jpg",
      "id": "35461214",
      "cover_y": 640,
      "is_new": false
    },
    {
      "episodes_info": "",
      "rate": "9.6",
      "cover_x": 640,
      "title": "局部 第一季",
      "url": "https://movie.douban.com/subject/26425522/",
      "playable": true,
      "cover": "https://img9.doubanio.com/view/photo/s_ratio_poster/public/p2253249056.jpg",
      "id": "26425522",
      "cover_y": 1136,
      "is_new": false
    },
    {
      "episodes_info": "",
      "rate": "9.1",
      "cover_x": 828,
      "title": "圆桌派 第三季",
      "url": "https://movie.douban.com/subject/27180210/",
      "playable": true,
      "cover": "https://img3.doubanio.com/view/photo/s_ratio_poster/public/p2511866530.jpg",
      "id": "27180210",
      "cover_y": 1472,
      "is_new": false
    },
    {
      "episodes_info": "",
      "rate": "9.0",
      "cover_x": 1432,
      "title": "国家宝藏 第一季",
      "url": "https://movie.douban.com/subject/27186619/",
      "playable": true,
      "cover": "https://img3.doubanio.com/view/photo/s_ratio_poster/public/p2508947440.jpg",
      "id": "27186619",
      "cover_y": 2048,
      "is_new": false
    },
    {
      "episodes_info": "",
      "rate": "9.2",
      "cover_x": 2048,
      "title": "极限挑战 第一季",
      "url": "https://movie.douban.com/subject/26387728/",
      "playable": true,
      "cover": "https://img1.doubanio.com/view/photo/s_ratio_poster/public/p2603241359.jpg",
      "id": "26387728",
      "cover_y": 2913,
      "is_new": false
    },
    {
      "episodes_info": "",
      "rate": "6.8",
      "cover_x": 770,
      "title": "脱口秀大会 第一季",
      "url": "https://movie.douban.com/subject/27099227/",
      "playable": true,
      "cover": "https://img2.doubanio.com/view/photo/s_ratio_poster/public/p2495830451.jpg",
      "id": "27099227",
      "cover_y": 1080,
      "is_new": false
    },
    {
      "episodes_info": "",
      "rate": "7.5",
      "cover_x": 536,
      "title": "青春环游记 第二季",
      "url": "https://movie.douban.com/subject/34880852/",
      "playable": true,
      "cover": "https://img2.doubanio.com/view/photo/s_ratio_poster/public/p2607628222.jpg",
      "id": "34880852",
      "cover_y": 928,
      "is_new": false
    },
    {
      "episodes_info": "",
      "rate": "7.6",
      "cover_x": 1080,
      "title": "脱口秀大会 第二季",
      "url": "https://movie.douban.com/subject/34431573/",
      "playable": true,
      "cover": "https://img2.doubanio.com/view/photo/s_ratio_poster/public/p2563413742.jpg",
      "id": "34431573",
      "cover_y": 1520,
      "is_new": false
    },
    {
      "episodes_info": "",
      "rate": "8.6",
      "cover_x": 1688,
      "title": "圆桌派 第四季",
      "url": "https://movie.douban.com/subject/30269908/",
      "playable": true,
      "cover": "https://img9.doubanio.com/view/photo/s_ratio_poster/public/p2558848644.jpg",
      "id": "30269908",
      "cover_y": 3000,
      "is_new": false
    },
    {
      "episodes_info": "",
      "rate": "9.0",
      "cover_x": 1100,
      "title": "十三邀 第五季",
      "url": "https://movie.douban.com/subject/35173861/",
      "playable": true,
      "cover": "https://img3.doubanio.com/view/photo/s_ratio_poster/public/p2627783930.jpg",
      "id": "35173861",
      "cover_y": 2000,
      "is_new": false
    },
    {
      "episodes_info": "",
      "rate": "9.6",
      "cover_x": 880,
      "title": "Running Man",
      "url": "https://movie.douban.com/subject/10509888/",
      "playable": false,
      "cover": "https://img2.doubanio.com/view/photo/s_ratio_poster/public/p2512561572.jpg",
      "id": "10509888",
      "cover_y": 1280,
      "is_new": false
    },
    {
      "episodes_info": "",
      "rate": "6.8",
      "cover_x": 1080,
      "title": "乘风破浪的姐姐 第一季",
      "url": "https://movie.douban.com/subject/34894589/",
      "playable": true,
      "cover": "https://img1.doubanio.com/view/photo/s_ratio_poster/public/p2608297477.jpg",
      "id": "34894589",
      "cover_y": 1556,
      "is_new": false
    },
    {
      "episodes_info": "",
      "rate": "9.4",
      "cover_x": 480,
      "title": "机智的露营生活",
      "url": "https://movie.douban.com/subject/35382366/",
      "playable": false,
      "cover": "https://img2.doubanio.com/view/photo/s_ratio_poster/public/p2674133613.jpg",
      "id": "35382366",
      "cover_y": 680,
      "is_new": false
    },
    {
      "episodes_info": "",
      "rate": "9.6",
      "cover_x": 440,
      "title": "一千零一夜 第一季",
      "url": "https://movie.douban.com/subject/26314530/",
      "playable": true,
      "cover": "https://img1.doubanio.com/view/photo/s_ratio_poster/public/p2250111417.jpg",
      "id": "26314530",
      "cover_y": 781,
      "is_new": false
    },
    {
      "episodes_info": "",
      "rate": "6.7",
      "cover_x": 2160,
      "title": "打卡吧！吃货团",
      "url": "https://movie.douban.com/subject/35231918/",
      "playable": true,
      "cover": "https://img2.doubanio.com/view/photo/s_ratio_poster/public/p2675590902.jpg",
      "id": "35231918",
      "cover_y": 3840,
      "is_new": false
    }
  ]
