[
    {
      "episodes_info": "",
      "rate": "7.1",
      "cover_x": 1280,
      "title": "密室大逃脱 第二季",
      "url": "https://movie.douban.com/subject/34894618/",
      "playable": true,
      "cover": "https://img1.doubanio.com/view/photo/s_ratio_poster/public/p2612707319.jpg",
      "id": "34894618",
      "cover_y": 1920,
      "is_new": false
    },
    {
      "episodes_info": "",
      "rate": "7.3",
      "cover_x": 720,
      "title": "乐队的夏天 第二季",
      "url": "https://movie.douban.com/subject/34660591/",
      "playable": true,
      "cover": "https://img1.doubanio.com/view/photo/s_ratio_poster/public/p2615197029.jpg",
      "id": "34660591",
      "cover_y": 960,
      "is_new": false
    },
    {
      "episodes_info": "",
      "rate": "9.5",
      "cover_x": 1000,
      "title": "姜食堂",
      "url": "https://movie.douban.com/subject/27180848/",
      "playable": false,
      "cover": "https://img9.doubanio.com/view/photo/s_ratio_poster/public/p2506216135.jpg",
      "id": "27180848",
      "cover_y": 1408,
      "is_new": false
    },
    {
      "episodes_info": "",
      "rate": "7.5",
      "cover_x": 1125,
      "title": "角落的夜晚",
      "url": "https://movie.douban.com/subject/35574143/",
      "playable": false,
      "cover": "https://img1.doubanio.com/view/photo/s_ratio_poster/public/p2678057628.jpg",
      "id": "35574143",
      "cover_y": 1507,
      "is_new": false
    },
    {
      "episodes_info": "",
      "rate": "8.5",
      "cover_x": 670,
      "title": "李栋旭想做脱口秀",
      "url": "https://movie.douban.com/subject/34902504/",
      "playable": false,
      "cover": "https://img2.doubanio.com/view/photo/s_ratio_poster/public/p2575380423.jpg",
      "id": "34902504",
      "cover_y": 960,
      "is_new": false
    },
    {
      "episodes_info": "",
      "rate": "8.5",
      "cover_x": 857,
      "title": "街头女斗士",
      "url": "https://movie.douban.com/subject/35517637/",
      "playable": false,
      "cover": "https://img9.doubanio.com/view/photo/s_ratio_poster/public/p2671078526.jpg",
      "id": "35517637",
      "cover_y": 1200,
      "is_new": false
    },
    {
      "episodes_info": "",
      "rate": "4.8",
      "cover_x": 725,
      "title": "Girls Planet 999",
      "url": "https://movie.douban.com/subject/35326287/",
      "playable": false,
      "cover": "https://img1.doubanio.com/view/photo/s_ratio_poster/public/p2675317147.jpg",
      "id": "35326287",
      "cover_y": 1078,
      "is_new": false
    },
    {
      "episodes_info": "",
      "rate": "9.1",
      "cover_x": 1504,
      "title": "国家宝藏 第二季",
      "url": "https://movie.douban.com/subject/30352947/",
      "playable": true,
      "cover": "https://img1.doubanio.com/view/photo/s_ratio_poster/public/p2541540687.jpg",
      "id": "30352947",
      "cover_y": 2668,
      "is_new": false
    },
    {
      "episodes_info": "",
      "rate": "9.2",
      "cover_x": 1200,
      "title": "冥想指南",
      "url": "https://movie.douban.com/subject/35284424/",
      "playable": false,
      "cover": "https://img9.doubanio.com/view/photo/s_ratio_poster/public/p2629587265.jpg",
      "id": "35284424",
      "cover_y": 1778,
      "is_new": false
    },
    {
      "episodes_info": "",
      "rate": "9.5",
      "cover_x": 944,
      "title": "新西游记 第八季",
      "url": "https://movie.douban.com/subject/35161298/",
      "playable": false,
      "cover": "https://img1.doubanio.com/view/photo/s_ratio_poster/public/p2621042927.jpg",
      "id": "35161298",
      "cover_y": 1349,
      "is_new": false
    },
    {
      "episodes_info": "",
      "rate": "9.1",
      "cover_x": 1329,
      "title": "一本好书",
      "url": "https://movie.douban.com/subject/30337114/",
      "playable": true,
      "cover": "https://img3.doubanio.com/view/photo/s_ratio_poster/public/p2536542410.jpg",
      "id": "30337114",
      "cover_y": 2362,
      "is_new": false
    },
    {
      "episodes_info": "",
      "rate": "9.4",
      "cover_x": 1280,
      "title": "如果国宝会说话 第一季",
      "url": "https://movie.douban.com/subject/27182720/",
      "playable": true,
      "cover": "https://img2.doubanio.com/view/photo/s_ratio_poster/public/p2508735192.jpg",
      "id": "27182720",
      "cover_y": 1806,
      "is_new": false
    },
    {
      "episodes_info": "",
      "rate": "8.8",
      "cover_x": 2872,
      "title": "明星大侦探之名侦探学院 第三季",
      "url": "https://movie.douban.com/subject/35240870/",
      "playable": true,
      "cover": "https://img9.doubanio.com/view/photo/s_ratio_poster/public/p2624478284.jpg",
      "id": "35240870",
      "cover_y": 4961,
      "is_new": false
    },
    {
      "episodes_info": "",
      "rate": "9.4",
      "cover_x": 828,
      "title": "局部 第二季",
      "url": "https://movie.douban.com/subject/26936444/",
      "playable": true,
      "cover": "https://img1.doubanio.com/view/photo/s_ratio_poster/public/p2517389329.jpg",
      "id": "26936444",
      "cover_y": 1471,
      "is_new": false
    },
    {
      "episodes_info": "",
      "rate": "9.3",
      "cover_x": 945,
      "title": "寻人记",
      "url": "https://movie.douban.com/subject/35426347/",
      "playable": true,
      "cover": "https://img1.doubanio.com/view/photo/s_ratio_poster/public/p2656638499.jpg",
      "id": "35426347",
      "cover_y": 1350,
      "is_new": false
    },
    {
      "episodes_info": "",
      "rate": "8.6",
      "cover_x": 600,
      "title": "粉墨之家",
      "url": "https://movie.douban.com/subject/27597023/",
      "playable": false,
      "cover": "https://img9.doubanio.com/view/photo/s_ratio_poster/public/p2509932645.jpg",
      "id": "27597023",
      "cover_y": 900,
      "is_new": false
    },
    {
      "episodes_info": "",
      "rate": "8.7",
      "cover_x": 690,
      "title": "中央广播电视总台2019主持人大赛",
      "url": "https://movie.douban.com/subject/34879453/",
      "playable": true,
      "cover": "https://img2.doubanio.com/view/photo/s_ratio_poster/public/p2573352241.jpg",
      "id": "34879453",
      "cover_y": 1227,
      "is_new": false
    },
    {
      "episodes_info": "",
      "rate": "4.5",
      "cover_x": 466,
      "title": "中国好声音2021",
      "url": "https://movie.douban.com/subject/35408518/",
      "playable": true,
      "cover": "https://img9.doubanio.com/view/photo/s_ratio_poster/public/p2669967975.jpg",
      "id": "35408518",
      "cover_y": 800,
      "is_new": false
    },
    {
      "episodes_info": "",
      "rate": "8.4",
      "cover_x": 720,
      "title": "十三邀 第二季",
      "url": "https://movie.douban.com/subject/27125207/",
      "playable": true,
      "cover": "https://img2.doubanio.com/view/photo/s_ratio_poster/public/p2497754643.jpg",
      "id": "27125207",
      "cover_y": 1280,
      "is_new": false
    },
    {
      "episodes_info": "",
      "rate": "7.9",
      "cover_x": 1186,
      "title": "仅三天可见",
      "url": "https://movie.douban.com/subject/34842268/",
      "playable": true,
      "cover": "https://img1.doubanio.com/view/photo/s_ratio_poster/public/p2569779209.jpg",
      "id": "34842268",
      "cover_y": 2110,
      "is_new": false
    }
  ]
