[
    {
      "episodes_info": "",
      "rate": "6.3",
      "cover_x": 1799,
      "title": "偶像练习生",
      "url": "https://movie.douban.com/subject/27594877/",
      "playable": true,
      "cover": "https://img9.doubanio.com/view/photo/s_ratio_poster/public/p2507034776.jpg",
      "id": "27594877",
      "cover_y": 3201,
      "is_new": false
    },
    {
      "episodes_info": "",
      "rate": "9.7",
      "cover_x": 1200,
      "title": "新西游记 第四季",
      "url": "https://movie.douban.com/subject/26995050/",
      "playable": false,
      "cover": "https://img2.doubanio.com/view/photo/s_ratio_poster/public/p2461355773.jpg",
      "id": "26995050",
      "cover_y": 1699,
      "is_new": false
    },
    {
      "episodes_info": "",
      "rate": "4.5",
      "cover_x": 1480,
      "title": "中餐厅 第五季",
      "url": "https://movie.douban.com/subject/35447675/",
      "playable": true,
      "cover": "https://img3.doubanio.com/view/photo/s_ratio_poster/public/p2667812240.jpg",
      "id": "35447675",
      "cover_y": 2121,
      "is_new": false
    },
    {
      "episodes_info": "",
      "rate": "5.2",
      "cover_x": 4320,
      "title": "萌探探探案",
      "url": "https://movie.douban.com/subject/35231928/",
      "playable": true,
      "cover": "https://img1.doubanio.com/view/photo/s_ratio_poster/public/p2648552268.jpg",
      "id": "35231928",
      "cover_y": 7680,
      "is_new": false
    },
    {
      "episodes_info": "",
      "rate": "9.1",
      "cover_x": 1080,
      "title": "忘不了餐厅 第一季",
      "url": "https://movie.douban.com/subject/30474718/",
      "playable": true,
      "cover": "https://img9.doubanio.com/view/photo/s_ratio_poster/public/p2553826944.jpg",
      "id": "30474718",
      "cover_y": 1759,
      "is_new": false
    },
    {
      "episodes_info": "",
      "rate": "7.5",
      "cover_x": 1080,
      "title": "某某与我",
      "url": "https://movie.douban.com/subject/35566744/",
      "playable": false,
      "cover": "https://img9.doubanio.com/view/photo/s_ratio_poster/public/p2677047495.jpg",
      "id": "35566744",
      "cover_y": 1515,
      "is_new": false
    },
    {
      "episodes_info": "",
      "rate": "",
      "cover_x": 1500,
      "title": "我们的歌 第三季",
      "url": "https://movie.douban.com/subject/35516038/",
      "playable": true,
      "cover": "https://img3.doubanio.com/view/photo/s_ratio_poster/public/p2679112720.jpg",
      "id": "35516038",
      "cover_y": 2668,
      "is_new": false
    },
    {
      "episodes_info": "",
      "rate": "6.1",
      "cover_x": 836,
      "title": "舞蹈生",
      "url": "https://movie.douban.com/subject/35432383/",
      "playable": true,
      "cover": "https://img3.doubanio.com/view/photo/s_ratio_poster/public/p2674831160.jpg",
      "id": "35432383",
      "cover_y": 1080,
      "is_new": false
    },
    {
      "episodes_info": "",
      "rate": "9.7",
      "cover_x": 1800,
      "title": "人间世 第一季",
      "url": "https://movie.douban.com/subject/26815163/",
      "playable": true,
      "cover": "https://img2.doubanio.com/view/photo/s_ratio_poster/public/p2369039272.jpg",
      "id": "26815163",
      "cover_y": 2700,
      "is_new": false
    },
    {
      "episodes_info": "",
      "rate": "9.3",
      "cover_x": 500,
      "title": "新西游记 第一季",
      "url": "https://movie.douban.com/subject/26581214/",
      "playable": true,
      "cover": "https://img2.doubanio.com/view/photo/s_ratio_poster/public/p2413232753.jpg",
      "id": "26581214",
      "cover_y": 708,
      "is_new": false
    },
    {
      "episodes_info": "",
      "rate": "9.0",
      "cover_x": 905,
      "title": "奇葩说 第一季",
      "url": "https://movie.douban.com/subject/26177736/",
      "playable": true,
      "cover": "https://img9.doubanio.com/view/photo/s_ratio_poster/public/p2221154684.jpg",
      "id": "26177736",
      "cover_y": 1312,
      "is_new": false
    },
    {
      "episodes_info": "",
      "rate": "7.3",
      "cover_x": 4500,
      "title": "令人心动的offer 第二季",
      "url": "https://movie.douban.com/subject/35008143/",
      "playable": true,
      "cover": "https://img2.doubanio.com/view/photo/s_ratio_poster/public/p2624237093.jpg",
      "id": "35008143",
      "cover_y": 8238,
      "is_new": false
    },
    {
      "episodes_info": "",
      "rate": "9.6",
      "cover_x": 600,
      "title": "麻浦帅小伙",
      "url": "https://movie.douban.com/subject/34979434/",
      "playable": false,
      "cover": "https://img1.doubanio.com/view/photo/s_ratio_poster/public/p2588431927.jpg",
      "id": "34979434",
      "cover_y": 849,
      "is_new": false
    },
    {
      "episodes_info": "",
      "rate": "",
      "cover_x": 892,
      "title": "时光音乐会",
      "url": "https://movie.douban.com/subject/35633481/",
      "playable": true,
      "cover": "https://img2.doubanio.com/view/photo/s_ratio_poster/public/p2703876042.jpg",
      "id": "35633481",
      "cover_y": 1338,
      "is_new": true
    },
    {
      "episodes_info": "",
      "rate": "",
      "cover_x": 1170,
      "title": "拳力以赴的我们",
      "url": "https://movie.douban.com/subject/35433174/",
      "playable": true,
      "cover": "https://img1.doubanio.com/view/photo/s_ratio_poster/public/p2677037338.jpg",
      "id": "35433174",
      "cover_y": 2080,
      "is_new": false
    },
    {
      "episodes_info": "",
      "rate": "9.4",
      "cover_x": 710,
      "title": "啊！设计",
      "url": "https://movie.douban.com/subject/26636126/",
      "playable": true,
      "cover": "https://img9.doubanio.com/view/photo/s_ratio_poster/public/p2635179466.jpg",
      "id": "26636126",
      "cover_y": 1000,
      "is_new": false
    },
    {
      "episodes_info": "",
      "rate": "8.6",
      "cover_x": 1080,
      "title": "小小的追球",
      "url": "https://movie.douban.com/subject/34868125/",
      "playable": true,
      "cover": "https://img2.doubanio.com/view/photo/s_ratio_poster/public/p2578384633.jpg",
      "id": "34868125",
      "cover_y": 1834,
      "is_new": false
    },
    {
      "episodes_info": "",
      "rate": "6.5",
      "cover_x": 3120,
      "title": "吐槽大会 第五季",
      "url": "https://movie.douban.com/subject/35236741/",
      "playable": true,
      "cover": "https://img9.doubanio.com/view/photo/s_ratio_poster/public/p2630403566.jpg",
      "id": "35236741",
      "cover_y": 5200,
      "is_new": false
    },
    {
      "episodes_info": "",
      "rate": "9.2",
      "cover_x": 1500,
      "title": "犯人就是你 第三季",
      "url": "https://movie.douban.com/subject/34966845/",
      "playable": false,
      "cover": "https://img9.doubanio.com/view/photo/s_ratio_poster/public/p2628489094.jpg",
      "id": "34966845",
      "cover_y": 2222,
      "is_new": false
    },
    {
      "episodes_info": "",
      "rate": "",
      "cover_x": 1080,
      "title": "奔跑吧·黄河篇 第二季",
      "url": "https://movie.douban.com/subject/35559284/",
      "playable": true,
      "cover": "https://img2.doubanio.com/view/photo/s_ratio_poster/public/p2696070311.jpg",
      "id": "35559284",
      "cover_y": 2062,
      "is_new": true
    }
  ]
