{
  "setting": {},
  "condition": {
    "plugin": {
      "list": []
    },
    "game": {
      "list": []
    },
    "gamePlugin": {
      "list": []
    },
    "miniprogram": {
      "list": [
        {
          "name": "搜索",
          "pathName": "pages/search/search",
          "query": "",
          "scene": null
        },
        {
          "name": "TOp250",
          "pathName": "pages/top250/top250",
          "query": "",
          "scene": null
        },
        {
          "name": "首页",
          "pathName": "pages/index1/index1",
          "query": "",
          "scene": null
        },
        {
          "name": "详情",
          "pathName": "pages/details/details",
          "query": "",
          "scene": null
        },
        {
          "name": "剧照",
          "pathName": "pages/still/still",
          "query": "",
          "scene": null
        },
        {
          "name": "wode",
          "pathName": "pages/mine/mine",
          "query": "",
          "scene": null
        },
        {
          "name": "denglu",
          "pathName": "pages/enter/enter",
          "query": "",
          "scene": null
        },
        {
          "name": "评论",
          "pathName": "pages/comment/comment",
          "query": "",
          "scene": null
        },
        {
          "name": "短评",
          "pathName": "pages/essay/essay",
          "query": "",
          "scene": null
        }
      ]
    }
  }
}