{
  "count": 18,
  "c": 138,
  "f": 13,
  "o": 88,
  "n": 127,
  "photos": [
    {
      "read_count": 369,
      "image": {
        "large": {
          "url": "https://img2.doubanio.com\/view\/photo\/l\/public\/p2688872833.jpg",
          "width": 1600,
          "height": 1066,
          "size": 0
        },
        "raw": null,
        "small": {
          "url": "https://img2.doubanio.com\/view\/photo\/s\/public\/p2688872833.jpg",
          "width": 600,
          "height": 400,
          "size": 0
        },
        "is_animated": false,
        "normal": {
          "url": "https://img2.doubanio.com\/view\/photo\/m\/public\/p2688872833.jpg",
          "width": 600,
          "height": 400,
          "size": 0
        }
      },
      "create_time": "2021-09-30 23:57:46",
      "url": "https:\/\/movie.douban.com\/photos\/photo\/2688872833\/",
      "collections_count": 0,
      "reshares_count": 0,
      "id": "2688872833",
      "author": {
        "loc": null,
        "kind": "user",
        "name": "Spring",
        "url": "https:\/\/www.douban.com\/people\/197670513\/",
        "id": "197670513",
        "reg_time": "2019-06-09 23:51:12",
        "uri": "douban:\/\/douban.com\/user\/197670513",
        "avatar": "https://img2.doubanio.com\/icon\/up197670513-1.jpg",
        "is_club": false,
        "type": "user",
        "avatar_side_icon": "",
        "uid": "197670513"
      },
      "is_collected": false,
      "type": "photo",
      "owner_uri": "douban:\/\/douban.com\/movie\/25845392",
      "status": null,
      "reaction_type": 0,
      "description": "",
      "sharing_url": "https:\/\/www.douban.com\/doubanapp\/dispatch?uri=\/photo\/2688872833\/",
      "likers_count": 0,
      "reply_limit": "A",
      "uri": "douban:\/\/douban.com\/photo\/2688872833",
      "subtype": "photo",
      "reactions_count": 0,
      "comments_count": 1,
      "position": 176
    },
    {
      "read_count": 158,
      "image": {
        "large": {
          "url": "https://img1.doubanio.com\/view\/photo\/l\/public\/p2688872817.jpg",
          "width": 1600,
          "height": 1066,
          "size": 0
        },
        "raw": null,
        "small": {
          "url": "https://img1.doubanio.com\/view\/photo\/s\/public\/p2688872817.jpg",
          "width": 600,
          "height": 400,
          "size": 0
        },
        "is_animated": false,
        "normal": {
          "url": "https://img1.doubanio.com\/view\/photo\/m\/public\/p2688872817.jpg",
          "width": 600,
          "height": 400,
          "size": 0
        }
      },
      "create_time": "2021-09-30 23:57:26",
      "url": "https:\/\/movie.douban.com\/photos\/photo\/2688872817\/",
      "collections_count": 1,
      "reshares_count": 0,
      "id": "2688872817",
      "author": {
        "loc": null,
        "kind": "user",
        "name": "Spring",
        "url": "https:\/\/www.douban.com\/people\/197670513\/",
        "id": "197670513",
        "reg_time": "2019-06-09 23:51:12",
        "uri": "douban:\/\/douban.com\/user\/197670513",
        "avatar": "https://img2.doubanio.com\/icon\/up197670513-1.jpg",
        "is_club": false,
        "type": "user",
        "avatar_side_icon": "",
        "uid": "197670513"
      },
      "is_collected": false,
      "type": "photo",
      "owner_uri": "douban:\/\/douban.com\/movie\/25845392",
      "status": null,
      "reaction_type": 0,
      "description": "",
      "sharing_url": "https:\/\/www.douban.com\/doubanapp\/dispatch?uri=\/photo\/2688872817\/",
      "likers_count": 0,
      "reply_limit": "A",
      "uri": "douban:\/\/douban.com\/photo\/2688872817",
      "subtype": "photo",
      "reactions_count": 0,
      "comments_count": 0,
      "position": 178
    },
    {
      "read_count": 615,
      "image": {
        "large": {
          "url": "https://img2.doubanio.com\/view\/photo\/l\/public\/p2688872811.jpg",
          "width": 1600,
          "height": 1066,
          "size": 0
        },
        "raw": null,
        "small": {
          "url": "https://img2.doubanio.com\/view\/photo\/s\/public\/p2688872811.jpg",
          "width": 600,
          "height": 400,
          "size": 0
        },
        "is_animated": false,
        "normal": {
          "url": "https://img2.doubanio.com\/view\/photo\/m\/public\/p2688872811.jpg",
          "width": 600,
          "height": 400,
          "size": 0
        }
      },
      "create_time": "2021-09-30 23:57:17",
      "url": "https:\/\/movie.douban.com\/photos\/photo\/2688872811\/",
      "collections_count": 0,
      "reshares_count": 0,
      "id": "2688872811",
      "author": {
        "loc": null,
        "kind": "user",
        "name": "Spring",
        "url": "https:\/\/www.douban.com\/people\/197670513\/",
        "id": "197670513",
        "reg_time": "2019-06-09 23:51:12",
        "uri": "douban:\/\/douban.com\/user\/197670513",
        "avatar": "https://img2.doubanio.com\/icon\/up197670513-1.jpg",
        "is_club": false,
        "type": "user",
        "avatar_side_icon": "",
        "uid": "197670513"
      },
      "is_collected": false,
      "type": "photo",
      "owner_uri": "douban:\/\/douban.com\/movie\/25845392",
      "status": null,
      "reaction_type": 0,
      "description": "",
      "sharing_url": "https:\/\/www.douban.com\/doubanapp\/dispatch?uri=\/photo\/2688872811\/",
      "likers_count": 0,
      "reply_limit": "A",
      "uri": "douban:\/\/douban.com\/photo\/2688872811",
      "subtype": "photo",
      "reactions_count": 0,
      "comments_count": 0,
      "position": 179
    },
    {
      "read_count": 563,
      "image": {
        "large": {
          "url": "https://img2.doubanio.com\/view\/photo\/l\/public\/p2688872801.jpg",
          "width": 1600,
          "height": 1066,
          "size": 0
        },
        "raw": null,
        "small": {
          "url": "https://img2.doubanio.com\/view\/photo\/s\/public\/p2688872801.jpg",
          "width": 600,
          "height": 400,
          "size": 0
        },
        "is_animated": false,
        "normal": {
          "url": "https://img2.doubanio.com\/view\/photo\/m\/public\/p2688872801.jpg",
          "width": 600,
          "height": 400,
          "size": 0
        }
      },
      "create_time": "2021-09-30 23:57:08",
      "url": "https:\/\/movie.douban.com\/photos\/photo\/2688872801\/",
      "collections_count": 0,
      "reshares_count": 0,
      "id": "2688872801",
      "author": {
        "loc": null,
        "kind": "user",
        "name": "Spring",
        "url": "https:\/\/www.douban.com\/people\/197670513\/",
        "id": "197670513",
        "reg_time": "2019-06-09 23:51:12",
        "uri": "douban:\/\/douban.com\/user\/197670513",
        "avatar": "https://img2.doubanio.com\/icon\/up197670513-1.jpg",
        "is_club": false,
        "type": "user",
        "avatar_side_icon": "",
        "uid": "197670513"
      },
      "is_collected": false,
      "type": "photo",
      "owner_uri": "douban:\/\/douban.com\/movie\/25845392",
      "status": null,
      "reaction_type": 0,
      "description": "",
      "sharing_url": "https:\/\/www.douban.com\/doubanapp\/dispatch?uri=\/photo\/2688872801\/",
      "likers_count": 0,
      "reply_limit": "A",
      "uri": "douban:\/\/douban.com\/photo\/2688872801",
      "subtype": "photo",
      "reactions_count": 0,
      "comments_count": 0,
      "position": 180
    },
    {
      "read_count": 255,
      "image": {
        "large": {
          "url": "https://img9.doubanio.com\/view\/photo\/l\/public\/p2683212795.jpg",
          "width": 1500,
          "height": 1000,
          "size": 0
        },
        "raw": null,
        "small": {
          "url": "https://img9.doubanio.com\/view\/photo\/s\/public\/p2683212795.jpg",
          "width": 600,
          "height": 400,
          "size": 0
        },
        "is_animated": false,
        "normal": {
          "url": "https://img9.doubanio.com\/view\/photo\/m\/public\/p2683212795.jpg",
          "width": 600,
          "height": 400,
          "size": 0
        }
      },
      "create_time": "2021-09-17 17:54:49",
      "url": "https:\/\/movie.douban.com\/photos\/photo\/2683212795\/",
      "collections_count": 0,
      "reshares_count": 0,
      "id": "2683212795",
      "author": {
        "loc": {
          "id": "128156",
          "name": "Praha",
          "uid": "praha"
        },
        "kind": "user",
        "name": "每天运动一小时",
        "url": "https:\/\/www.douban.com\/people\/179495030\/",
        "id": "179495030",
        "reg_time": "2018-06-04 17:59:56",
        "uri": "douban:\/\/douban.com\/user\/179495030",
        "avatar": "https://img1.doubanio.com\/icon\/up179495030-47.jpg",
        "is_club": false,
        "type": "user",
        "avatar_side_icon": "",
        "uid": "179495030"
      },
      "is_collected": false,
      "type": "photo",
      "owner_uri": "douban:\/\/douban.com\/movie\/25845392",
      "status": null,
      "reaction_type": 0,
      "description": "",
      "sharing_url": "https:\/\/www.douban.com\/doubanapp\/dispatch?uri=\/photo\/2683212795\/",
      "likers_count": 0,
      "reply_limit": "A",
      "uri": "douban:\/\/douban.com\/photo\/2683212795",
      "subtype": "photo",
      "reactions_count": 0,
      "comments_count": 0,
      "position": 253
    },
    {
      "read_count": 384,
      "image": {
        "large": {
          "url": "https://img2.doubanio.com\/view\/photo\/l\/public\/p2683065641.jpg",
          "width": 1600,
          "height": 1066,
          "size": 0
        },
        "raw": null,
        "small": {
          "url": "https://img2.doubanio.com\/view\/photo\/s\/public\/p2683065641.jpg",
          "width": 600,
          "height": 400,
          "size": 0
        },
        "is_animated": false,
        "normal": {
          "url": "https://img2.doubanio.com\/view\/photo\/m\/public\/p2683065641.jpg",
          "width": 600,
          "height": 400,
          "size": 0
        }
      },
      "create_time": "2021-09-17 11:22:39",
      "url": "https:\/\/movie.douban.com\/photos\/photo\/2683065641\/",
      "collections_count": 0,
      "reshares_count": 0,
      "id": "2683065641",
      "author": {
        "loc": {
          "id": "118318",
          "name": "成都",
          "uid": "chengdu"
        },
        "kind": "user",
        "name": "每天运动—小时",
        "url": "https:\/\/www.douban.com\/people\/89421495\/",
        "id": "89421495",
        "reg_time": "2014-05-22 00:01:28",
        "uri": "douban:\/\/douban.com\/user\/89421495",
        "avatar": "https://img2.doubanio.com\/icon\/up89421495-11.jpg",
        "is_club": false,
        "type": "user",
        "avatar_side_icon": "",
        "uid": "89421495"
      },
      "is_collected": false,
      "type": "photo",
      "owner_uri": "douban:\/\/douban.com\/movie\/25845392",
      "status": null,
      "reaction_type": 0,
      "description": "",
      "sharing_url": "https:\/\/www.douban.com\/doubanapp\/dispatch?uri=\/photo\/2683065641\/",
      "likers_count": 0,
      "reply_limit": "A",
      "uri": "douban:\/\/douban.com\/photo\/2683065641",
      "subtype": "photo",
      "reactions_count": 0,
      "comments_count": 0,
      "position": 264
    },
    {
      "read_count": 348,
      "image": {
        "large": {
          "url": "https://img3.doubanio.com\/view\/photo\/l\/public\/p2683065640.jpg",
          "width": 1600,
          "height": 1066,
          "size": 0
        },
        "raw": null,
        "small": {
          "url": "https://img3.doubanio.com\/view\/photo\/s\/public\/p2683065640.jpg",
          "width": 600,
          "height": 400,
          "size": 0
        },
        "is_animated": false,
        "normal": {
          "url": "https://img3.doubanio.com\/view\/photo\/m\/public\/p2683065640.jpg",
          "width": 600,
          "height": 400,
          "size": 0
        }
      },
      "create_time": "2021-09-17 11:22:39",
      "url": "https:\/\/movie.douban.com\/photos\/photo\/2683065640\/",
      "collections_count": 0,
      "reshares_count": 0,
      "id": "2683065640",
      "author": {
        "loc": {
          "id": "118318",
          "name": "成都",
          "uid": "chengdu"
        },
        "kind": "user",
        "name": "每天运动—小时",
        "url": "https:\/\/www.douban.com\/people\/89421495\/",
        "id": "89421495",
        "reg_time": "2014-05-22 00:01:28",
        "uri": "douban:\/\/douban.com\/user\/89421495",
        "avatar": "https://img2.doubanio.com\/icon\/up89421495-11.jpg",
        "is_club": false,
        "type": "user",
        "avatar_side_icon": "",
        "uid": "89421495"
      },
      "is_collected": false,
      "type": "photo",
      "owner_uri": "douban:\/\/douban.com\/movie\/25845392",
      "status": null,
      "reaction_type": 0,
      "description": "",
      "sharing_url": "https:\/\/www.douban.com\/doubanapp\/dispatch?uri=\/photo\/2683065640\/",
      "likers_count": 0,
      "reply_limit": "A",
      "uri": "douban:\/\/douban.com\/photo\/2683065640",
      "subtype": "photo",
      "reactions_count": 0,
      "comments_count": 0,
      "position": 265
    },
    {
      "read_count": 298,
      "image": {
        "large": {
          "url": "https://img2.doubanio.com\/view\/photo\/l\/public\/p2681858051.jpg",
          "width": 1600,
          "height": 1066,
          "size": 0
        },
        "raw": null,
        "small": {
          "url": "https://img2.doubanio.com\/view\/photo\/s\/public\/p2681858051.jpg",
          "width": 600,
          "height": 400,
          "size": 0
        },
        "is_animated": false,
        "normal": {
          "url": "https://img2.doubanio.com\/view\/photo\/m\/public\/p2681858051.jpg",
          "width": 600,
          "height": 400,
          "size": 0
        }
      },
      "create_time": "2021-09-14 14:34:06",
      "url": "https:\/\/movie.douban.com\/photos\/photo\/2681858051\/",
      "collections_count": 0,
      "reshares_count": 0,
      "id": "2681858051",
      "author": {
        "loc": {
          "id": "118318",
          "name": "成都",
          "uid": "chengdu"
        },
        "kind": "user",
        "name": "每天运动—小时",
        "url": "https:\/\/www.douban.com\/people\/89421495\/",
        "id": "89421495",
        "reg_time": "2014-05-22 00:01:28",
        "uri": "douban:\/\/douban.com\/user\/89421495",
        "avatar": "https://img2.doubanio.com\/icon\/up89421495-11.jpg",
        "is_club": false,
        "type": "user",
        "avatar_side_icon": "",
        "uid": "89421495"
      },
      "is_collected": false,
      "type": "photo",
      "owner_uri": "douban:\/\/douban.com\/movie\/25845392",
      "status": null,
      "reaction_type": 0,
      "description": "",
      "sharing_url": "https:\/\/www.douban.com\/doubanapp\/dispatch?uri=\/photo\/2681858051\/",
      "likers_count": 0,
      "reply_limit": "A",
      "uri": "douban:\/\/douban.com\/photo\/2681858051",
      "subtype": "photo",
      "reactions_count": 0,
      "comments_count": 0,
      "position": 280
    },
    {
      "read_count": 4310,
      "image": {
        "large": {
          "url": "https://img2.doubanio.com\/view\/photo\/l\/public\/p2670418983.jpg",
          "width": 1274,
          "height": 720,
          "size": 0
        },
        "raw": null,
        "small": {
          "url": "https://img2.doubanio.com\/view\/photo\/s\/public\/p2670418983.jpg",
          "width": 600,
          "height": 339,
          "size": 0
        },
        "is_animated": false,
        "normal": {
          "url": "https://img2.doubanio.com\/view\/photo\/m\/public\/p2670418983.jpg",
          "width": 600,
          "height": 339,
          "size": 0
        }
      },
      "create_time": "2021-07-13 18:58:49",
      "url": "https:\/\/movie.douban.com\/photos\/photo\/2670418983\/",
      "collections_count": 2,
      "reshares_count": 0,
      "id": "2670418983",
      "author": {
        "loc": {
          "id": "118291",
          "name": "惠州",
          "uid": "huizhou"
        },
        "kind": "user",
        "name": "川",
        "url": "https:\/\/www.douban.com\/people\/200395500\/",
        "id": "200395500",
        "reg_time": "2019-07-25 13:25:32",
        "uri": "douban:\/\/douban.com\/user\/200395500",
        "avatar": "https://img2.doubanio.com\/icon\/up200395500-33.jpg",
        "is_club": false,
        "type": "user",
        "avatar_side_icon": "",
        "uid": "DIGIMON9527"
      },
      "is_collected": false,
      "type": "photo",
      "owner_uri": "douban:\/\/douban.com\/movie\/25845392",
      "status": null,
      "reaction_type": 0,
      "description": "",
      "sharing_url": "https:\/\/www.douban.com\/doubanapp\/dispatch?uri=\/photo\/2670418983\/",
      "likers_count": 20,
      "reply_limit": "A",
      "uri": "douban:\/\/douban.com\/photo\/2670418983",
      "subtype": "photo",
      "reactions_count": 20,
      "comments_count": 66,
      "position": 336
    },
    {
      "read_count": 3531,
      "image": {
        "large": {
          "url": "https://img9.doubanio.com\/view\/photo\/l\/public\/p2670418994.jpg",
          "width": 1279,
          "height": 720,
          "size": 0
        },
        "raw": null,
        "small": {
          "url": "https://img9.doubanio.com\/view\/photo\/s\/public\/p2670418994.jpg",
          "width": 600,
          "height": 337,
          "size": 0
        },
        "is_animated": false,
        "normal": {
          "url": "https://img9.doubanio.com\/view\/photo\/m\/public\/p2670418994.jpg",
          "width": 600,
          "height": 337,
          "size": 0
        }
      },
      "create_time": "2021-07-13 18:58:50",
      "url": "https:\/\/movie.douban.com\/photos\/photo\/2670418994\/",
      "collections_count": 1,
      "reshares_count": 1,
      "id": "2670418994",
      "author": {
        "loc": {
          "id": "118291",
          "name": "惠州",
          "uid": "huizhou"
        },
        "kind": "user",
        "name": "川",
        "url": "https:\/\/www.douban.com\/people\/200395500\/",
        "id": "200395500",
        "reg_time": "2019-07-25 13:25:32",
        "uri": "douban:\/\/douban.com\/user\/200395500",
        "avatar": "https://img2.doubanio.com\/icon\/up200395500-33.jpg",
        "is_club": false,
        "type": "user",
        "avatar_side_icon": "",
        "uid": "DIGIMON9527"
      },
      "is_collected": false,
      "type": "photo",
      "owner_uri": "douban:\/\/douban.com\/movie\/25845392",
      "status": null,
      "reaction_type": 0,
      "description": "",
      "sharing_url": "https:\/\/www.douban.com\/doubanapp\/dispatch?uri=\/photo\/2670418994\/",
      "likers_count": 14,
      "reply_limit": "A",
      "uri": "douban:\/\/douban.com\/photo\/2670418994",
      "subtype": "photo",
      "reactions_count": 14,
      "comments_count": 37,
      "position": 7
    },
    {
      "read_count": 1091,
      "image": {
        "large": {
          "url": "https://img9.doubanio.com\/view\/photo\/l\/public\/p2670418985.jpg",
          "width": 1279,
          "height": 720,
          "size": 0
        },
        "raw": null,
        "small": {
          "url": "https://img9.doubanio.com\/view\/photo\/s\/public\/p2670418985.jpg",
          "width": 600,
          "height": 337,
          "size": 0
        },
        "is_animated": false,
        "normal": {
          "url": "https://img9.doubanio.com\/view\/photo\/m\/public\/p2670418985.jpg",
          "width": 600,
          "height": 337,
          "size": 0
        }
      },
      "create_time": "2021-07-13 18:58:49",
      "url": "https:\/\/movie.douban.com\/photos\/photo\/2670418985\/",
      "collections_count": 0,
      "reshares_count": 0,
      "id": "2670418985",
      "author": {
        "loc": {
          "id": "118291",
          "name": "惠州",
          "uid": "huizhou"
        },
        "kind": "user",
        "name": "川",
        "url": "https:\/\/www.douban.com\/people\/200395500\/",
        "id": "200395500",
        "reg_time": "2019-07-25 13:25:32",
        "uri": "douban:\/\/douban.com\/user\/200395500",
        "avatar": "https://img2.doubanio.com\/icon\/up200395500-33.jpg",
        "is_club": false,
        "type": "user",
        "avatar_side_icon": "",
        "uid": "DIGIMON9527"
      },
      "is_collected": false,
      "type": "photo",
      "owner_uri": "douban:\/\/douban.com\/movie\/25845392",
      "status": null,
      "reaction_type": 0,
      "description": "",
      "sharing_url": "https:\/\/www.douban.com\/doubanapp\/dispatch?uri=\/photo\/2670418985\/",
      "likers_count": 7,
      "reply_limit": "A",
      "uri": "douban:\/\/douban.com\/photo\/2670418985",
      "subtype": "photo",
      "reactions_count": 7,
      "comments_count": 18,
      "position": 334
    },
    {
      "read_count": 638,
      "image": {
        "large": {
          "url": "https://img9.doubanio.com\/view\/photo\/l\/public\/p2691039555.jpg",
          "width": 1124,
          "height": 832,
          "size": 0
        },
        "raw": null,
        "small": {
          "url": "https://img9.doubanio.com\/view\/photo\/s\/public\/p2691039555.jpg",
          "width": 600,
          "height": 444,
          "size": 0
        },
        "is_animated": false,
        "normal": {
          "url": "https://img9.doubanio.com\/view\/photo\/m\/public\/p2691039555.jpg",
          "width": 600,
          "height": 444,
          "size": 0
        }
      },
      "create_time": "2021-10-05 19:12:13",
      "url": "https:\/\/movie.douban.com\/photos\/photo\/2691039555\/",
      "collections_count": 1,
      "reshares_count": 0,
      "id": "2691039555",
      "author": {
        "loc": null,
        "kind": "user",
        "name": "江湖骗子",
        "url": "https:\/\/www.douban.com\/people\/151568736\/",
        "id": "151568736",
        "reg_time": "2016-09-24 15:10:31",
        "uri": "douban:\/\/douban.com\/user\/151568736",
        "avatar": "https://img1.doubanio.com\/icon\/up151568736-27.jpg",
        "is_club": false,
        "type": "user",
        "avatar_side_icon": "",
        "uid": "151568736"
      },
      "is_collected": false,
      "type": "photo",
      "owner_uri": "douban:\/\/douban.com\/movie\/25845392",
      "status": null,
      "reaction_type": 0,
      "description": "",
      "sharing_url": "https:\/\/www.douban.com\/doubanapp\/dispatch?uri=\/photo\/2691039555\/",
      "likers_count": 6,
      "reply_limit": "A",
      "uri": "douban:\/\/douban.com\/photo\/2691039555",
      "subtype": "photo",
      "reactions_count": 6,
      "comments_count": 2,
      "position": 132
    },
    {
      "read_count": 2080,
      "image": {
        "large": {
          "url": "https://img2.doubanio.com\/view\/photo\/l\/public\/p2681644783.jpg",
          "width": 1600,
          "height": 900,
          "size": 0
        },
        "raw": null,
        "small": {
          "url": "https://img2.doubanio.com\/view\/photo\/s\/public\/p2681644783.jpg",
          "width": 600,
          "height": 337,
          "size": 0
        },
        "is_animated": false,
        "normal": {
          "url": "https://img2.doubanio.com\/view\/photo\/m\/public\/p2681644783.jpg",
          "width": 600,
          "height": 337,
          "size": 0
        }
      },
      "create_time": "2021-09-13 10:30:36",
      "url": "https:\/\/movie.douban.com\/photos\/photo\/2681644783\/",
      "collections_count": 0,
      "reshares_count": 0,
      "id": "2681644783",
      "author": {
        "loc": null,
        "kind": "user",
        "name": "龙造寺肥前守",
        "url": "https:\/\/www.douban.com\/people\/203338639\/",
        "id": "203338639",
        "reg_time": "2019-09-04 17:45:14",
        "uri": "douban:\/\/douban.com\/user\/203338639",
        "avatar": "https://img9.doubanio.com\/icon\/up203338639-4.jpg",
        "is_club": false,
        "type": "user",
        "avatar_side_icon": "",
        "uid": "203338639"
      },
      "is_collected": false,
      "type": "photo",
      "owner_uri": "douban:\/\/douban.com\/movie\/25845392",
      "status": null,
      "reaction_type": 0,
      "description": "",
      "sharing_url": "https:\/\/www.douban.com\/doubanapp\/dispatch?uri=\/photo\/2681644783\/",
      "likers_count": 5,
      "reply_limit": "A",
      "uri": "douban:\/\/douban.com\/photo\/2681644783",
      "subtype": "photo",
      "reactions_count": 5,
      "comments_count": 4,
      "position": 286
    },
    {
      "read_count": 1960,
      "image": {
        "large": {
          "url": "https://img2.doubanio.com\/view\/photo\/l\/public\/p2681644781.jpg",
          "width": 1600,
          "height": 900,
          "size": 0
        },
        "raw": null,
        "small": {
          "url": "https://img2.doubanio.com\/view\/photo\/s\/public\/p2681644781.jpg",
          "width": 600,
          "height": 337,
          "size": 0
        },
        "is_animated": false,
        "normal": {
          "url": "https://img2.doubanio.com\/view\/photo\/m\/public\/p2681644781.jpg",
          "width": 600,
          "height": 337,
          "size": 0
        }
      },
      "create_time": "2021-09-13 10:30:36",
      "url": "https:\/\/movie.douban.com\/photos\/photo\/2681644781\/",
      "collections_count": 0,
      "reshares_count": 0,
      "id": "2681644781",
      "author": {
        "loc": null,
        "kind": "user",
        "name": "龙造寺肥前守",
        "url": "https:\/\/www.douban.com\/people\/203338639\/",
        "id": "203338639",
        "reg_time": "2019-09-04 17:45:14",
        "uri": "douban:\/\/douban.com\/user\/203338639",
        "avatar": "https://img9.doubanio.com\/icon\/up203338639-4.jpg",
        "is_club": false,
        "type": "user",
        "avatar_side_icon": "",
        "uid": "203338639"
      },
      "is_collected": false,
      "type": "photo",
      "owner_uri": "douban:\/\/douban.com\/movie\/25845392",
      "status": null,
      "reaction_type": 0,
      "description": "",
      "sharing_url": "https:\/\/www.douban.com\/doubanapp\/dispatch?uri=\/photo\/2681644781\/",
      "likers_count": 5,
      "reply_limit": "A",
      "uri": "douban:\/\/douban.com\/photo\/2681644781",
      "subtype": "photo",
      "reactions_count": 5,
      "comments_count": 10,
      "position": 288
    },
    {
      "read_count": 1368,
      "image": {
        "large": {
          "url": "https://img1.doubanio.com\/view\/photo\/l\/public\/p2670418987.jpg",
          "width": 1279,
          "height": 720,
          "size": 0
        },
        "raw": null,
        "small": {
          "url": "https://img1.doubanio.com\/view\/photo\/s\/public\/p2670418987.jpg",
          "width": 600,
          "height": 337,
          "size": 0
        },
        "is_animated": false,
        "normal": {
          "url": "https://img1.doubanio.com\/view\/photo\/m\/public\/p2670418987.jpg",
          "width": 600,
          "height": 337,
          "size": 0
        }
      },
      "create_time": "2021-07-13 18:58:49",
      "url": "https:\/\/movie.douban.com\/photos\/photo\/2670418987\/",
      "collections_count": 0,
      "reshares_count": 1,
      "id": "2670418987",
      "author": {
        "loc": {
          "id": "118291",
          "name": "惠州",
          "uid": "huizhou"
        },
        "kind": "user",
        "name": "川",
        "url": "https:\/\/www.douban.com\/people\/200395500\/",
        "id": "200395500",
        "reg_time": "2019-07-25 13:25:32",
        "uri": "douban:\/\/douban.com\/user\/200395500",
        "avatar": "https://img2.doubanio.com\/icon\/up200395500-33.jpg",
        "is_club": false,
        "type": "user",
        "avatar_side_icon": "",
        "uid": "DIGIMON9527"
      },
      "is_collected": false,
      "type": "photo",
      "owner_uri": "douban:\/\/douban.com\/movie\/25845392",
      "status": null,
      "reaction_type": 0,
      "description": "",
      "sharing_url": "https:\/\/www.douban.com\/doubanapp\/dispatch?uri=\/photo\/2670418987\/",
      "likers_count": 4,
      "reply_limit": "A",
      "uri": "douban:\/\/douban.com\/photo\/2670418987",
      "subtype": "photo",
      "reactions_count": 4,
      "comments_count": 30,
      "position": 8
    },
    {
      "read_count": 1144,
      "image": {
        "large": {
          "url": "https://img9.doubanio.com\/view\/photo\/l\/public\/p2670418984.jpg",
          "width": 1294,
          "height": 720,
          "size": 0
        },
        "raw": null,
        "small": {
          "url": "https://img9.doubanio.com\/view\/photo\/s\/public\/p2670418984.jpg",
          "width": 600,
          "height": 333,
          "size": 0
        },
        "is_animated": false,
        "normal": {
          "url": "https://img9.doubanio.com\/view\/photo\/m\/public\/p2670418984.jpg",
          "width": 600,
          "height": 333,
          "size": 0
        }
      },
      "create_time": "2021-07-13 18:58:49",
      "url": "https:\/\/movie.douban.com\/photos\/photo\/2670418984\/",
      "collections_count": 0,
      "reshares_count": 0,
      "id": "2670418984",
      "author": {
        "loc": {
          "id": "118291",
          "name": "惠州",
          "uid": "huizhou"
        },
        "kind": "user",
        "name": "川",
        "url": "https:\/\/www.douban.com\/people\/200395500\/",
        "id": "200395500",
        "reg_time": "2019-07-25 13:25:32",
        "uri": "douban:\/\/douban.com\/user\/200395500",
        "avatar": "https://img2.doubanio.com\/icon\/up200395500-33.jpg",
        "is_club": false,
        "type": "user",
        "avatar_side_icon": "",
        "uid": "DIGIMON9527"
      },
      "is_collected": false,
      "type": "photo",
      "owner_uri": "douban:\/\/douban.com\/movie\/25845392",
      "status": null,
      "reaction_type": 0,
      "description": "",
      "sharing_url": "https:\/\/www.douban.com\/doubanapp\/dispatch?uri=\/photo\/2670418984\/",
      "likers_count": 5,
      "reply_limit": "A",
      "uri": "douban:\/\/douban.com\/photo\/2670418984",
      "subtype": "photo",
      "reactions_count": 5,
      "comments_count": 13,
      "position": 335
    },
    {
      "read_count": 389,
      "image": {
        "large": {
          "url": "https://img9.doubanio.com\/view\/photo\/l\/public\/p2681644926.jpg",
          "width": 1600,
          "height": 900,
          "size": 0
        },
        "raw": null,
        "small": {
          "url": "https://img9.doubanio.com\/view\/photo\/s\/public\/p2681644926.jpg",
          "width": 600,
          "height": 337,
          "size": 0
        },
        "is_animated": false,
        "normal": {
          "url": "https://img9.doubanio.com\/view\/photo\/m\/public\/p2681644926.jpg",
          "width": 600,
          "height": 337,
          "size": 0
        }
      },
      "create_time": "2021-09-13 10:31:34",
      "url": "https:\/\/movie.douban.com\/photos\/photo\/2681644926\/",
      "collections_count": 1,
      "reshares_count": 0,
      "id": "2681644926",
      "author": {
        "loc": null,
        "kind": "user",
        "name": "龙造寺肥前守",
        "url": "https:\/\/www.douban.com\/people\/203338639\/",
        "id": "203338639",
        "reg_time": "2019-09-04 17:45:14",
        "uri": "douban:\/\/douban.com\/user\/203338639",
        "avatar": "https://img9.doubanio.com\/icon\/up203338639-4.jpg",
        "is_club": false,
        "type": "user",
        "avatar_side_icon": "",
        "uid": "203338639"
      },
      "is_collected": false,
      "type": "photo",
      "owner_uri": "douban:\/\/douban.com\/movie\/25845392",
      "status": null,
      "reaction_type": 0,
      "description": "",
      "sharing_url": "https:\/\/www.douban.com\/doubanapp\/dispatch?uri=\/photo\/2681644926\/",
      "likers_count": 4,
      "reply_limit": "A",
      "uri": "douban:\/\/douban.com\/photo\/2681644926",
      "subtype": "photo",
      "reactions_count": 4,
      "comments_count": 2,
      "position": 283
    },
    {
      "read_count": 920,
      "image": {
        "large": {
          "url": "https://img2.doubanio.com\/view\/photo\/l\/public\/p2681644752.jpg",
          "width": 1600,
          "height": 900,
          "size": 0
        },
        "raw": null,
        "small": {
          "url": "https://img2.doubanio.com\/view\/photo\/s\/public\/p2681644752.jpg",
          "width": 600,
          "height": 337,
          "size": 0
        },
        "is_animated": false,
        "normal": {
          "url": "https://img2.doubanio.com\/view\/photo\/m\/public\/p2681644752.jpg",
          "width": 600,
          "height": 337,
          "size": 0
        }
      },
      "create_time": "2021-09-13 10:30:25",
      "url": "https:\/\/movie.douban.com\/photos\/photo\/2681644752\/",
      "collections_count": 0,
      "reshares_count": 0,
      "id": "2681644752",
      "author": {
        "loc": null,
        "kind": "user",
        "name": "龙造寺肥前守",
        "url": "https:\/\/www.douban.com\/people\/203338639\/",
        "id": "203338639",
        "reg_time": "2019-09-04 17:45:14",
        "uri": "douban:\/\/douban.com\/user\/203338639",
        "avatar": "https://img9.doubanio.com\/icon\/up203338639-4.jpg",
        "is_club": false,
        "type": "user",
        "avatar_side_icon": "",
        "uid": "203338639"
      },
      "is_collected": false,
      "type": "photo",
      "owner_uri": "douban:\/\/douban.com\/movie\/25845392",
      "status": null,
      "reaction_type": 0,
      "description": "",
      "sharing_url": "https:\/\/www.douban.com\/doubanapp\/dispatch?uri=\/photo\/2681644752\/",
      "likers_count": 4,
      "reply_limit": "A",
      "uri": "douban:\/\/douban.com\/photo\/2681644752",
      "subtype": "photo",
      "reactions_count": 4,
      "comments_count": 4,
      "position": 292
    }
  ],
  "w": 23,
  "total": 389,
  "start": 80
}