{
  "count": 18,
  "c": 138,
  "f": 13,
  "o": 88,
  "n": 127,
  "photos": [
    {
      "read_count": 993,
      "image": {
        "large": {
          "url": "https://img2.doubanio.com\/view\/photo\/l\/public\/p2683065642.jpg",
          "width": 1600,
          "height": 1066,
          "size": 0
        },
        "raw": null,
        "small": {
          "url": "https://img2.doubanio.com\/view\/photo\/s\/public\/p2683065642.jpg",
          "width": 600,
          "height": 400,
          "size": 0
        },
        "is_animated": false,
        "normal": {
          "url": "https://img2.doubanio.com\/view\/photo\/m\/public\/p2683065642.jpg",
          "width": 600,
          "height": 400,
          "size": 0
        }
      },
      "create_time": "2021-09-17 11:22:39",
      "url": "https:\/\/movie.douban.com\/photos\/photo\/2683065642\/",
      "collections_count": 0,
      "reshares_count": 0,
      "id": "2683065642",
      "author": {
        "loc": {
          "id": "118318",
          "name": "成都",
          "uid": "chengdu"
        },
        "kind": "user",
        "name": "每天运动—小时",
        "url": "https:\/\/www.douban.com\/people\/89421495\/",
        "id": "89421495",
        "reg_time": "2014-05-22 00:01:28",
        "uri": "douban:\/\/douban.com\/user\/89421495",
        "avatar": "https://img2.doubanio.com\/icon\/up89421495-11.jpg",
        "is_club": false,
        "type": "user",
        "avatar_side_icon": "",
        "uid": "89421495"
      },
      "is_collected": false,
      "type": "photo",
      "owner_uri": "douban:\/\/douban.com\/movie\/25845392",
      "status": null,
      "reaction_type": 0,
      "description": "",
      "sharing_url": "https:\/\/www.douban.com\/doubanapp\/dispatch?uri=\/photo\/2683065642\/",
      "likers_count": 8,
      "reply_limit": "A",
      "uri": "douban:\/\/douban.com\/photo\/2683065642",
      "subtype": "photo",
      "reactions_count": 8,
      "comments_count": 5,
      "position": 263
    },
    {
      "read_count": 857,
      "image": {
        "large": {
          "url": "https://img2.doubanio.com\/view\/photo\/l\/public\/p2683212792.jpg",
          "width": 1500,
          "height": 1000,
          "size": 0
        },
        "raw": null,
        "small": {
          "url": "https://img2.doubanio.com\/view\/photo\/s\/public\/p2683212792.jpg",
          "width": 600,
          "height": 400,
          "size": 0
        },
        "is_animated": false,
        "normal": {
          "url": "https://img2.doubanio.com\/view\/photo\/m\/public\/p2683212792.jpg",
          "width": 600,
          "height": 400,
          "size": 0
        }
      },
      "create_time": "2021-09-17 17:54:49",
      "url": "https:\/\/movie.douban.com\/photos\/photo\/2683212792\/",
      "collections_count": 1,
      "reshares_count": 0,
      "id": "2683212792",
      "author": {
        "loc": {
          "id": "128156",
          "name": "Praha",
          "uid": "praha"
        },
        "kind": "user",
        "name": "每天运动一小时",
        "url": "https:\/\/www.douban.com\/people\/179495030\/",
        "id": "179495030",
        "reg_time": "2018-06-04 17:59:56",
        "uri": "douban:\/\/douban.com\/user\/179495030",
        "avatar": "https://img1.doubanio.com\/icon\/up179495030-47.jpg",
        "is_club": false,
        "type": "user",
        "avatar_side_icon": "",
        "uid": "179495030"
      },
      "is_collected": false,
      "type": "photo",
      "owner_uri": "douban:\/\/douban.com\/movie\/25845392",
      "status": null,
      "reaction_type": 0,
      "description": "",
      "sharing_url": "https:\/\/www.douban.com\/doubanapp\/dispatch?uri=\/photo\/2683212792\/",
      "likers_count": 7,
      "reply_limit": "A",
      "uri": "douban:\/\/douban.com\/photo\/2683212792",
      "subtype": "photo",
      "reactions_count": 7,
      "comments_count": 3,
      "position": 255
    },
    {
      "read_count": 584,
      "image": {
        "large": {
          "url": "https://img2.doubanio.com\/view\/photo\/l\/public\/p2688875633.jpg",
          "width": 1500,
          "height": 1000,
          "size": 0
        },
        "raw": null,
        "small": {
          "url": "https://img2.doubanio.com\/view\/photo\/s\/public\/p2688875633.jpg",
          "width": 600,
          "height": 400,
          "size": 0
        },
        "is_animated": false,
        "normal": {
          "url": "https://img2.doubanio.com\/view\/photo\/m\/public\/p2688875633.jpg",
          "width": 600,
          "height": 400,
          "size": 0
        }
      },
      "create_time": "2021-10-01 00:44:38",
      "url": "https:\/\/movie.douban.com\/photos\/photo\/2688875633\/",
      "collections_count": 3,
      "reshares_count": 0,
      "id": "2688875633",
      "author": {
        "loc": {
          "id": "108288",
          "name": "北京",
          "uid": "beijing"
        },
        "kind": "user",
        "name": "雨落下",
        "url": "https:\/\/www.douban.com\/people\/221011676\/",
        "id": "221011676",
        "reg_time": "2020-08-11 16:22:48",
        "uri": "douban:\/\/douban.com\/user\/221011676",
        "avatar": "https://img2.doubanio.com\/icon\/up221011676-2.jpg",
        "is_club": false,
        "type": "user",
        "avatar_side_icon": "",
        "uid": "221011676"
      },
      "is_collected": false,
      "type": "photo",
      "owner_uri": "douban:\/\/douban.com\/movie\/25845392",
      "status": null,
      "reaction_type": 0,
      "description": "电影《长津湖》演员朱亚文、李晨剧照",
      "sharing_url": "https:\/\/www.douban.com\/doubanapp\/dispatch?uri=\/photo\/2688875633\/",
      "likers_count": 6,
      "reply_limit": "A",
      "uri": "douban:\/\/douban.com\/photo\/2688875633",
      "subtype": "photo",
      "reactions_count": 6,
      "comments_count": 1,
      "position": 165
    },
    {
      "read_count": 655,
      "image": {
        "large": {
          "url": "https://img2.doubanio.com\/view\/photo\/l\/public\/p2688875622.jpg",
          "width": 1500,
          "height": 1000,
          "size": 0
        },
        "raw": null,
        "small": {
          "url": "https://img2.doubanio.com\/view\/photo\/s\/public\/p2688875622.jpg",
          "width": 600,
          "height": 400,
          "size": 0
        },
        "is_animated": false,
        "normal": {
          "url": "https://img2.doubanio.com\/view\/photo\/m\/public\/p2688875622.jpg",
          "width": 600,
          "height": 400,
          "size": 0
        }
      },
      "create_time": "2021-10-01 00:44:35",
      "url": "https:\/\/movie.douban.com\/photos\/photo\/2688875622\/",
      "collections_count": 0,
      "reshares_count": 0,
      "id": "2688875622",
      "author": {
        "loc": {
          "id": "108288",
          "name": "北京",
          "uid": "beijing"
        },
        "kind": "user",
        "name": "雨落下",
        "url": "https:\/\/www.douban.com\/people\/221011676\/",
        "id": "221011676",
        "reg_time": "2020-08-11 16:22:48",
        "uri": "douban:\/\/douban.com\/user\/221011676",
        "avatar": "https://img2.doubanio.com\/icon\/up221011676-2.jpg",
        "is_club": false,
        "type": "user",
        "avatar_side_icon": "",
        "uid": "221011676"
      },
      "is_collected": false,
      "type": "photo",
      "owner_uri": "douban:\/\/douban.com\/movie\/25845392",
      "status": null,
      "reaction_type": 0,
      "description": "电影《长津湖》演员胡军剧照",
      "sharing_url": "https:\/\/www.douban.com\/doubanapp\/dispatch?uri=\/photo\/2688875622\/",
      "likers_count": 6,
      "reply_limit": "A",
      "uri": "douban:\/\/douban.com\/photo\/2688875622",
      "subtype": "photo",
      "reactions_count": 6,
      "comments_count": 4,
      "position": 168
    },
    {
      "read_count": 1079,
      "image": {
        "large": {
          "url": "https://img1.doubanio.com\/view\/photo\/l\/public\/p2683212839.jpg",
          "width": 1500,
          "height": 1000,
          "size": 0
        },
        "raw": null,
        "small": {
          "url": "https://img1.doubanio.com\/view\/photo\/s\/public\/p2683212839.jpg",
          "width": 600,
          "height": 400,
          "size": 0
        },
        "is_animated": false,
        "normal": {
          "url": "https://img1.doubanio.com\/view\/photo\/m\/public\/p2683212839.jpg",
          "width": 600,
          "height": 400,
          "size": 0
        }
      },
      "create_time": "2021-09-17 17:54:55",
      "url": "https:\/\/movie.douban.com\/photos\/photo\/2683212839\/",
      "collections_count": 1,
      "reshares_count": 0,
      "id": "2683212839",
      "author": {
        "loc": {
          "id": "128156",
          "name": "Praha",
          "uid": "praha"
        },
        "kind": "user",
        "name": "每天运动一小时",
        "url": "https:\/\/www.douban.com\/people\/179495030\/",
        "id": "179495030",
        "reg_time": "2018-06-04 17:59:56",
        "uri": "douban:\/\/douban.com\/user\/179495030",
        "avatar": "https://img1.doubanio.com\/icon\/up179495030-47.jpg",
        "is_club": false,
        "type": "user",
        "avatar_side_icon": "",
        "uid": "179495030"
      },
      "is_collected": false,
      "type": "photo",
      "owner_uri": "douban:\/\/douban.com\/movie\/25845392",
      "status": null,
      "reaction_type": 0,
      "description": "",
      "sharing_url": "https:\/\/www.douban.com\/doubanapp\/dispatch?uri=\/photo\/2683212839\/",
      "likers_count": 6,
      "reply_limit": "A",
      "uri": "douban:\/\/douban.com\/photo\/2683212839",
      "subtype": "photo",
      "reactions_count": 6,
      "comments_count": 8,
      "position": 250
    },
    {
      "read_count": 425,
      "image": {
        "large": {
          "url": "https://img9.doubanio.com\/view\/photo\/l\/public\/p2691547705.jpg",
          "width": 1600,
          "height": 1066,
          "size": 0
        },
        "raw": null,
        "small": {
          "url": "https://img9.doubanio.com\/view\/photo\/s\/public\/p2691547705.jpg",
          "width": 600,
          "height": 400,
          "size": 0
        },
        "is_animated": false,
        "normal": {
          "url": "https://img9.doubanio.com\/view\/photo\/m\/public\/p2691547705.jpg",
          "width": 600,
          "height": 400,
          "size": 0
        }
      },
      "create_time": "2021-10-06 20:25:20",
      "url": "https:\/\/movie.douban.com\/photos\/photo\/2691547705\/",
      "collections_count": 0,
      "reshares_count": 0,
      "id": "2691547705",
      "author": {
        "loc": {
          "id": "108288",
          "name": "北京",
          "uid": "beijing"
        },
        "kind": "user",
        "name": "平常无常",
        "url": "https:\/\/www.douban.com\/people\/95935082\/",
        "id": "95935082",
        "reg_time": "2014-08-06 01:29:35",
        "uri": "douban:\/\/douban.com\/user\/95935082",
        "avatar": "https://img1.doubanio.com\/icon\/u95935082-9.jpg",
        "is_club": false,
        "type": "user",
        "avatar_side_icon": "",
        "uid": "95935082"
      },
      "is_collected": false,
      "type": "photo",
      "owner_uri": "douban:\/\/douban.com\/movie\/25845392",
      "status": null,
      "reaction_type": 0,
      "description": "",
      "sharing_url": "https:\/\/www.douban.com\/doubanapp\/dispatch?uri=\/photo\/2691547705\/",
      "likers_count": 5,
      "reply_limit": "A",
      "uri": "douban:\/\/douban.com\/photo\/2691547705",
      "subtype": "photo",
      "reactions_count": 5,
      "comments_count": 2,
      "position": 125
    },
    {
      "read_count": 663,
      "image": {
        "large": {
          "url": "https://img1.doubanio.com\/view\/photo\/l\/public\/p2691397847.jpg",
          "width": 1600,
          "height": 1066,
          "size": 0
        },
        "raw": null,
        "small": {
          "url": "https://img1.doubanio.com\/view\/photo\/s\/public\/p2691397847.jpg",
          "width": 600,
          "height": 400,
          "size": 0
        },
        "is_animated": false,
        "normal": {
          "url": "https://img1.doubanio.com\/view\/photo\/m\/public\/p2691397847.jpg",
          "width": 600,
          "height": 400,
          "size": 0
        }
      },
      "create_time": "2021-10-06 13:54:16",
      "url": "https:\/\/movie.douban.com\/photos\/photo\/2691397847\/",
      "collections_count": 0,
      "reshares_count": 0,
      "id": "2691397847",
      "author": {
        "loc": {
          "id": "108288",
          "name": "北京",
          "uid": "beijing"
        },
        "kind": "user",
        "name": "雨落下",
        "url": "https:\/\/www.douban.com\/people\/221011676\/",
        "id": "221011676",
        "reg_time": "2020-08-11 16:22:48",
        "uri": "douban:\/\/douban.com\/user\/221011676",
        "avatar": "https://img2.doubanio.com\/icon\/up221011676-2.jpg",
        "is_club": false,
        "type": "user",
        "avatar_side_icon": "",
        "uid": "221011676"
      },
      "is_collected": false,
      "type": "photo",
      "owner_uri": "douban:\/\/douban.com\/movie\/25845392",
      "status": null,
      "reaction_type": 0,
      "description": "",
      "sharing_url": "https:\/\/www.douban.com\/doubanapp\/dispatch?uri=\/photo\/2691397847\/",
      "likers_count": 5,
      "reply_limit": "A",
      "uri": "douban:\/\/douban.com\/photo\/2691397847",
      "subtype": "photo",
      "reactions_count": 5,
      "comments_count": 6,
      "position": 127
    },
    {
      "read_count": 1459,
      "image": {
        "large": {
          "url": "https://img2.doubanio.com\/view\/photo\/l\/public\/p2687939222.jpg",
          "width": 1600,
          "height": 1066,
          "size": 0
        },
        "raw": null,
        "small": {
          "url": "https://img2.doubanio.com\/view\/photo\/s\/public\/p2687939222.jpg",
          "width": 600,
          "height": 400,
          "size": 0
        },
        "is_animated": false,
        "normal": {
          "url": "https://img2.doubanio.com\/view\/photo\/m\/public\/p2687939222.jpg",
          "width": 600,
          "height": 400,
          "size": 0
        }
      },
      "create_time": "2021-09-28 13:21:55",
      "url": "https:\/\/movie.douban.com\/photos\/photo\/2687939222\/",
      "collections_count": 1,
      "reshares_count": 0,
      "id": "2687939222",
      "author": {
        "loc": {
          "id": "108288",
          "name": "北京",
          "uid": "beijing"
        },
        "kind": "user",
        "name": "平常无常",
        "url": "https:\/\/www.douban.com\/people\/95935082\/",
        "id": "95935082",
        "reg_time": "2014-08-06 01:29:35",
        "uri": "douban:\/\/douban.com\/user\/95935082",
        "avatar": "https://img1.doubanio.com\/icon\/u95935082-9.jpg",
        "is_club": false,
        "type": "user",
        "avatar_side_icon": "",
        "uid": "95935082"
      },
      "is_collected": false,
      "type": "photo",
      "owner_uri": "douban:\/\/douban.com\/movie\/25845392",
      "status": null,
      "reaction_type": 0,
      "description": "",
      "sharing_url": "https:\/\/www.douban.com\/doubanapp\/dispatch?uri=\/photo\/2687939222\/",
      "likers_count": 5,
      "reply_limit": "A",
      "uri": "douban:\/\/douban.com\/photo\/2687939222",
      "subtype": "photo",
      "reactions_count": 5,
      "comments_count": 22,
      "position": 199
    },
    {
      "read_count": 848,
      "image": {
        "large": {
          "url": "https://img2.doubanio.com\/view\/photo\/l\/public\/p2683212783.jpg",
          "width": 1500,
          "height": 1000,
          "size": 0
        },
        "raw": null,
        "small": {
          "url": "https://img2.doubanio.com\/view\/photo\/s\/public\/p2683212783.jpg",
          "width": 600,
          "height": 400,
          "size": 0
        },
        "is_animated": false,
        "normal": {
          "url": "https://img2.doubanio.com\/view\/photo\/m\/public\/p2683212783.jpg",
          "width": 600,
          "height": 400,
          "size": 0
        }
      },
      "create_time": "2021-09-17 17:54:47",
      "url": "https:\/\/movie.douban.com\/photos\/photo\/2683212783\/",
      "collections_count": 0,
      "reshares_count": 0,
      "id": "2683212783",
      "author": {
        "loc": {
          "id": "128156",
          "name": "Praha",
          "uid": "praha"
        },
        "kind": "user",
        "name": "每天运动一小时",
        "url": "https:\/\/www.douban.com\/people\/179495030\/",
        "id": "179495030",
        "reg_time": "2018-06-04 17:59:56",
        "uri": "douban:\/\/douban.com\/user\/179495030",
        "avatar": "https://img1.doubanio.com\/icon\/up179495030-47.jpg",
        "is_club": false,
        "type": "user",
        "avatar_side_icon": "",
        "uid": "179495030"
      },
      "is_collected": false,
      "type": "photo",
      "owner_uri": "douban:\/\/douban.com\/movie\/25845392",
      "status": null,
      "reaction_type": 0,
      "description": "",
      "sharing_url": "https:\/\/www.douban.com\/doubanapp\/dispatch?uri=\/photo\/2683212783\/",
      "likers_count": 5,
      "reply_limit": "A",
      "uri": "douban:\/\/douban.com\/photo\/2683212783",
      "subtype": "photo",
      "reactions_count": 5,
      "comments_count": 2,
      "position": 256
    },
    {
      "read_count": 1151,
      "image": {
        "large": {
          "url": "https://img1.doubanio.com\/view\/photo\/l\/public\/p2683065647.jpg",
          "width": 1066,
          "height": 1600,
          "size": 0
        },
        "raw": null,
        "small": {
          "url": "https://img1.doubanio.com\/view\/photo\/s\/public\/p2683065647.jpg",
          "width": 400,
          "height": 600,
          "size": 0
        },
        "is_animated": false,
        "normal": {
          "url": "https://img1.doubanio.com\/view\/photo\/m\/public\/p2683065647.jpg",
          "width": 400,
          "height": 600,
          "size": 0
        }
      },
      "create_time": "2021-09-17 11:22:40",
      "url": "https:\/\/movie.douban.com\/photos\/photo\/2683065647\/",
      "collections_count": 0,
      "reshares_count": 0,
      "id": "2683065647",
      "author": {
        "loc": {
          "id": "118318",
          "name": "成都",
          "uid": "chengdu"
        },
        "kind": "user",
        "name": "每天运动—小时",
        "url": "https:\/\/www.douban.com\/people\/89421495\/",
        "id": "89421495",
        "reg_time": "2014-05-22 00:01:28",
        "uri": "douban:\/\/douban.com\/user\/89421495",
        "avatar": "https://img2.doubanio.com\/icon\/up89421495-11.jpg",
        "is_club": false,
        "type": "user",
        "avatar_side_icon": "",
        "uid": "89421495"
      },
      "is_collected": false,
      "type": "photo",
      "owner_uri": "douban:\/\/douban.com\/movie\/25845392",
      "status": null,
      "reaction_type": 0,
      "description": "",
      "sharing_url": "https:\/\/www.douban.com\/doubanapp\/dispatch?uri=\/photo\/2683065647\/",
      "likers_count": 5,
      "reply_limit": "A",
      "uri": "douban:\/\/douban.com\/photo\/2683065647",
      "subtype": "photo",
      "reactions_count": 5,
      "comments_count": 0,
      "position": 258
    },
    {
      "read_count": 1322,
      "image": {
        "large": {
          "url": "https://img1.doubanio.com\/view\/photo\/l\/public\/p2681892919.jpg",
          "width": 1600,
          "height": 1066,
          "size": 0
        },
        "raw": null,
        "small": {
          "url": "https://img1.doubanio.com\/view\/photo\/s\/public\/p2681892919.jpg",
          "width": 600,
          "height": 400,
          "size": 0
        },
        "is_animated": false,
        "normal": {
          "url": "https://img1.doubanio.com\/view\/photo\/m\/public\/p2681892919.jpg",
          "width": 600,
          "height": 400,
          "size": 0
        }
      },
      "create_time": "2021-09-14 19:07:00",
      "url": "https:\/\/movie.douban.com\/photos\/photo\/2681892919\/",
      "collections_count": 0,
      "reshares_count": 0,
      "id": "2681892919",
      "author": {
        "loc": {
          "id": "108288",
          "name": "北京",
          "uid": "beijing"
        },
        "kind": "user",
        "name": "FUA",
        "url": "https:\/\/www.douban.com\/people\/122971558\/",
        "id": "122971558",
        "reg_time": "2015-03-16 11:03:22",
        "uri": "douban:\/\/douban.com\/user\/122971558",
        "avatar": "https://img2.doubanio.com\/icon\/up122971558-2.jpg",
        "is_club": false,
        "type": "user",
        "avatar_side_icon": "",
        "uid": "122971558"
      },
      "is_collected": false,
      "type": "photo",
      "owner_uri": "douban:\/\/douban.com\/movie\/25845392",
      "status": null,
      "reaction_type": 0,
      "description": "电影《长津湖》演员朱亚文剧照",
      "sharing_url": "https:\/\/www.douban.com\/doubanapp\/dispatch?uri=\/photo\/2681892919\/",
      "likers_count": 5,
      "reply_limit": "A",
      "uri": "douban:\/\/douban.com\/photo\/2681892919",
      "subtype": "photo",
      "reactions_count": 5,
      "comments_count": 2,
      "position": 267
    },
    {
      "read_count": 386,
      "image": {
        "large": {
          "url": "https://img2.doubanio.com\/view\/photo\/l\/public\/p2689985132.jpg",
          "width": 1500,
          "height": 1000,
          "size": 0
        },
        "raw": null,
        "small": {
          "url": "https://img2.doubanio.com\/view\/photo\/s\/public\/p2689985132.jpg",
          "width": 600,
          "height": 400,
          "size": 0
        },
        "is_animated": false,
        "normal": {
          "url": "https://img2.doubanio.com\/view\/photo\/m\/public\/p2689985132.jpg",
          "width": 600,
          "height": 400,
          "size": 0
        }
      },
      "create_time": "2021-10-03 09:55:31",
      "url": "https:\/\/movie.douban.com\/photos\/photo\/2689985132\/",
      "collections_count": 0,
      "reshares_count": 0,
      "id": "2689985132",
      "author": {
        "loc": {
          "id": "128156",
          "name": "Praha",
          "uid": "praha"
        },
        "kind": "user",
        "name": "每天运动一小时",
        "url": "https:\/\/www.douban.com\/people\/179495030\/",
        "id": "179495030",
        "reg_time": "2018-06-04 17:59:56",
        "uri": "douban:\/\/douban.com\/user\/179495030",
        "avatar": "https://img1.doubanio.com\/icon\/up179495030-47.jpg",
        "is_club": false,
        "type": "user",
        "avatar_side_icon": "",
        "uid": "179495030"
      },
      "is_collected": false,
      "type": "photo",
      "owner_uri": "douban:\/\/douban.com\/movie\/25845392",
      "status": null,
      "reaction_type": 0,
      "description": "电影《长津湖》演员韩东君剧照",
      "sharing_url": "https:\/\/www.douban.com\/doubanapp\/dispatch?uri=\/photo\/2689985132\/",
      "likers_count": 4,
      "reply_limit": "A",
      "uri": "douban:\/\/douban.com\/photo\/2689985132",
      "subtype": "photo",
      "reactions_count": 4,
      "comments_count": 4,
      "position": 147
    },
    {
      "read_count": 467,
      "image": {
        "large": {
          "url": "https://img1.doubanio.com\/view\/photo\/l\/public\/p2687941477.jpg",
          "width": 1600,
          "height": 1066,
          "size": 0
        },
        "raw": null,
        "small": {
          "url": "https://img1.doubanio.com\/view\/photo\/s\/public\/p2687941477.jpg",
          "width": 600,
          "height": 400,
          "size": 0
        },
        "is_animated": false,
        "normal": {
          "url": "https://img1.doubanio.com\/view\/photo\/m\/public\/p2687941477.jpg",
          "width": 600,
          "height": 400,
          "size": 0
        }
      },
      "create_time": "2021-09-28 13:27:21",
      "url": "https:\/\/movie.douban.com\/photos\/photo\/2687941477\/",
      "collections_count": 0,
      "reshares_count": 0,
      "id": "2687941477",
      "author": {
        "loc": {
          "id": "108288",
          "name": "北京",
          "uid": "beijing"
        },
        "kind": "user",
        "name": "平常无常",
        "url": "https:\/\/www.douban.com\/people\/95935082\/",
        "id": "95935082",
        "reg_time": "2014-08-06 01:29:35",
        "uri": "douban:\/\/douban.com\/user\/95935082",
        "avatar": "https://img1.doubanio.com\/icon\/u95935082-9.jpg",
        "is_club": false,
        "type": "user",
        "avatar_side_icon": "",
        "uid": "95935082"
      },
      "is_collected": false,
      "type": "photo",
      "owner_uri": "douban:\/\/douban.com\/movie\/25845392",
      "status": null,
      "reaction_type": 0,
      "description": "",
      "sharing_url": "https:\/\/www.douban.com\/doubanapp\/dispatch?uri=\/photo\/2687941477\/",
      "likers_count": 4,
      "reply_limit": "A",
      "uri": "douban:\/\/douban.com\/photo\/2687941477",
      "subtype": "photo",
      "reactions_count": 4,
      "comments_count": 2,
      "position": 194
    },
    {
      "read_count": 498,
      "image": {
        "large": {
          "url": "https://img2.doubanio.com\/view\/photo\/l\/public\/p2683065643.jpg",
          "width": 1600,
          "height": 1066,
          "size": 0
        },
        "raw": null,
        "small": {
          "url": "https://img2.doubanio.com\/view\/photo\/s\/public\/p2683065643.jpg",
          "width": 600,
          "height": 400,
          "size": 0
        },
        "is_animated": false,
        "normal": {
          "url": "https://img2.doubanio.com\/view\/photo\/m\/public\/p2683065643.jpg",
          "width": 600,
          "height": 400,
          "size": 0
        }
      },
      "create_time": "2021-09-17 11:22:39",
      "url": "https:\/\/movie.douban.com\/photos\/photo\/2683065643\/",
      "collections_count": 0,
      "reshares_count": 0,
      "id": "2683065643",
      "author": {
        "loc": {
          "id": "118318",
          "name": "成都",
          "uid": "chengdu"
        },
        "kind": "user",
        "name": "每天运动—小时",
        "url": "https:\/\/www.douban.com\/people\/89421495\/",
        "id": "89421495",
        "reg_time": "2014-05-22 00:01:28",
        "uri": "douban:\/\/douban.com\/user\/89421495",
        "avatar": "https://img2.doubanio.com\/icon\/up89421495-11.jpg",
        "is_club": false,
        "type": "user",
        "avatar_side_icon": "",
        "uid": "89421495"
      },
      "is_collected": false,
      "type": "photo",
      "owner_uri": "douban:\/\/douban.com\/movie\/25845392",
      "status": null,
      "reaction_type": 0,
      "description": "",
      "sharing_url": "https:\/\/www.douban.com\/doubanapp\/dispatch?uri=\/photo\/2683065643\/",
      "likers_count": 4,
      "reply_limit": "A",
      "uri": "douban:\/\/douban.com\/photo\/2683065643",
      "subtype": "photo",
      "reactions_count": 4,
      "comments_count": 7,
      "position": 262
    },
    {
      "read_count": 1250,
      "image": {
        "large": {
          "url": "https://img9.doubanio.com\/view\/photo\/l\/public\/p2681892916.jpg",
          "width": 1600,
          "height": 1066,
          "size": 0
        },
        "raw": null,
        "small": {
          "url": "https://img9.doubanio.com\/view\/photo\/s\/public\/p2681892916.jpg",
          "width": 600,
          "height": 400,
          "size": 0
        },
        "is_animated": false,
        "normal": {
          "url": "https://img9.doubanio.com\/view\/photo\/m\/public\/p2681892916.jpg",
          "width": 600,
          "height": 400,
          "size": 0
        }
      },
      "create_time": "2021-09-14 19:06:59",
      "url": "https:\/\/movie.douban.com\/photos\/photo\/2681892916\/",
      "collections_count": 1,
      "reshares_count": 0,
      "id": "2681892916",
      "author": {
        "loc": {
          "id": "108288",
          "name": "北京",
          "uid": "beijing"
        },
        "kind": "user",
        "name": "FUA",
        "url": "https:\/\/www.douban.com\/people\/122971558\/",
        "id": "122971558",
        "reg_time": "2015-03-16 11:03:22",
        "uri": "douban:\/\/douban.com\/user\/122971558",
        "avatar": "https://img2.doubanio.com\/icon\/up122971558-2.jpg",
        "is_club": false,
        "type": "user",
        "avatar_side_icon": "",
        "uid": "122971558"
      },
      "is_collected": false,
      "type": "photo",
      "owner_uri": "douban:\/\/douban.com\/movie\/25845392",
      "status": null,
      "reaction_type": 0,
      "description": "电影《长津湖》演员吴京剧照",
      "sharing_url": "https:\/\/www.douban.com\/doubanapp\/dispatch?uri=\/photo\/2681892916\/",
      "likers_count": 4,
      "reply_limit": "A",
      "uri": "douban:\/\/douban.com\/photo\/2681892916",
      "subtype": "photo",
      "reactions_count": 4,
      "comments_count": 0,
      "position": 268
    },
    {
      "read_count": 1015,
      "image": {
        "large": {
          "url": "https://img9.doubanio.com\/view\/photo\/l\/public\/p2681892914.jpg",
          "width": 1600,
          "height": 1066,
          "size": 0
        },
        "raw": null,
        "small": {
          "url": "https://img9.doubanio.com\/view\/photo\/s\/public\/p2681892914.jpg",
          "width": 600,
          "height": 400,
          "size": 0
        },
        "is_animated": false,
        "normal": {
          "url": "https://img9.doubanio.com\/view\/photo\/m\/public\/p2681892914.jpg",
          "width": 600,
          "height": 400,
          "size": 0
        }
      },
      "create_time": "2021-09-14 19:06:59",
      "url": "https:\/\/movie.douban.com\/photos\/photo\/2681892914\/",
      "collections_count": 0,
      "reshares_count": 0,
      "id": "2681892914",
      "author": {
        "loc": {
          "id": "108288",
          "name": "北京",
          "uid": "beijing"
        },
        "kind": "user",
        "name": "FUA",
        "url": "https:\/\/www.douban.com\/people\/122971558\/",
        "id": "122971558",
        "reg_time": "2015-03-16 11:03:22",
        "uri": "douban:\/\/douban.com\/user\/122971558",
        "avatar": "https://img2.doubanio.com\/icon\/up122971558-2.jpg",
        "is_club": false,
        "type": "user",
        "avatar_side_icon": "",
        "uid": "122971558"
      },
      "is_collected": false,
      "type": "photo",
      "owner_uri": "douban:\/\/douban.com\/movie\/25845392",
      "status": null,
      "reaction_type": 0,
      "description": "电影《长津湖》演员易烊千玺剧照",
      "sharing_url": "https:\/\/www.douban.com\/doubanapp\/dispatch?uri=\/photo\/2681892914\/",
      "likers_count": 4,
      "reply_limit": "A",
      "uri": "douban:\/\/douban.com\/photo\/2681892914",
      "subtype": "photo",
      "reactions_count": 4,
      "comments_count": 3,
      "position": 269
    },
    {
      "read_count": 193,
      "image": {
        "large": {
          "url": "https://img1.doubanio.com\/view\/photo\/l\/public\/p2691547628.jpg",
          "width": 1600,
          "height": 897,
          "size": 0
        },
        "raw": null,
        "small": {
          "url": "https://img1.doubanio.com\/view\/photo\/s\/public\/p2691547628.jpg",
          "width": 600,
          "height": 336,
          "size": 0
        },
        "is_animated": false,
        "normal": {
          "url": "https://img1.doubanio.com\/view\/photo\/m\/public\/p2691547628.jpg",
          "width": 600,
          "height": 336,
          "size": 0
        }
      },
      "create_time": "2021-10-06 20:25:09",
      "url": "https:\/\/movie.douban.com\/photos\/photo\/2691547628\/",
      "collections_count": 0,
      "reshares_count": 0,
      "id": "2691547628",
      "author": {
        "loc": {
          "id": "108288",
          "name": "北京",
          "uid": "beijing"
        },
        "kind": "user",
        "name": "平常无常",
        "url": "https:\/\/www.douban.com\/people\/95935082\/",
        "id": "95935082",
        "reg_time": "2014-08-06 01:29:35",
        "uri": "douban:\/\/douban.com\/user\/95935082",
        "avatar": "https://img1.doubanio.com\/icon\/u95935082-9.jpg",
        "is_club": false,
        "type": "user",
        "avatar_side_icon": "",
        "uid": "95935082"
      },
      "is_collected": false,
      "type": "photo",
      "owner_uri": "douban:\/\/douban.com\/movie\/25845392",
      "status": null,
      "reaction_type": 0,
      "description": "",
      "sharing_url": "https:\/\/www.douban.com\/doubanapp\/dispatch?uri=\/photo\/2691547628\/",
      "likers_count": 3,
      "reply_limit": "A",
      "uri": "douban:\/\/douban.com\/photo\/2691547628",
      "subtype": "photo",
      "reactions_count": 3,
      "comments_count": 1,
      "position": 126
    },
    {
      "read_count": 492,
      "image": {
        "large": {
          "url": "https://img2.doubanio.com\/view\/photo\/l\/public\/p2688875631.jpg",
          "width": 1500,
          "height": 1000,
          "size": 0
        },
        "raw": null,
        "small": {
          "url": "https://img2.doubanio.com\/view\/photo\/s\/public\/p2688875631.jpg",
          "width": 600,
          "height": 400,
          "size": 0
        },
        "is_animated": false,
        "normal": {
          "url": "https://img2.doubanio.com\/view\/photo\/m\/public\/p2688875631.jpg",
          "width": 600,
          "height": 400,
          "size": 0
        }
      },
      "create_time": "2021-10-01 00:44:38",
      "url": "https:\/\/movie.douban.com\/photos\/photo\/2688875631\/",
      "collections_count": 0,
      "reshares_count": 1,
      "id": "2688875631",
      "author": {
        "loc": {
          "id": "108288",
          "name": "北京",
          "uid": "beijing"
        },
        "kind": "user",
        "name": "雨落下",
        "url": "https:\/\/www.douban.com\/people\/221011676\/",
        "id": "221011676",
        "reg_time": "2020-08-11 16:22:48",
        "uri": "douban:\/\/douban.com\/user\/221011676",
        "avatar": "https://img2.doubanio.com\/icon\/up221011676-2.jpg",
        "is_club": false,
        "type": "user",
        "avatar_side_icon": "",
        "uid": "221011676"
      },
      "is_collected": false,
      "type": "photo",
      "owner_uri": "douban:\/\/douban.com\/movie\/25845392",
      "status": null,
      "reaction_type": 0,
      "description": "电影《长津湖》演员易烊千玺、史彭元剧照",
      "sharing_url": "https:\/\/www.douban.com\/doubanapp\/dispatch?uri=\/photo\/2688875631\/",
      "likers_count": 2,
      "reply_limit": "A",
      "uri": "douban:\/\/douban.com\/photo\/2688875631",
      "subtype": "photo",
      "reactions_count": 2,
      "comments_count": 0,
      "position": 2
    }
  ],
  "w": 23,
  "total": 389,
  "start": 20
}