{
  "count": 18,
  "c": 138,
  "f": 13,
  "o": 88,
  "n": 127,
  "photos": [
    {
      "read_count": 239,
      "image": {
        "large": {
          "url": "https://img1.doubanio.com\/view\/photo\/l\/public\/p2681858057.jpg",
          "width": 1600,
          "height": 1066,
          "size": 0
        },
        "raw": null,
        "small": {
          "url": "https://img1.doubanio.com\/view\/photo\/s\/public\/p2681858057.jpg",
          "width": 600,
          "height": 400,
          "size": 0
        },
        "is_animated": false,
        "normal": {
          "url": "https://img1.doubanio.com\/view\/photo\/m\/public\/p2681858057.jpg",
          "width": 600,
          "height": 400,
          "size": 0
        }
      },
      "create_time": "2021-09-14 14:34:06",
      "url": "https:\/\/movie.douban.com\/photos\/photo\/2681858057\/",
      "collections_count": 0,
      "reshares_count": 0,
      "id": "2681858057",
      "author": {
        "loc": {
          "id": "118318",
          "name": "成都",
          "uid": "chengdu"
        },
        "kind": "user",
        "name": "每天运动—小时",
        "url": "https:\/\/www.douban.com\/people\/89421495\/",
        "id": "89421495",
        "reg_time": "2014-05-22 00:01:28",
        "uri": "douban:\/\/douban.com\/user\/89421495",
        "avatar": "https://img2.doubanio.com\/icon\/up89421495-11.jpg",
        "is_club": false,
        "type": "user",
        "avatar_side_icon": "",
        "uid": "89421495"
      },
      "is_collected": false,
      "type": "photo",
      "owner_uri": "douban:\/\/douban.com\/movie\/25845392",
      "status": null,
      "reaction_type": 0,
      "description": "",
      "sharing_url": "https:\/\/www.douban.com\/doubanapp\/dispatch?uri=\/photo\/2681858057\/",
      "likers_count": 1,
      "reply_limit": "A",
      "uri": "douban:\/\/douban.com\/photo\/2681858057",
      "subtype": "photo",
      "reactions_count": 1,
      "comments_count": 0,
      "position": 274
    },
    {
      "read_count": 167,
      "image": {
        "large": {
          "url": "https://img9.doubanio.com\/view\/photo\/l\/public\/p2681858056.jpg",
          "width": 1600,
          "height": 1066,
          "size": 0
        },
        "raw": null,
        "small": {
          "url": "https://img9.doubanio.com\/view\/photo\/s\/public\/p2681858056.jpg",
          "width": 600,
          "height": 400,
          "size": 0
        },
        "is_animated": false,
        "normal": {
          "url": "https://img9.doubanio.com\/view\/photo\/m\/public\/p2681858056.jpg",
          "width": 600,
          "height": 400,
          "size": 0
        }
      },
      "create_time": "2021-09-14 14:34:06",
      "url": "https:\/\/movie.douban.com\/photos\/photo\/2681858056\/",
      "collections_count": 0,
      "reshares_count": 0,
      "id": "2681858056",
      "author": {
        "loc": {
          "id": "118318",
          "name": "成都",
          "uid": "chengdu"
        },
        "kind": "user",
        "name": "每天运动—小时",
        "url": "https:\/\/www.douban.com\/people\/89421495\/",
        "id": "89421495",
        "reg_time": "2014-05-22 00:01:28",
        "uri": "douban:\/\/douban.com\/user\/89421495",
        "avatar": "https://img2.doubanio.com\/icon\/up89421495-11.jpg",
        "is_club": false,
        "type": "user",
        "avatar_side_icon": "",
        "uid": "89421495"
      },
      "is_collected": false,
      "type": "photo",
      "owner_uri": "douban:\/\/douban.com\/movie\/25845392",
      "status": null,
      "reaction_type": 0,
      "description": "",
      "sharing_url": "https:\/\/www.douban.com\/doubanapp\/dispatch?uri=\/photo\/2681858056\/",
      "likers_count": 1,
      "reply_limit": "A",
      "uri": "douban:\/\/douban.com\/photo\/2681858056",
      "subtype": "photo",
      "reactions_count": 1,
      "comments_count": 0,
      "position": 275
    },
    {
      "read_count": 152,
      "image": {
        "large": {
          "url": "https://img9.doubanio.com\/view\/photo\/l\/public\/p2681858054.jpg",
          "width": 1600,
          "height": 1066,
          "size": 0
        },
        "raw": null,
        "small": {
          "url": "https://img9.doubanio.com\/view\/photo\/s\/public\/p2681858054.jpg",
          "width": 600,
          "height": 400,
          "size": 0
        },
        "is_animated": false,
        "normal": {
          "url": "https://img9.doubanio.com\/view\/photo\/m\/public\/p2681858054.jpg",
          "width": 600,
          "height": 400,
          "size": 0
        }
      },
      "create_time": "2021-09-14 14:34:06",
      "url": "https:\/\/movie.douban.com\/photos\/photo\/2681858054\/",
      "collections_count": 0,
      "reshares_count": 0,
      "id": "2681858054",
      "author": {
        "loc": {
          "id": "118318",
          "name": "成都",
          "uid": "chengdu"
        },
        "kind": "user",
        "name": "每天运动—小时",
        "url": "https:\/\/www.douban.com\/people\/89421495\/",
        "id": "89421495",
        "reg_time": "2014-05-22 00:01:28",
        "uri": "douban:\/\/douban.com\/user\/89421495",
        "avatar": "https://img2.doubanio.com\/icon\/up89421495-11.jpg",
        "is_club": false,
        "type": "user",
        "avatar_side_icon": "",
        "uid": "89421495"
      },
      "is_collected": false,
      "type": "photo",
      "owner_uri": "douban:\/\/douban.com\/movie\/25845392",
      "status": null,
      "reaction_type": 0,
      "description": "",
      "sharing_url": "https:\/\/www.douban.com\/doubanapp\/dispatch?uri=\/photo\/2681858054\/",
      "likers_count": 1,
      "reply_limit": "A",
      "uri": "douban:\/\/douban.com\/photo\/2681858054",
      "subtype": "photo",
      "reactions_count": 1,
      "comments_count": 0,
      "position": 277
    },
    {
      "read_count": 227,
      "image": {
        "large": {
          "url": "https://img2.doubanio.com\/view\/photo\/l\/public\/p2681858053.jpg",
          "width": 1600,
          "height": 1066,
          "size": 0
        },
        "raw": null,
        "small": {
          "url": "https://img2.doubanio.com\/view\/photo\/s\/public\/p2681858053.jpg",
          "width": 600,
          "height": 400,
          "size": 0
        },
        "is_animated": false,
        "normal": {
          "url": "https://img2.doubanio.com\/view\/photo\/m\/public\/p2681858053.jpg",
          "width": 600,
          "height": 400,
          "size": 0
        }
      },
      "create_time": "2021-09-14 14:34:06",
      "url": "https:\/\/movie.douban.com\/photos\/photo\/2681858053\/",
      "collections_count": 0,
      "reshares_count": 0,
      "id": "2681858053",
      "author": {
        "loc": {
          "id": "118318",
          "name": "成都",
          "uid": "chengdu"
        },
        "kind": "user",
        "name": "每天运动—小时",
        "url": "https:\/\/www.douban.com\/people\/89421495\/",
        "id": "89421495",
        "reg_time": "2014-05-22 00:01:28",
        "uri": "douban:\/\/douban.com\/user\/89421495",
        "avatar": "https://img2.doubanio.com\/icon\/up89421495-11.jpg",
        "is_club": false,
        "type": "user",
        "avatar_side_icon": "",
        "uid": "89421495"
      },
      "is_collected": false,
      "type": "photo",
      "owner_uri": "douban:\/\/douban.com\/movie\/25845392",
      "status": null,
      "reaction_type": 0,
      "description": "",
      "sharing_url": "https:\/\/www.douban.com\/doubanapp\/dispatch?uri=\/photo\/2681858053\/",
      "likers_count": 1,
      "reply_limit": "A",
      "uri": "douban:\/\/douban.com\/photo\/2681858053",
      "subtype": "photo",
      "reactions_count": 1,
      "comments_count": 0,
      "position": 278
    },
    {
      "read_count": 189,
      "image": {
        "large": {
          "url": "https://img2.doubanio.com\/view\/photo\/l\/public\/p2681858052.jpg",
          "width": 1600,
          "height": 1066,
          "size": 0
        },
        "raw": null,
        "small": {
          "url": "https://img2.doubanio.com\/view\/photo\/s\/public\/p2681858052.jpg",
          "width": 600,
          "height": 400,
          "size": 0
        },
        "is_animated": false,
        "normal": {
          "url": "https://img2.doubanio.com\/view\/photo\/m\/public\/p2681858052.jpg",
          "width": 600,
          "height": 400,
          "size": 0
        }
      },
      "create_time": "2021-09-14 14:34:06",
      "url": "https:\/\/movie.douban.com\/photos\/photo\/2681858052\/",
      "collections_count": 0,
      "reshares_count": 0,
      "id": "2681858052",
      "author": {
        "loc": {
          "id": "118318",
          "name": "成都",
          "uid": "chengdu"
        },
        "kind": "user",
        "name": "每天运动—小时",
        "url": "https:\/\/www.douban.com\/people\/89421495\/",
        "id": "89421495",
        "reg_time": "2014-05-22 00:01:28",
        "uri": "douban:\/\/douban.com\/user\/89421495",
        "avatar": "https://img2.doubanio.com\/icon\/up89421495-11.jpg",
        "is_club": false,
        "type": "user",
        "avatar_side_icon": "",
        "uid": "89421495"
      },
      "is_collected": false,
      "type": "photo",
      "owner_uri": "douban:\/\/douban.com\/movie\/25845392",
      "status": null,
      "reaction_type": 0,
      "description": "",
      "sharing_url": "https:\/\/www.douban.com\/doubanapp\/dispatch?uri=\/photo\/2681858052\/",
      "likers_count": 1,
      "reply_limit": "A",
      "uri": "douban:\/\/douban.com\/photo\/2681858052",
      "subtype": "photo",
      "reactions_count": 1,
      "comments_count": 0,
      "position": 279
    },
    {
      "read_count": 240,
      "image": {
        "large": {
          "url": "https://img1.doubanio.com\/view\/photo\/l\/public\/p2689985137.jpg",
          "width": 1500,
          "height": 1000,
          "size": 0
        },
        "raw": null,
        "small": {
          "url": "https://img1.doubanio.com\/view\/photo\/s\/public\/p2689985137.jpg",
          "width": 600,
          "height": 400,
          "size": 0
        },
        "is_animated": false,
        "normal": {
          "url": "https://img1.doubanio.com\/view\/photo\/m\/public\/p2689985137.jpg",
          "width": 600,
          "height": 400,
          "size": 0
        }
      },
      "create_time": "2021-10-03 09:55:31",
      "url": "https:\/\/movie.douban.com\/photos\/photo\/2689985137\/",
      "collections_count": 0,
      "reshares_count": 0,
      "id": "2689985137",
      "author": {
        "loc": {
          "id": "128156",
          "name": "Praha",
          "uid": "praha"
        },
        "kind": "user",
        "name": "每天运动一小时",
        "url": "https:\/\/www.douban.com\/people\/179495030\/",
        "id": "179495030",
        "reg_time": "2018-06-04 17:59:56",
        "uri": "douban:\/\/douban.com\/user\/179495030",
        "avatar": "https://img1.doubanio.com\/icon\/up179495030-47.jpg",
        "is_club": false,
        "type": "user",
        "avatar_side_icon": "",
        "uid": "179495030"
      },
      "is_collected": false,
      "type": "photo",
      "owner_uri": "douban:\/\/douban.com\/movie\/25845392",
      "status": null,
      "reaction_type": 0,
      "description": "电影《长津湖》演员吴京、易烊千玺剧照",
      "sharing_url": "https:\/\/www.douban.com\/doubanapp\/dispatch?uri=\/photo\/2689985137\/",
      "likers_count": 0,
      "reply_limit": "A",
      "uri": "douban:\/\/douban.com\/photo\/2689985137",
      "subtype": "photo",
      "reactions_count": 0,
      "comments_count": 0,
      "position": 144
    },
    {
      "read_count": 288,
      "image": {
        "large": {
          "url": "https://img1.doubanio.com\/view\/photo\/l\/public\/p2689985128.jpg",
          "width": 1500,
          "height": 1000,
          "size": 0
        },
        "raw": null,
        "small": {
          "url": "https://img1.doubanio.com\/view\/photo\/s\/public\/p2689985128.jpg",
          "width": 600,
          "height": 400,
          "size": 0
        },
        "is_animated": false,
        "normal": {
          "url": "https://img1.doubanio.com\/view\/photo\/m\/public\/p2689985128.jpg",
          "width": 600,
          "height": 400,
          "size": 0
        }
      },
      "create_time": "2021-10-03 09:55:30",
      "url": "https:\/\/movie.douban.com\/photos\/photo\/2689985128\/",
      "collections_count": 0,
      "reshares_count": 0,
      "id": "2689985128",
      "author": {
        "loc": {
          "id": "128156",
          "name": "Praha",
          "uid": "praha"
        },
        "kind": "user",
        "name": "每天运动一小时",
        "url": "https:\/\/www.douban.com\/people\/179495030\/",
        "id": "179495030",
        "reg_time": "2018-06-04 17:59:56",
        "uri": "douban:\/\/douban.com\/user\/179495030",
        "avatar": "https://img1.doubanio.com\/icon\/up179495030-47.jpg",
        "is_club": false,
        "type": "user",
        "avatar_side_icon": "",
        "uid": "179495030"
      },
      "is_collected": false,
      "type": "photo",
      "owner_uri": "douban:\/\/douban.com\/movie\/25845392",
      "status": null,
      "reaction_type": 0,
      "description": "电影《长津湖》演员胡军剧照",
      "sharing_url": "https:\/\/www.douban.com\/doubanapp\/dispatch?uri=\/photo\/2689985128\/",
      "likers_count": 0,
      "reply_limit": "A",
      "uri": "douban:\/\/douban.com\/photo\/2689985128",
      "subtype": "photo",
      "reactions_count": 0,
      "comments_count": 1,
      "position": 149
    },
    {
      "read_count": 152,
      "image": {
        "large": {
          "url": "https://img3.doubanio.com\/view\/photo\/l\/public\/p2689985120.jpg",
          "width": 1500,
          "height": 1000,
          "size": 0
        },
        "raw": null,
        "small": {
          "url": "https://img3.doubanio.com\/view\/photo\/s\/public\/p2689985120.jpg",
          "width": 600,
          "height": 400,
          "size": 0
        },
        "is_animated": false,
        "normal": {
          "url": "https://img3.doubanio.com\/view\/photo\/m\/public\/p2689985120.jpg",
          "width": 600,
          "height": 400,
          "size": 0
        }
      },
      "create_time": "2021-10-03 09:55:29",
      "url": "https:\/\/movie.douban.com\/photos\/photo\/2689985120\/",
      "collections_count": 0,
      "reshares_count": 0,
      "id": "2689985120",
      "author": {
        "loc": {
          "id": "128156",
          "name": "Praha",
          "uid": "praha"
        },
        "kind": "user",
        "name": "每天运动一小时",
        "url": "https:\/\/www.douban.com\/people\/179495030\/",
        "id": "179495030",
        "reg_time": "2018-06-04 17:59:56",
        "uri": "douban:\/\/douban.com\/user\/179495030",
        "avatar": "https://img1.doubanio.com\/icon\/up179495030-47.jpg",
        "is_club": false,
        "type": "user",
        "avatar_side_icon": "",
        "uid": "179495030"
      },
      "is_collected": false,
      "type": "photo",
      "owner_uri": "douban:\/\/douban.com\/movie\/25845392",
      "status": null,
      "reaction_type": 0,
      "description": "电影《长津湖》场景剧照",
      "sharing_url": "https:\/\/www.douban.com\/doubanapp\/dispatch?uri=\/photo\/2689985120\/",
      "likers_count": 0,
      "reply_limit": "A",
      "uri": "douban:\/\/douban.com\/photo\/2689985120",
      "subtype": "photo",
      "reactions_count": 0,
      "comments_count": 0,
      "position": 150
    },
    {
      "read_count": 881,
      "image": {
        "large": {
          "url": "https://img1.doubanio.com\/view\/photo\/l\/public\/p2689985119.jpg",
          "width": 1500,
          "height": 1000,
          "size": 0
        },
        "raw": null,
        "small": {
          "url": "https://img1.doubanio.com\/view\/photo\/s\/public\/p2689985119.jpg",
          "width": 600,
          "height": 400,
          "size": 0
        },
        "is_animated": false,
        "normal": {
          "url": "https://img1.doubanio.com\/view\/photo\/m\/public\/p2689985119.jpg",
          "width": 600,
          "height": 400,
          "size": 0
        }
      },
      "create_time": "2021-10-03 09:55:29",
      "url": "https:\/\/movie.douban.com\/photos\/photo\/2689985119\/",
      "collections_count": 0,
      "reshares_count": 0,
      "id": "2689985119",
      "author": {
        "loc": {
          "id": "128156",
          "name": "Praha",
          "uid": "praha"
        },
        "kind": "user",
        "name": "每天运动一小时",
        "url": "https:\/\/www.douban.com\/people\/179495030\/",
        "id": "179495030",
        "reg_time": "2018-06-04 17:59:56",
        "uri": "douban:\/\/douban.com\/user\/179495030",
        "avatar": "https://img1.doubanio.com\/icon\/up179495030-47.jpg",
        "is_club": false,
        "type": "user",
        "avatar_side_icon": "",
        "uid": "179495030"
      },
      "is_collected": false,
      "type": "photo",
      "owner_uri": "douban:\/\/douban.com\/movie\/25845392",
      "status": null,
      "reaction_type": 0,
      "description": "电影《长津湖》火车戏剧照",
      "sharing_url": "https:\/\/www.douban.com\/doubanapp\/dispatch?uri=\/photo\/2689985119\/",
      "likers_count": 0,
      "reply_limit": "A",
      "uri": "douban:\/\/douban.com\/photo\/2689985119",
      "subtype": "photo",
      "reactions_count": 0,
      "comments_count": 0,
      "position": 151
    },
    {
      "read_count": 163,
      "image": {
        "large": {
          "url": "https://img1.doubanio.com\/view\/photo\/l\/public\/p2689979288.jpg",
          "width": 1500,
          "height": 1000,
          "size": 0
        },
        "raw": null,
        "small": {
          "url": "https://img1.doubanio.com\/view\/photo\/s\/public\/p2689979288.jpg",
          "width": 600,
          "height": 400,
          "size": 0
        },
        "is_animated": false,
        "normal": {
          "url": "https://img1.doubanio.com\/view\/photo\/m\/public\/p2689979288.jpg",
          "width": 600,
          "height": 400,
          "size": 0
        }
      },
      "create_time": "2021-10-03 09:43:44",
      "url": "https:\/\/movie.douban.com\/photos\/photo\/2689979288\/",
      "collections_count": 0,
      "reshares_count": 0,
      "id": "2689979288",
      "author": {
        "loc": {
          "id": "128156",
          "name": "Praha",
          "uid": "praha"
        },
        "kind": "user",
        "name": "每天运动一小时",
        "url": "https:\/\/www.douban.com\/people\/179495030\/",
        "id": "179495030",
        "reg_time": "2018-06-04 17:59:56",
        "uri": "douban:\/\/douban.com\/user\/179495030",
        "avatar": "https://img1.doubanio.com\/icon\/up179495030-47.jpg",
        "is_club": false,
        "type": "user",
        "avatar_side_icon": "",
        "uid": "179495030"
      },
      "is_collected": false,
      "type": "photo",
      "owner_uri": "douban:\/\/douban.com\/movie\/25845392",
      "status": null,
      "reaction_type": 0,
      "description": "电影《长津湖》演员吴京、朱亚文、李晨合照的副本",
      "sharing_url": "https:\/\/www.douban.com\/doubanapp\/dispatch?uri=\/photo\/2689979288\/",
      "likers_count": 0,
      "reply_limit": "A",
      "uri": "douban:\/\/douban.com\/photo\/2689979288",
      "subtype": "photo",
      "reactions_count": 0,
      "comments_count": 0,
      "position": 159
    },
    {
      "read_count": 252,
      "image": {
        "large": {
          "url": "https://img9.doubanio.com\/view\/photo\/l\/public\/p2689979286.jpg",
          "width": 1500,
          "height": 1000,
          "size": 0
        },
        "raw": null,
        "small": {
          "url": "https://img9.doubanio.com\/view\/photo\/s\/public\/p2689979286.jpg",
          "width": 600,
          "height": 400,
          "size": 0
        },
        "is_animated": false,
        "normal": {
          "url": "https://img9.doubanio.com\/view\/photo\/m\/public\/p2689979286.jpg",
          "width": 600,
          "height": 400,
          "size": 0
        }
      },
      "create_time": "2021-10-03 09:43:44",
      "url": "https:\/\/movie.douban.com\/photos\/photo\/2689979286\/",
      "collections_count": 0,
      "reshares_count": 0,
      "id": "2689979286",
      "author": {
        "loc": {
          "id": "128156",
          "name": "Praha",
          "uid": "praha"
        },
        "kind": "user",
        "name": "每天运动一小时",
        "url": "https:\/\/www.douban.com\/people\/179495030\/",
        "id": "179495030",
        "reg_time": "2018-06-04 17:59:56",
        "uri": "douban:\/\/douban.com\/user\/179495030",
        "avatar": "https://img1.doubanio.com\/icon\/up179495030-47.jpg",
        "is_club": false,
        "type": "user",
        "avatar_side_icon": "",
        "uid": "179495030"
      },
      "is_collected": false,
      "type": "photo",
      "owner_uri": "douban:\/\/douban.com\/movie\/25845392",
      "status": null,
      "reaction_type": 0,
      "description": "电影《长津湖》空镜剧照的副本",
      "sharing_url": "https:\/\/www.douban.com\/doubanapp\/dispatch?uri=\/photo\/2689979286\/",
      "likers_count": 0,
      "reply_limit": "A",
      "uri": "douban:\/\/douban.com\/photo\/2689979286",
      "subtype": "photo",
      "reactions_count": 0,
      "comments_count": 0,
      "position": 160
    },
    {
      "read_count": 411,
      "image": {
        "large": {
          "url": "https://img9.doubanio.com\/view\/photo\/l\/public\/p2689979285.jpg",
          "width": 1000,
          "height": 1500,
          "size": 0
        },
        "raw": null,
        "small": {
          "url": "https://img9.doubanio.com\/view\/photo\/s\/public\/p2689979285.jpg",
          "width": 400,
          "height": 600,
          "size": 0
        },
        "is_animated": false,
        "normal": {
          "url": "https://img9.doubanio.com\/view\/photo\/m\/public\/p2689979285.jpg",
          "width": 400,
          "height": 600,
          "size": 0
        }
      },
      "create_time": "2021-10-03 09:43:44",
      "url": "https:\/\/movie.douban.com\/photos\/photo\/2689979285\/",
      "collections_count": 1,
      "reshares_count": 0,
      "id": "2689979285",
      "author": {
        "loc": {
          "id": "128156",
          "name": "Praha",
          "uid": "praha"
        },
        "kind": "user",
        "name": "每天运动一小时",
        "url": "https:\/\/www.douban.com\/people\/179495030\/",
        "id": "179495030",
        "reg_time": "2018-06-04 17:59:56",
        "uri": "douban:\/\/douban.com\/user\/179495030",
        "avatar": "https://img1.doubanio.com\/icon\/up179495030-47.jpg",
        "is_club": false,
        "type": "user",
        "avatar_side_icon": "",
        "uid": "179495030"
      },
      "is_collected": false,
      "type": "photo",
      "owner_uri": "douban:\/\/douban.com\/movie\/25845392",
      "status": null,
      "reaction_type": 0,
      "description": "电影《长津湖》吴京、易烊千玺剧照的副本",
      "sharing_url": "https:\/\/www.douban.com\/doubanapp\/dispatch?uri=\/photo\/2689979285\/",
      "likers_count": 0,
      "reply_limit": "A",
      "uri": "douban:\/\/douban.com\/photo\/2689979285",
      "subtype": "photo",
      "reactions_count": 0,
      "comments_count": 0,
      "position": 161
    },
    {
      "read_count": 174,
      "image": {
        "large": {
          "url": "https://img2.doubanio.com\/view\/photo\/l\/public\/p2689979283.jpg",
          "width": 1500,
          "height": 1000,
          "size": 0
        },
        "raw": null,
        "small": {
          "url": "https://img2.doubanio.com\/view\/photo\/s\/public\/p2689979283.jpg",
          "width": 600,
          "height": 400,
          "size": 0
        },
        "is_animated": false,
        "normal": {
          "url": "https://img2.doubanio.com\/view\/photo\/m\/public\/p2689979283.jpg",
          "width": 600,
          "height": 400,
          "size": 0
        }
      },
      "create_time": "2021-10-03 09:43:44",
      "url": "https:\/\/movie.douban.com\/photos\/photo\/2689979283\/",
      "collections_count": 0,
      "reshares_count": 0,
      "id": "2689979283",
      "author": {
        "loc": {
          "id": "128156",
          "name": "Praha",
          "uid": "praha"
        },
        "kind": "user",
        "name": "每天运动一小时",
        "url": "https:\/\/www.douban.com\/people\/179495030\/",
        "id": "179495030",
        "reg_time": "2018-06-04 17:59:56",
        "uri": "douban:\/\/douban.com\/user\/179495030",
        "avatar": "https://img1.doubanio.com\/icon\/up179495030-47.jpg",
        "is_club": false,
        "type": "user",
        "avatar_side_icon": "",
        "uid": "179495030"
      },
      "is_collected": false,
      "type": "photo",
      "owner_uri": "douban:\/\/douban.com\/movie\/25845392",
      "status": null,
      "reaction_type": 0,
      "description": "电影《长津湖》演员胡军剧照的副本",
      "sharing_url": "https:\/\/www.douban.com\/doubanapp\/dispatch?uri=\/photo\/2689979283\/",
      "likers_count": 0,
      "reply_limit": "A",
      "uri": "douban:\/\/douban.com\/photo\/2689979283",
      "subtype": "photo",
      "reactions_count": 0,
      "comments_count": 1,
      "position": 162
    },
    {
      "read_count": 361,
      "image": {
        "large": {
          "url": "https://img2.doubanio.com\/view\/photo\/l\/public\/p2689979202.jpg",
          "width": 1600,
          "height": 1066,
          "size": 0
        },
        "raw": null,
        "small": {
          "url": "https://img2.doubanio.com\/view\/photo\/s\/public\/p2689979202.jpg",
          "width": 600,
          "height": 400,
          "size": 0
        },
        "is_animated": false,
        "normal": {
          "url": "https://img2.doubanio.com\/view\/photo\/m\/public\/p2689979202.jpg",
          "width": 600,
          "height": 400,
          "size": 0
        }
      },
      "create_time": "2021-10-03 09:43:36",
      "url": "https:\/\/movie.douban.com\/photos\/photo\/2689979202\/",
      "collections_count": 0,
      "reshares_count": 0,
      "id": "2689979202",
      "author": {
        "loc": {
          "id": "128156",
          "name": "Praha",
          "uid": "praha"
        },
        "kind": "user",
        "name": "每天运动一小时",
        "url": "https:\/\/www.douban.com\/people\/179495030\/",
        "id": "179495030",
        "reg_time": "2018-06-04 17:59:56",
        "uri": "douban:\/\/douban.com\/user\/179495030",
        "avatar": "https://img1.doubanio.com\/icon\/up179495030-47.jpg",
        "is_club": false,
        "type": "user",
        "avatar_side_icon": "",
        "uid": "179495030"
      },
      "is_collected": false,
      "type": "photo",
      "owner_uri": "douban:\/\/douban.com\/movie\/25845392",
      "status": null,
      "reaction_type": 0,
      "description": "电影《长津湖》演员吴京剧照",
      "sharing_url": "https:\/\/www.douban.com\/doubanapp\/dispatch?uri=\/photo\/2689979202\/",
      "likers_count": 0,
      "reply_limit": "A",
      "uri": "douban:\/\/douban.com\/photo\/2689979202",
      "subtype": "photo",
      "reactions_count": 0,
      "comments_count": 0,
      "position": 163
    },
    {
      "read_count": 353,
      "image": {
        "large": {
          "url": "https://img1.doubanio.com\/view\/photo\/l\/public\/p2689979199.jpg",
          "width": 1600,
          "height": 1066,
          "size": 0
        },
        "raw": null,
        "small": {
          "url": "https://img1.doubanio.com\/view\/photo\/s\/public\/p2689979199.jpg",
          "width": 600,
          "height": 400,
          "size": 0
        },
        "is_animated": false,
        "normal": {
          "url": "https://img1.doubanio.com\/view\/photo\/m\/public\/p2689979199.jpg",
          "width": 600,
          "height": 400,
          "size": 0
        }
      },
      "create_time": "2021-10-03 09:43:36",
      "url": "https:\/\/movie.douban.com\/photos\/photo\/2689979199\/",
      "collections_count": 0,
      "reshares_count": 0,
      "id": "2689979199",
      "author": {
        "loc": {
          "id": "128156",
          "name": "Praha",
          "uid": "praha"
        },
        "kind": "user",
        "name": "每天运动一小时",
        "url": "https:\/\/www.douban.com\/people\/179495030\/",
        "id": "179495030",
        "reg_time": "2018-06-04 17:59:56",
        "uri": "douban:\/\/douban.com\/user\/179495030",
        "avatar": "https://img1.doubanio.com\/icon\/up179495030-47.jpg",
        "is_club": false,
        "type": "user",
        "avatar_side_icon": "",
        "uid": "179495030"
      },
      "is_collected": false,
      "type": "photo",
      "owner_uri": "douban:\/\/douban.com\/movie\/25845392",
      "status": null,
      "reaction_type": 0,
      "description": "电影《长津湖》演员易烊千玺剧照",
      "sharing_url": "https:\/\/www.douban.com\/doubanapp\/dispatch?uri=\/photo\/2689979199\/",
      "likers_count": 0,
      "reply_limit": "A",
      "uri": "douban:\/\/douban.com\/photo\/2689979199",
      "subtype": "photo",
      "reactions_count": 0,
      "comments_count": 0,
      "position": 164
    },
    {
      "read_count": 813,
      "image": {
        "large": {
          "url": "https://img2.doubanio.com\/view\/photo\/l\/public\/p2688875621.jpg",
          "width": 1500,
          "height": 1000,
          "size": 0
        },
        "raw": null,
        "small": {
          "url": "https://img2.doubanio.com\/view\/photo\/s\/public\/p2688875621.jpg",
          "width": 600,
          "height": 400,
          "size": 0
        },
        "is_animated": false,
        "normal": {
          "url": "https://img2.doubanio.com\/view\/photo\/m\/public\/p2688875621.jpg",
          "width": 600,
          "height": 400,
          "size": 0
        }
      },
      "create_time": "2021-10-01 00:44:35",
      "url": "https:\/\/movie.douban.com\/photos\/photo\/2688875621\/",
      "collections_count": 0,
      "reshares_count": 0,
      "id": "2688875621",
      "author": {
        "loc": {
          "id": "108288",
          "name": "北京",
          "uid": "beijing"
        },
        "kind": "user",
        "name": "雨落下",
        "url": "https:\/\/www.douban.com\/people\/221011676\/",
        "id": "221011676",
        "reg_time": "2020-08-11 16:22:48",
        "uri": "douban:\/\/douban.com\/user\/221011676",
        "avatar": "https://img2.doubanio.com\/icon\/up221011676-2.jpg",
        "is_club": false,
        "type": "user",
        "avatar_side_icon": "",
        "uid": "221011676"
      },
      "is_collected": false,
      "type": "photo",
      "owner_uri": "douban:\/\/douban.com\/movie\/25845392",
      "status": null,
      "reaction_type": 0,
      "description": "",
      "sharing_url": "https:\/\/www.douban.com\/doubanapp\/dispatch?uri=\/photo\/2688875621\/",
      "likers_count": 0,
      "reply_limit": "A",
      "uri": "douban:\/\/douban.com\/photo\/2688875621",
      "subtype": "photo",
      "reactions_count": 0,
      "comments_count": 0,
      "position": 169
    },
    {
      "read_count": 607,
      "image": {
        "large": {
          "url": "https://img3.doubanio.com\/view\/photo\/l\/public\/p2688875620.jpg",
          "width": 1500,
          "height": 1000,
          "size": 0
        },
        "raw": null,
        "small": {
          "url": "https://img3.doubanio.com\/view\/photo\/s\/public\/p2688875620.jpg",
          "width": 600,
          "height": 400,
          "size": 0
        },
        "is_animated": false,
        "normal": {
          "url": "https://img3.doubanio.com\/view\/photo\/m\/public\/p2688875620.jpg",
          "width": 600,
          "height": 400,
          "size": 0
        }
      },
      "create_time": "2021-10-01 00:44:35",
      "url": "https:\/\/movie.douban.com\/photos\/photo\/2688875620\/",
      "collections_count": 0,
      "reshares_count": 0,
      "id": "2688875620",
      "author": {
        "loc": {
          "id": "108288",
          "name": "北京",
          "uid": "beijing"
        },
        "kind": "user",
        "name": "雨落下",
        "url": "https:\/\/www.douban.com\/people\/221011676\/",
        "id": "221011676",
        "reg_time": "2020-08-11 16:22:48",
        "uri": "douban:\/\/douban.com\/user\/221011676",
        "avatar": "https://img2.doubanio.com\/icon\/up221011676-2.jpg",
        "is_club": false,
        "type": "user",
        "avatar_side_icon": "",
        "uid": "221011676"
      },
      "is_collected": false,
      "type": "photo",
      "owner_uri": "douban:\/\/douban.com\/movie\/25845392",
      "status": null,
      "reaction_type": 0,
      "description": "电影《长津湖》空镜剧照",
      "sharing_url": "https:\/\/www.douban.com\/doubanapp\/dispatch?uri=\/photo\/2688875620\/",
      "likers_count": 0,
      "reply_limit": "A",
      "uri": "douban:\/\/douban.com\/photo\/2688875620",
      "subtype": "photo",
      "reactions_count": 0,
      "comments_count": 0,
      "position": 170
    },
    {
      "read_count": 893,
      "image": {
        "large": {
          "url": "https://img1.doubanio.com\/view\/photo\/l\/public\/p2688875618.jpg",
          "width": 1500,
          "height": 1000,
          "size": 0
        },
        "raw": null,
        "small": {
          "url": "https://img1.doubanio.com\/view\/photo\/s\/public\/p2688875618.jpg",
          "width": 600,
          "height": 400,
          "size": 0
        },
        "is_animated": false,
        "normal": {
          "url": "https://img1.doubanio.com\/view\/photo\/m\/public\/p2688875618.jpg",
          "width": 600,
          "height": 400,
          "size": 0
        }
      },
      "create_time": "2021-10-01 00:44:35",
      "url": "https:\/\/movie.douban.com\/photos\/photo\/2688875618\/",
      "collections_count": 0,
      "reshares_count": 0,
      "id": "2688875618",
      "author": {
        "loc": {
          "id": "108288",
          "name": "北京",
          "uid": "beijing"
        },
        "kind": "user",
        "name": "雨落下",
        "url": "https:\/\/www.douban.com\/people\/221011676\/",
        "id": "221011676",
        "reg_time": "2020-08-11 16:22:48",
        "uri": "douban:\/\/douban.com\/user\/221011676",
        "avatar": "https://img2.doubanio.com\/icon\/up221011676-2.jpg",
        "is_club": false,
        "type": "user",
        "avatar_side_icon": "",
        "uid": "221011676"
      },
      "is_collected": false,
      "type": "photo",
      "owner_uri": "douban:\/\/douban.com\/movie\/25845392",
      "status": null,
      "reaction_type": 0,
      "description": "电影《长津湖》登车戏剧照",
      "sharing_url": "https:\/\/www.douban.com\/doubanapp\/dispatch?uri=\/photo\/2688875618\/",
      "likers_count": 0,
      "reply_limit": "A",
      "uri": "douban:\/\/douban.com\/photo\/2688875618",
      "subtype": "photo",
      "reactions_count": 0,
      "comments_count": 0,
      "position": 171
    }
  ],
  "w": 23,
  "total": 389,
  "start": 60
}