{
  "count": 18,
  "c": 138,
  "f": 13,
  "o": 88,
  "n": 127,
  "photos": [
    {
      "read_count": 16762,
      "image": {
        "large": {
          "url": "https://img2.doubanio.com\/view\/photo\/l\/public\/p2673813731.jpg",
          "width": 1600,
          "size": 0,
          "height": 1066
        },
        "raw": null,
        "small": {
          "url": "https://img2.doubanio.com\/view\/photo\/s\/public\/p2673813731.jpg",
          "width": 600,
          "size": 0,
          "height": 400
        },
        "normal": {
          "url": "https://img2.doubanio.com\/view\/photo\/m\/public\/p2673813731.jpg",
          "width": 600,
          "size": 0,
          "height": 400
        },
        "is_animated": false
      },
      "create_time": "2021-07-27 11:56:36",
      "collections_count": 12,
      "reshares_count": 0,
      "id": "2673813731",
      "author": {
        "loc": null,
        "kind": "user",
        "name": "豆友193997288",
        "avatar_side_icon": "",
        "url": "https:\/\/www.douban.com\/people\/193997288\/",
        "reg_time": "2019-03-26 18:20:56",
        "uri": "douban:\/\/douban.com\/user\/193997288",
        "avatar": "https://img2.doubanio.com\/icon\/up193997288-1.jpg",
        "is_club": false,
        "type": "user",
        "id": "193997288",
        "uid": "193997288"
      },
      "is_collected": false,
      "subtype": "photo",
      "type": "photo",
      "owner_uri": "douban:\/\/douban.com\/movie\/25845392",
      "status": null,
      "reaction_type": 0,
      "description": "段奕宏饰演三营营长——谈子为",
      "sharing_url": "https:\/\/www.douban.com\/doubanapp\/dispatch?uri=\/photo\/2673813731\/",
      "url": "https:\/\/movie.douban.com\/photos\/photo\/2673813731\/",
      "reply_limit": "A",
      "uri": "douban:\/\/douban.com\/photo\/2673813731",
      "likers_count": 191,
      "reactions_count": 191,
      "comments_count": 151,
      "position": 324
    },
    {
      "read_count": 29855,
      "image": {
        "large": {
          "url": "https://img2.doubanio.com\/view\/photo\/l\/public\/p2673813691.jpg",
          "width": 1600,
          "size": 0,
          "height": 1066
        },
        "raw": null,
        "small": {
          "url": "https://img2.doubanio.com\/view\/photo\/s\/public\/p2673813691.jpg",
          "width": 600,
          "size": 0,
          "height": 400
        },
        "normal": {
          "url": "https://img2.doubanio.com\/view\/photo\/m\/public\/p2673813691.jpg",
          "width": 600,
          "size": 0,
          "height": 400
        },
        "is_animated": false
      },
      "create_time": "2021-07-27 11:56:19",
      "collections_count": 7,
      "reshares_count": 0,
      "id": "2673813691",
      "author": {
        "loc": null,
        "kind": "user",
        "name": "豆友193997288",
        "avatar_side_icon": "",
        "url": "https:\/\/www.douban.com\/people\/193997288\/",
        "reg_time": "2019-03-26 18:20:56",
        "uri": "douban:\/\/douban.com\/user\/193997288",
        "avatar": "https://img2.doubanio.com\/icon\/up193997288-1.jpg",
        "is_club": false,
        "type": "user",
        "id": "193997288",
        "uid": "193997288"
      },
      "is_collected": false,
      "subtype": "photo",
      "type": "photo",
      "owner_uri": "douban:\/\/douban.com\/movie\/25845392",
      "status": null,
      "reaction_type": 0,
      "description": "易烊千玺饰演七连战士——伍万里",
      "sharing_url": "https:\/\/www.douban.com\/doubanapp\/dispatch?uri=\/photo\/2673813691\/",
      "url": "https:\/\/movie.douban.com\/photos\/photo\/2673813691\/",
      "reply_limit": "A",
      "uri": "douban:\/\/douban.com\/photo\/2673813691",
      "likers_count": 145,
      "reactions_count": 145,
      "comments_count": 239,
      "position": 5
    },
    {
      "read_count": 6679,
      "image": {
        "large": {
          "url": "https://img1.doubanio.com\/view\/photo\/l\/public\/p2673813958.jpg",
          "width": 1600,
          "size": 0,
          "height": 1066
        },
        "raw": null,
        "small": {
          "url": "https://img1.doubanio.com\/view\/photo\/s\/public\/p2673813958.jpg",
          "width": 600,
          "size": 0,
          "height": 400
        },
        "normal": {
          "url": "https://img1.doubanio.com\/view\/photo\/m\/public\/p2673813958.jpg",
          "width": 600,
          "size": 0,
          "height": 400
        },
        "is_animated": false
      },
      "create_time": "2021-07-27 11:57:43",
      "collections_count": 3,
      "reshares_count": 1,
      "id": "2673813958",
      "author": {
        "loc": null,
        "kind": "user",
        "name": "豆友193997288",
        "avatar_side_icon": "",
        "url": "https:\/\/www.douban.com\/people\/193997288\/",
        "reg_time": "2019-03-26 18:20:56",
        "uri": "douban:\/\/douban.com\/user\/193997288",
        "avatar": "https://img2.doubanio.com\/icon\/up193997288-1.jpg",
        "is_club": false,
        "type": "user",
        "id": "193997288",
        "uid": "193997288"
      },
      "is_collected": false,
      "subtype": "photo",
      "type": "photo",
      "owner_uri": "douban:\/\/douban.com\/movie\/25845392",
      "status": null,
      "reaction_type": 0,
      "description": "胡军饰演七连炮排排长——雷公",
      "sharing_url": "https:\/\/www.douban.com\/doubanapp\/dispatch?uri=\/photo\/2673813958\/",
      "url": "https:\/\/movie.douban.com\/photos\/photo\/2673813958\/",
      "reply_limit": "A",
      "uri": "douban:\/\/douban.com\/photo\/2673813958",
      "likers_count": 107,
      "reactions_count": 107,
      "comments_count": 117,
      "position": 4
    },
    {
      "read_count": 4318,
      "image": {
        "large": {
          "url": "https://img2.doubanio.com\/view\/photo\/l\/public\/p2673813871.jpg",
          "width": 1600,
          "size": 0,
          "height": 1066
        },
        "raw": null,
        "small": {
          "url": "https://img2.doubanio.com\/view\/photo\/s\/public\/p2673813871.jpg",
          "width": 600,
          "size": 0,
          "height": 400
        },
        "normal": {
          "url": "https://img2.doubanio.com\/view\/photo\/m\/public\/p2673813871.jpg",
          "width": 600,
          "size": 0,
          "height": 400
        },
        "is_animated": false
      },
      "create_time": "2021-07-27 11:57:14",
      "collections_count": 4,
      "reshares_count": 0,
      "id": "2673813871",
      "author": {
        "loc": null,
        "kind": "user",
        "name": "豆友193997288",
        "avatar_side_icon": "",
        "url": "https:\/\/www.douban.com\/people\/193997288\/",
        "reg_time": "2019-03-26 18:20:56",
        "uri": "douban:\/\/douban.com\/user\/193997288",
        "avatar": "https://img2.doubanio.com\/icon\/up193997288-1.jpg",
        "is_club": false,
        "type": "user",
        "id": "193997288",
        "uid": "193997288"
      },
      "is_collected": false,
      "subtype": "photo",
      "type": "photo",
      "owner_uri": "douban:\/\/douban.com\/movie\/25845392",
      "status": null,
      "reaction_type": 0,
      "description": "朱亚文饰演七连指导员——梅生",
      "sharing_url": "https:\/\/www.douban.com\/doubanapp\/dispatch?uri=\/photo\/2673813871\/",
      "url": "https:\/\/movie.douban.com\/photos\/photo\/2673813871\/",
      "reply_limit": "A",
      "uri": "douban:\/\/douban.com\/photo\/2673813871",
      "likers_count": 106,
      "reactions_count": 106,
      "comments_count": 90,
      "position": 323
    },
    {
      "read_count": 5536,
      "image": {
        "large": {
          "url": "https://img9.doubanio.com\/view\/photo\/l\/public\/p2673813986.jpg",
          "width": 1600,
          "size": 0,
          "height": 1066
        },
        "raw": null,
        "small": {
          "url": "https://img9.doubanio.com\/view\/photo\/s\/public\/p2673813986.jpg",
          "width": 600,
          "size": 0,
          "height": 400
        },
        "normal": {
          "url": "https://img9.doubanio.com\/view\/photo\/m\/public\/p2673813986.jpg",
          "width": 600,
          "size": 0,
          "height": 400
        },
        "is_animated": false
      },
      "create_time": "2021-07-27 11:57:52",
      "collections_count": 3,
      "reshares_count": 1,
      "id": "2673813986",
      "author": {
        "loc": null,
        "kind": "user",
        "name": "豆友193997288",
        "avatar_side_icon": "",
        "url": "https:\/\/www.douban.com\/people\/193997288\/",
        "reg_time": "2019-03-26 18:20:56",
        "uri": "douban:\/\/douban.com\/user\/193997288",
        "avatar": "https://img2.doubanio.com\/icon\/up193997288-1.jpg",
        "is_club": false,
        "type": "user",
        "id": "193997288",
        "uid": "193997288"
      },
      "is_collected": false,
      "subtype": "photo",
      "type": "photo",
      "owner_uri": "douban:\/\/douban.com\/movie\/25845392",
      "status": null,
      "reaction_type": 0,
      "description": "韩东君饰演七连狙击手——平河",
      "sharing_url": "https:\/\/www.douban.com\/doubanapp\/dispatch?uri=\/photo\/2673813986\/",
      "url": "https:\/\/movie.douban.com\/photos\/photo\/2673813986\/",
      "reply_limit": "A",
      "uri": "douban:\/\/douban.com\/photo\/2673813986",
      "likers_count": 90,
      "reactions_count": 90,
      "comments_count": 105,
      "position": 3
    },
    {
      "read_count": 2603,
      "image": {
        "large": {
          "url": "https://img2.doubanio.com\/view\/photo\/l\/public\/p2687939223.jpg",
          "width": 1600,
          "size": 0,
          "height": 1066
        },
        "raw": null,
        "small": {
          "url": "https://img2.doubanio.com\/view\/photo\/s\/public\/p2687939223.jpg",
          "width": 600,
          "size": 0,
          "height": 400
        },
        "normal": {
          "url": "https://img2.doubanio.com\/view\/photo\/m\/public\/p2687939223.jpg",
          "width": 600,
          "size": 0,
          "height": 400
        },
        "is_animated": false
      },
      "create_time": "2021-09-28 13:21:55",
      "collections_count": 1,
      "reshares_count": 0,
      "id": "2687939223",
      "author": {
        "loc": {
          "uid": "beijing",
          "id": "108288",
          "name": "北京"
        },
        "kind": "user",
        "name": "平常无常",
        "avatar_side_icon": "",
        "url": "https:\/\/www.douban.com\/people\/95935082\/",
        "reg_time": "2014-08-06 01:29:35",
        "uri": "douban:\/\/douban.com\/user\/95935082",
        "avatar": "https://img1.doubanio.com\/icon\/u95935082-9.jpg",
        "is_club": false,
        "type": "user",
        "id": "95935082",
        "uid": "95935082"
      },
      "is_collected": false,
      "subtype": "photo",
      "type": "photo",
      "owner_uri": "douban:\/\/douban.com\/movie\/25845392",
      "status": null,
      "reaction_type": 0,
      "description": "",
      "sharing_url": "https:\/\/www.douban.com\/doubanapp\/dispatch?uri=\/photo\/2687939223\/",
      "url": "https:\/\/movie.douban.com\/photos\/photo\/2687939223\/",
      "reply_limit": "A",
      "uri": "douban:\/\/douban.com\/photo\/2687939223",
      "likers_count": 57,
      "reactions_count": 57,
      "comments_count": 93,
      "position": 198
    },
    {
      "read_count": 3596,
      "image": {
        "large": {
          "url": "https://img1.doubanio.com\/view\/photo\/l\/public\/p2673813628.jpg",
          "width": 1600,
          "size": 0,
          "height": 1066
        },
        "raw": null,
        "small": {
          "url": "https://img1.doubanio.com\/view\/photo\/s\/public\/p2673813628.jpg",
          "width": 600,
          "size": 0,
          "height": 400
        },
        "normal": {
          "url": "https://img1.doubanio.com\/view\/photo\/m\/public\/p2673813628.jpg",
          "width": 600,
          "size": 0,
          "height": 400
        },
        "is_animated": false
      },
      "create_time": "2021-07-27 11:55:54",
      "collections_count": 4,
      "reshares_count": 0,
      "id": "2673813628",
      "author": {
        "loc": null,
        "kind": "user",
        "name": "豆友193997288",
        "avatar_side_icon": "",
        "url": "https:\/\/www.douban.com\/people\/193997288\/",
        "reg_time": "2019-03-26 18:20:56",
        "uri": "douban:\/\/douban.com\/user\/193997288",
        "avatar": "https://img2.doubanio.com\/icon\/up193997288-1.jpg",
        "is_club": false,
        "type": "user",
        "id": "193997288",
        "uid": "193997288"
      },
      "is_collected": false,
      "subtype": "photo",
      "type": "photo",
      "owner_uri": "douban:\/\/douban.com\/movie\/25845392",
      "status": null,
      "reaction_type": 0,
      "description": "吴京饰演七连连长——伍千里",
      "sharing_url": "https:\/\/www.douban.com\/doubanapp\/dispatch?uri=\/photo\/2673813628\/",
      "url": "https:\/\/movie.douban.com\/photos\/photo\/2673813628\/",
      "reply_limit": "A",
      "uri": "douban:\/\/douban.com\/photo\/2673813628",
      "likers_count": 49,
      "reactions_count": 49,
      "comments_count": 67,
      "position": 6
    },
    {
      "read_count": 3848,
      "image": {
        "large": {
          "url": "https://img2.doubanio.com\/view\/photo\/l\/public\/p2687023103.jpg",
          "width": 1080,
          "size": 0,
          "height": 720
        },
        "raw": null,
        "small": {
          "url": "https://img2.doubanio.com\/view\/photo\/s\/public\/p2687023103.jpg",
          "width": 600,
          "size": 0,
          "height": 400
        },
        "normal": {
          "url": "https://img2.doubanio.com\/view\/photo\/m\/public\/p2687023103.jpg",
          "width": 600,
          "size": 0,
          "height": 400
        },
        "is_animated": false
      },
      "create_time": "2021-09-26 16:29:08",
      "collections_count": 2,
      "reshares_count": 0,
      "id": "2687023103",
      "author": {
        "loc": {
          "uid": "beijing",
          "id": "108288",
          "name": "北京"
        },
        "kind": "user",
        "name": "Gaggi",
        "avatar_side_icon": "",
        "url": "https:\/\/www.douban.com\/people\/69428639\/",
        "reg_time": "2013-02-23 16:05:05",
        "uri": "douban:\/\/douban.com\/user\/69428639",
        "avatar": "https://img1.doubanio.com\/icon\/up69428639-9.jpg",
        "is_club": false,
        "type": "user",
        "id": "69428639",
        "uid": "69428639"
      },
      "is_collected": false,
      "subtype": "photo",
      "type": "photo",
      "owner_uri": "douban:\/\/douban.com\/movie\/25845392",
      "status": null,
      "reaction_type": 0,
      "description": "电影《长津湖》小战士伍万里剧照",
      "sharing_url": "https:\/\/www.douban.com\/doubanapp\/dispatch?uri=\/photo\/2687023103\/",
      "url": "https:\/\/movie.douban.com\/photos\/photo\/2687023103\/",
      "reply_limit": "A",
      "uri": "douban:\/\/douban.com\/photo\/2687023103",
      "likers_count": 41,
      "reactions_count": 41,
      "comments_count": 19,
      "position": 203
    },
    {
      "read_count": 2068,
      "image": {
        "large": {
          "url": "https://img1.doubanio.com\/view\/photo\/l\/public\/p2681892909.jpg",
          "width": 1600,
          "size": 0,
          "height": 1066
        },
        "raw": null,
        "small": {
          "url": "https://img1.doubanio.com\/view\/photo\/s\/public\/p2681892909.jpg",
          "width": 600,
          "size": 0,
          "height": 400
        },
        "normal": {
          "url": "https://img1.doubanio.com\/view\/photo\/m\/public\/p2681892909.jpg",
          "width": 600,
          "size": 0,
          "height": 400
        },
        "is_animated": false
      },
      "create_time": "2021-09-14 19:06:59",
      "collections_count": 4,
      "reshares_count": 0,
      "id": "2681892909",
      "author": {
        "loc": {
          "uid": "beijing",
          "id": "108288",
          "name": "北京"
        },
        "kind": "user",
        "name": "FUA",
        "avatar_side_icon": "",
        "url": "https:\/\/www.douban.com\/people\/122971558\/",
        "reg_time": "2015-03-16 11:03:22",
        "uri": "douban:\/\/douban.com\/user\/122971558",
        "avatar": "https://img2.doubanio.com\/icon\/up122971558-2.jpg",
        "is_club": false,
        "type": "user",
        "id": "122971558",
        "uid": "122971558"
      },
      "is_collected": false,
      "subtype": "photo",
      "type": "photo",
      "owner_uri": "douban:\/\/douban.com\/movie\/25845392",
      "status": null,
      "reaction_type": 0,
      "description": "电影《长津湖》演员段奕宏剧照",
      "sharing_url": "https:\/\/www.douban.com\/doubanapp\/dispatch?uri=\/photo\/2681892909\/",
      "url": "https:\/\/movie.douban.com\/photos\/photo\/2681892909\/",
      "reply_limit": "A",
      "uri": "douban:\/\/douban.com\/photo\/2681892909",
      "likers_count": 29,
      "reactions_count": 29,
      "comments_count": 18,
      "position": 273
    },
    {
      "read_count": 1041,
      "image": {
        "large": {
          "url": "https://img2.doubanio.com\/view\/photo\/l\/public\/p2691547773.jpg",
          "width": 1600,
          "size": 0,
          "height": 1066
        },
        "raw": null,
        "small": {
          "url": "https://img2.doubanio.com\/view\/photo\/s\/public\/p2691547773.jpg",
          "width": 600,
          "size": 0,
          "height": 400
        },
        "normal": {
          "url": "https://img2.doubanio.com\/view\/photo\/m\/public\/p2691547773.jpg",
          "width": 600,
          "size": 0,
          "height": 400
        },
        "is_animated": false
      },
      "create_time": "2021-10-06 20:25:30",
      "collections_count": 1,
      "reshares_count": 1,
      "id": "2691547773",
      "author": {
        "loc": {
          "uid": "beijing",
          "id": "108288",
          "name": "北京"
        },
        "kind": "user",
        "name": "平常无常",
        "avatar_side_icon": "",
        "url": "https:\/\/www.douban.com\/people\/95935082\/",
        "reg_time": "2014-08-06 01:29:35",
        "uri": "douban:\/\/douban.com\/user\/95935082",
        "avatar": "https://img1.doubanio.com\/icon\/u95935082-9.jpg",
        "is_club": false,
        "type": "user",
        "id": "95935082",
        "uid": "95935082"
      },
      "is_collected": false,
      "subtype": "photo",
      "type": "photo",
      "owner_uri": "douban:\/\/douban.com\/movie\/25845392",
      "status": null,
      "reaction_type": 0,
      "description": "",
      "sharing_url": "https:\/\/www.douban.com\/doubanapp\/dispatch?uri=\/photo\/2691547773\/",
      "url": "https:\/\/movie.douban.com\/photos\/photo\/2691547773\/",
      "reply_limit": "A",
      "uri": "douban:\/\/douban.com\/photo\/2691547773",
      "likers_count": 25,
      "reactions_count": 25,
      "comments_count": 17,
      "position": 1
    },
    {
      "read_count": 2268,
      "image": {
        "large": {
          "url": "https://img1.doubanio.com\/view\/photo\/l\/public\/p2683212768.jpg",
          "width": 1500,
          "size": 0,
          "height": 1000
        },
        "raw": null,
        "small": {
          "url": "https://img1.doubanio.com\/view\/photo\/s\/public\/p2683212768.jpg",
          "width": 600,
          "size": 0,
          "height": 400
        },
        "normal": {
          "url": "https://img1.doubanio.com\/view\/photo\/m\/public\/p2683212768.jpg",
          "width": 600,
          "size": 0,
          "height": 400
        },
        "is_animated": false
      },
      "create_time": "2021-09-17 17:54:45",
      "collections_count": 1,
      "reshares_count": 0,
      "id": "2683212768",
      "author": {
        "loc": {
          "uid": "praha",
          "id": "128156",
          "name": "Praha"
        },
        "kind": "user",
        "name": "每天运动一小时",
        "avatar_side_icon": "",
        "url": "https:\/\/www.douban.com\/people\/179495030\/",
        "reg_time": "2018-06-04 17:59:56",
        "uri": "douban:\/\/douban.com\/user\/179495030",
        "avatar": "https://img1.doubanio.com\/icon\/up179495030-47.jpg",
        "is_club": false,
        "type": "user",
        "id": "179495030",
        "uid": "179495030"
      },
      "is_collected": false,
      "subtype": "photo",
      "type": "photo",
      "owner_uri": "douban:\/\/douban.com\/movie\/25845392",
      "status": null,
      "reaction_type": 0,
      "description": "",
      "sharing_url": "https:\/\/www.douban.com\/doubanapp\/dispatch?uri=\/photo\/2683212768\/",
      "url": "https:\/\/movie.douban.com\/photos\/photo\/2683212768\/",
      "reply_limit": "A",
      "uri": "douban:\/\/douban.com\/photo\/2683212768",
      "likers_count": 19,
      "reactions_count": 19,
      "comments_count": 13,
      "position": 257
    },
    {
      "read_count": 1864,
      "image": {
        "large": {
          "url": "https://img2.doubanio.com\/view\/photo\/l\/public\/p2681892913.jpg",
          "width": 1600,
          "size": 0,
          "height": 1066
        },
        "raw": null,
        "small": {
          "url": "https://img2.doubanio.com\/view\/photo\/s\/public\/p2681892913.jpg",
          "width": 600,
          "size": 0,
          "height": 400
        },
        "normal": {
          "url": "https://img2.doubanio.com\/view\/photo\/m\/public\/p2681892913.jpg",
          "width": 600,
          "size": 0,
          "height": 400
        },
        "is_animated": false
      },
      "create_time": "2021-09-14 19:06:59",
      "collections_count": 4,
      "reshares_count": 0,
      "id": "2681892913",
      "author": {
        "loc": {
          "uid": "beijing",
          "id": "108288",
          "name": "北京"
        },
        "kind": "user",
        "name": "FUA",
        "avatar_side_icon": "",
        "url": "https:\/\/www.douban.com\/people\/122971558\/",
        "reg_time": "2015-03-16 11:03:22",
        "uri": "douban:\/\/douban.com\/user\/122971558",
        "avatar": "https://img2.doubanio.com\/icon\/up122971558-2.jpg",
        "is_club": false,
        "type": "user",
        "id": "122971558",
        "uid": "122971558"
      },
      "is_collected": false,
      "subtype": "photo",
      "type": "photo",
      "owner_uri": "douban:\/\/douban.com\/movie\/25845392",
      "status": null,
      "reaction_type": 0,
      "description": "电影《长津湖》演员韩东君剧照",
      "sharing_url": "https:\/\/www.douban.com\/doubanapp\/dispatch?uri=\/photo\/2681892913\/",
      "url": "https:\/\/movie.douban.com\/photos\/photo\/2681892913\/",
      "reply_limit": "A",
      "uri": "douban:\/\/douban.com\/photo\/2681892913",
      "likers_count": 19,
      "reactions_count": 19,
      "comments_count": 14,
      "position": 270
    },
    {
      "read_count": 1805,
      "image": {
        "large": {
          "url": "https://img9.doubanio.com\/view\/photo\/l\/public\/p2683065646.jpg",
          "width": 1600,
          "size": 0,
          "height": 1066
        },
        "raw": null,
        "small": {
          "url": "https://img9.doubanio.com\/view\/photo\/s\/public\/p2683065646.jpg",
          "width": 600,
          "size": 0,
          "height": 400
        },
        "normal": {
          "url": "https://img9.doubanio.com\/view\/photo\/m\/public\/p2683065646.jpg",
          "width": 600,
          "size": 0,
          "height": 400
        },
        "is_animated": false
      },
      "create_time": "2021-09-17 11:22:40",
      "collections_count": 2,
      "reshares_count": 0,
      "id": "2683065646",
      "author": {
        "loc": {
          "uid": "chengdu",
          "id": "118318",
          "name": "成都"
        },
        "kind": "user",
        "name": "每天运动—小时",
        "avatar_side_icon": "",
        "url": "https:\/\/www.douban.com\/people\/89421495\/",
        "reg_time": "2014-05-22 00:01:28",
        "uri": "douban:\/\/douban.com\/user\/89421495",
        "avatar": "https://img2.doubanio.com\/icon\/up89421495-11.jpg",
        "is_club": false,
        "type": "user",
        "id": "89421495",
        "uid": "89421495"
      },
      "is_collected": false,
      "subtype": "photo",
      "type": "photo",
      "owner_uri": "douban:\/\/douban.com\/movie\/25845392",
      "status": null,
      "reaction_type": 0,
      "description": "",
      "sharing_url": "https:\/\/www.douban.com\/doubanapp\/dispatch?uri=\/photo\/2683065646\/",
      "url": "https:\/\/movie.douban.com\/photos\/photo\/2683065646\/",
      "reply_limit": "A",
      "uri": "douban:\/\/douban.com\/photo\/2683065646",
      "likers_count": 17,
      "reactions_count": 17,
      "comments_count": 21,
      "position": 259
    },
    {
      "read_count": 1147,
      "image": {
        "large": {
          "url": "https://img1.doubanio.com\/view\/photo\/l\/public\/p2688875619.jpg",
          "width": 1500,
          "size": 0,
          "height": 1000
        },
        "raw": null,
        "small": {
          "url": "https://img1.doubanio.com\/view\/photo\/s\/public\/p2688875619.jpg",
          "width": 600,
          "size": 0,
          "height": 400
        },
        "normal": {
          "url": "https://img1.doubanio.com\/view\/photo\/m\/public\/p2688875619.jpg",
          "width": 600,
          "size": 0,
          "height": 400
        },
        "is_animated": false
      },
      "create_time": "2021-10-01 00:44:35",
      "collections_count": 2,
      "reshares_count": 2,
      "id": "2688875619",
      "author": {
        "loc": {
          "uid": "beijing",
          "id": "108288",
          "name": "北京"
        },
        "kind": "user",
        "name": "雨落下",
        "avatar_side_icon": "",
        "url": "https:\/\/www.douban.com\/people\/221011676\/",
        "reg_time": "2020-08-11 16:22:48",
        "uri": "douban:\/\/douban.com\/user\/221011676",
        "avatar": "https://img2.doubanio.com\/icon\/up221011676-2.jpg",
        "is_club": false,
        "type": "user",
        "id": "221011676",
        "uid": "221011676"
      },
      "is_collected": false,
      "subtype": "photo",
      "type": "photo",
      "owner_uri": "douban:\/\/douban.com\/movie\/25845392",
      "status": null,
      "reaction_type": 0,
      "description": "电影《长津湖》演员韩东君剧照",
      "sharing_url": "https:\/\/www.douban.com\/doubanapp\/dispatch?uri=\/photo\/2688875619\/",
      "url": "https:\/\/movie.douban.com\/photos\/photo\/2688875619\/",
      "reply_limit": "A",
      "uri": "douban:\/\/douban.com\/photo\/2688875619",
      "likers_count": 12,
      "reactions_count": 12,
      "comments_count": 14,
      "position": 0
    },
    {
      "read_count": 1010,
      "image": {
        "large": {
          "url": "https://img1.doubanio.com\/view\/photo\/l\/public\/p2687941529.jpg",
          "width": 1600,
          "size": 0,
          "height": 1066
        },
        "raw": null,
        "small": {
          "url": "https://img1.doubanio.com\/view\/photo\/s\/public\/p2687941529.jpg",
          "width": 600,
          "size": 0,
          "height": 400
        },
        "normal": {
          "url": "https://img1.doubanio.com\/view\/photo\/m\/public\/p2687941529.jpg",
          "width": 600,
          "size": 0,
          "height": 400
        },
        "is_animated": false
      },
      "create_time": "2021-09-28 13:27:28",
      "collections_count": 0,
      "reshares_count": 0,
      "id": "2687941529",
      "author": {
        "loc": {
          "uid": "beijing",
          "id": "108288",
          "name": "北京"
        },
        "kind": "user",
        "name": "平常无常",
        "avatar_side_icon": "",
        "url": "https:\/\/www.douban.com\/people\/95935082\/",
        "reg_time": "2014-08-06 01:29:35",
        "uri": "douban:\/\/douban.com\/user\/95935082",
        "avatar": "https://img1.doubanio.com\/icon\/u95935082-9.jpg",
        "is_club": false,
        "type": "user",
        "id": "95935082",
        "uid": "95935082"
      },
      "is_collected": false,
      "subtype": "photo",
      "type": "photo",
      "owner_uri": "douban:\/\/douban.com\/movie\/25845392",
      "status": null,
      "reaction_type": 0,
      "description": "",
      "sharing_url": "https:\/\/www.douban.com\/doubanapp\/dispatch?uri=\/photo\/2687941529\/",
      "url": "https:\/\/movie.douban.com\/photos\/photo\/2687941529\/",
      "reply_limit": "A",
      "uri": "douban:\/\/douban.com\/photo\/2687941529",
      "likers_count": 11,
      "reactions_count": 11,
      "comments_count": 2,
      "position": 193
    },
    {
      "read_count": 614,
      "image": {
        "large": {
          "url": "https://img2.doubanio.com\/view\/photo\/l\/public\/p2691547733.jpg",
          "width": 1600,
          "size": 0,
          "height": 900
        },
        "raw": null,
        "small": {
          "url": "https://img2.doubanio.com\/view\/photo\/s\/public\/p2691547733.jpg",
          "width": 600,
          "size": 0,
          "height": 337
        },
        "normal": {
          "url": "https://img2.doubanio.com\/view\/photo\/m\/public\/p2691547733.jpg",
          "width": 600,
          "size": 0,
          "height": 337
        },
        "is_animated": false
      },
      "create_time": "2021-10-06 20:25:25",
      "collections_count": 1,
      "reshares_count": 0,
      "id": "2691547733",
      "author": {
        "loc": {
          "uid": "beijing",
          "id": "108288",
          "name": "北京"
        },
        "kind": "user",
        "name": "平常无常",
        "avatar_side_icon": "",
        "url": "https:\/\/www.douban.com\/people\/95935082\/",
        "reg_time": "2014-08-06 01:29:35",
        "uri": "douban:\/\/douban.com\/user\/95935082",
        "avatar": "https://img1.doubanio.com\/icon\/u95935082-9.jpg",
        "is_club": false,
        "type": "user",
        "id": "95935082",
        "uid": "95935082"
      },
      "is_collected": false,
      "subtype": "photo",
      "type": "photo",
      "owner_uri": "douban:\/\/douban.com\/movie\/25845392",
      "status": null,
      "reaction_type": 0,
      "description": "",
      "sharing_url": "https:\/\/www.douban.com\/doubanapp\/dispatch?uri=\/photo\/2691547733\/",
      "url": "https:\/\/movie.douban.com\/photos\/photo\/2691547733\/",
      "reply_limit": "A",
      "uri": "douban:\/\/douban.com\/photo\/2691547733",
      "likers_count": 10,
      "reactions_count": 10,
      "comments_count": 2,
      "position": 124
    },
    {
      "read_count": 1819,
      "image": {
        "large": {
          "url": "https://img9.doubanio.com\/view\/photo\/l\/public\/p2687939115.jpg",
          "width": 1600,
          "size": 0,
          "height": 1066
        },
        "raw": null,
        "small": {
          "url": "https://img9.doubanio.com\/view\/photo\/s\/public\/p2687939115.jpg",
          "width": 600,
          "size": 0,
          "height": 400
        },
        "normal": {
          "url": "https://img9.doubanio.com\/view\/photo\/m\/public\/p2687939115.jpg",
          "width": 600,
          "size": 0,
          "height": 400
        },
        "is_animated": false
      },
      "create_time": "2021-09-28 13:21:44",
      "collections_count": 0,
      "reshares_count": 0,
      "id": "2687939115",
      "author": {
        "loc": {
          "uid": "beijing",
          "id": "108288",
          "name": "北京"
        },
        "kind": "user",
        "name": "平常无常",
        "avatar_side_icon": "",
        "url": "https:\/\/www.douban.com\/people\/95935082\/",
        "reg_time": "2014-08-06 01:29:35",
        "uri": "douban:\/\/douban.com\/user\/95935082",
        "avatar": "https://img1.doubanio.com\/icon\/u95935082-9.jpg",
        "is_club": false,
        "type": "user",
        "id": "95935082",
        "uid": "95935082"
      },
      "is_collected": false,
      "subtype": "photo",
      "type": "photo",
      "owner_uri": "douban:\/\/douban.com\/movie\/25845392",
      "status": null,
      "reaction_type": 0,
      "description": "",
      "sharing_url": "https:\/\/www.douban.com\/doubanapp\/dispatch?uri=\/photo\/2687939115\/",
      "url": "https:\/\/movie.douban.com\/photos\/photo\/2687939115\/",
      "reply_limit": "A",
      "uri": "douban:\/\/douban.com\/photo\/2687939115",
      "likers_count": 10,
      "reactions_count": 10,
      "comments_count": 15,
      "position": 200
    },
    {
      "read_count": 1124,
      "image": {
        "large": {
          "url": "https://img9.doubanio.com\/view\/photo\/l\/public\/p2687944976.jpg",
          "width": 1600,
          "size": 0,
          "height": 799
        },
        "raw": null,
        "small": {
          "url": "https://img9.doubanio.com\/view\/photo\/s\/public\/p2687944976.jpg",
          "width": 600,
          "size": 0,
          "height": 299
        },
        "normal": {
          "url": "https://img9.doubanio.com\/view\/photo\/m\/public\/p2687944976.jpg",
          "width": 600,
          "size": 0,
          "height": 299
        },
        "is_animated": false
      },
      "create_time": "2021-09-28 13:36:30",
      "collections_count": 1,
      "reshares_count": 0,
      "id": "2687944976",
      "author": {
        "loc": {
          "uid": "chengdu",
          "id": "118318",
          "name": "成都"
        },
        "kind": "user",
        "name": "每天运动—小时",
        "avatar_side_icon": "",
        "url": "https:\/\/www.douban.com\/people\/89421495\/",
        "reg_time": "2014-05-22 00:01:28",
        "uri": "douban:\/\/douban.com\/user\/89421495",
        "avatar": "https://img2.doubanio.com\/icon\/up89421495-11.jpg",
        "is_club": false,
        "type": "user",
        "id": "89421495",
        "uid": "89421495"
      },
      "is_collected": false,
      "subtype": "photo",
      "type": "photo",
      "owner_uri": "douban:\/\/douban.com\/movie\/25845392",
      "status": null,
      "reaction_type": 0,
      "description": "",
      "sharing_url": "https:\/\/www.douban.com\/doubanapp\/dispatch?uri=\/photo\/2687944976\/",
      "url": "https:\/\/movie.douban.com\/photos\/photo\/2687944976\/",
      "reply_limit": "A",
      "uri": "douban:\/\/douban.com\/photo\/2687944976",
      "likers_count": 9,
      "reactions_count": 9,
      "comments_count": 4,
      "position": 192
    }
  ],
  "w": 23,
  "total": 389,
  "start": 0
}