{
  "count": 18,
  "c": 138,
  "f": 13,
  "o": 88,
  "n": 127,
  "photos": [
    {
      "read_count": 40,
      "image": {
        "large": {
          "url": "https://img2.doubanio.com\/view\/photo\/l\/public\/p2692150173.jpg",
          "width": 1600,
          "height": 843,
          "size": 0
        },
        "raw": null,
        "small": {
          "url": "https://img2.doubanio.com\/view\/photo\/s\/public\/p2692150173.jpg",
          "width": 600,
          "height": 316,
          "size": 0
        },
        "is_animated": false,
        "normal": {
          "url": "https://img2.doubanio.com\/view\/photo\/m\/public\/p2692150173.jpg",
          "width": 600,
          "height": 316,
          "size": 0
        }
      },
      "create_time": "2021-10-08 01:33:48",
      "url": "https:\/\/movie.douban.com\/photos\/photo\/2692150173\/",
      "collections_count": 0,
      "reshares_count": 0,
      "id": "2692150173",
      "author": {
        "loc": null,
        "kind": "user",
        "name": "不安的传说",
        "url": "https:\/\/www.douban.com\/people\/4044848\/",
        "id": "4044848",
        "reg_time": "2009-04-22 20:01:14",
        "uri": "douban:\/\/douban.com\/user\/4044848",
        "avatar": "https://img1.doubanio.com\/icon\/up4044848-8.jpg",
        "is_club": false,
        "type": "user",
        "avatar_side_icon": "",
        "uid": "4044848"
      },
      "is_collected": false,
      "type": "photo",
      "owner_uri": "douban:\/\/douban.com\/movie\/25845392",
      "status": null,
      "reaction_type": 0,
      "description": "",
      "sharing_url": "https:\/\/www.douban.com\/doubanapp\/dispatch?uri=\/photo\/2692150173\/",
      "likers_count": 0,
      "reply_limit": "A",
      "uri": "douban:\/\/douban.com\/photo\/2692150173",
      "subtype": "photo",
      "reactions_count": 0,
      "comments_count": 0,
      "position": 73
    },
    {
      "read_count": 90,
      "image": {
        "large": {
          "url": "https://img1.doubanio.com\/view\/photo\/l\/public\/p2692150169.jpg",
          "width": 1600,
          "height": 900,
          "size": 0
        },
        "raw": null,
        "small": {
          "url": "https://img1.doubanio.com\/view\/photo\/s\/public\/p2692150169.jpg",
          "width": 600,
          "height": 337,
          "size": 0
        },
        "is_animated": false,
        "normal": {
          "url": "https://img1.doubanio.com\/view\/photo\/m\/public\/p2692150169.jpg",
          "width": 600,
          "height": 337,
          "size": 0
        }
      },
      "create_time": "2021-10-08 01:33:48",
      "url": "https:\/\/movie.douban.com\/photos\/photo\/2692150169\/",
      "collections_count": 0,
      "reshares_count": 0,
      "id": "2692150169",
      "author": {
        "loc": null,
        "kind": "user",
        "name": "不安的传说",
        "url": "https:\/\/www.douban.com\/people\/4044848\/",
        "id": "4044848",
        "reg_time": "2009-04-22 20:01:14",
        "uri": "douban:\/\/douban.com\/user\/4044848",
        "avatar": "https://img1.doubanio.com\/icon\/up4044848-8.jpg",
        "is_club": false,
        "type": "user",
        "avatar_side_icon": "",
        "uid": "4044848"
      },
      "is_collected": false,
      "type": "photo",
      "owner_uri": "douban:\/\/douban.com\/movie\/25845392",
      "status": null,
      "reaction_type": 0,
      "description": "",
      "sharing_url": "https:\/\/www.douban.com\/doubanapp\/dispatch?uri=\/photo\/2692150169\/",
      "likers_count": 0,
      "reply_limit": "A",
      "uri": "douban:\/\/douban.com\/photo\/2692150169",
      "subtype": "photo",
      "reactions_count": 0,
      "comments_count": 2,
      "position": 74
    },
    {
      "read_count": 94,
      "image": {
        "large": {
          "url": "https://img1.doubanio.com\/view\/photo\/l\/public\/p2692150167.jpg",
          "width": 1600,
          "height": 900,
          "size": 0
        },
        "raw": null,
        "small": {
          "url": "https://img1.doubanio.com\/view\/photo\/s\/public\/p2692150167.jpg",
          "width": 600,
          "height": 337,
          "size": 0
        },
        "is_animated": false,
        "normal": {
          "url": "https://img1.doubanio.com\/view\/photo\/m\/public\/p2692150167.jpg",
          "width": 600,
          "height": 337,
          "size": 0
        }
      },
      "create_time": "2021-10-08 01:33:48",
      "url": "https:\/\/movie.douban.com\/photos\/photo\/2692150167\/",
      "collections_count": 0,
      "reshares_count": 0,
      "id": "2692150167",
      "author": {
        "loc": null,
        "kind": "user",
        "name": "不安的传说",
        "url": "https:\/\/www.douban.com\/people\/4044848\/",
        "id": "4044848",
        "reg_time": "2009-04-22 20:01:14",
        "uri": "douban:\/\/douban.com\/user\/4044848",
        "avatar": "https://img1.doubanio.com\/icon\/up4044848-8.jpg",
        "is_club": false,
        "type": "user",
        "avatar_side_icon": "",
        "uid": "4044848"
      },
      "is_collected": false,
      "type": "photo",
      "owner_uri": "douban:\/\/douban.com\/movie\/25845392",
      "status": null,
      "reaction_type": 0,
      "description": "",
      "sharing_url": "https:\/\/www.douban.com\/doubanapp\/dispatch?uri=\/photo\/2692150167\/",
      "likers_count": 0,
      "reply_limit": "A",
      "uri": "douban:\/\/douban.com\/photo\/2692150167",
      "subtype": "photo",
      "reactions_count": 0,
      "comments_count": 0,
      "position": 76
    },
    {
      "read_count": 56,
      "image": {
        "large": {
          "url": "https://img9.doubanio.com\/view\/photo\/l\/public\/p2692150166.jpg",
          "width": 1600,
          "height": 900,
          "size": 0
        },
        "raw": null,
        "small": {
          "url": "https://img9.doubanio.com\/view\/photo\/s\/public\/p2692150166.jpg",
          "width": 600,
          "height": 337,
          "size": 0
        },
        "is_animated": false,
        "normal": {
          "url": "https://img9.doubanio.com\/view\/photo\/m\/public\/p2692150166.jpg",
          "width": 600,
          "height": 337,
          "size": 0
        }
      },
      "create_time": "2021-10-08 01:33:48",
      "url": "https:\/\/movie.douban.com\/photos\/photo\/2692150166\/",
      "collections_count": 0,
      "reshares_count": 0,
      "id": "2692150166",
      "author": {
        "loc": null,
        "kind": "user",
        "name": "不安的传说",
        "url": "https:\/\/www.douban.com\/people\/4044848\/",
        "id": "4044848",
        "reg_time": "2009-04-22 20:01:14",
        "uri": "douban:\/\/douban.com\/user\/4044848",
        "avatar": "https://img1.doubanio.com\/icon\/up4044848-8.jpg",
        "is_club": false,
        "type": "user",
        "avatar_side_icon": "",
        "uid": "4044848"
      },
      "is_collected": false,
      "type": "photo",
      "owner_uri": "douban:\/\/douban.com\/movie\/25845392",
      "status": null,
      "reaction_type": 0,
      "description": "",
      "sharing_url": "https:\/\/www.douban.com\/doubanapp\/dispatch?uri=\/photo\/2692150166\/",
      "likers_count": 0,
      "reply_limit": "A",
      "uri": "douban:\/\/douban.com\/photo\/2692150166",
      "subtype": "photo",
      "reactions_count": 0,
      "comments_count": 0,
      "position": 77
    },
    {
      "read_count": 63,
      "image": {
        "large": {
          "url": "https://img9.doubanio.com\/view\/photo\/l\/public\/p2692150164.jpg",
          "width": 1600,
          "height": 900,
          "size": 0
        },
        "raw": null,
        "small": {
          "url": "https://img9.doubanio.com\/view\/photo\/s\/public\/p2692150164.jpg",
          "width": 600,
          "height": 337,
          "size": 0
        },
        "is_animated": false,
        "normal": {
          "url": "https://img9.doubanio.com\/view\/photo\/m\/public\/p2692150164.jpg",
          "width": 600,
          "height": 337,
          "size": 0
        }
      },
      "create_time": "2021-10-08 01:33:48",
      "url": "https:\/\/movie.douban.com\/photos\/photo\/2692150164\/",
      "collections_count": 0,
      "reshares_count": 0,
      "id": "2692150164",
      "author": {
        "loc": null,
        "kind": "user",
        "name": "不安的传说",
        "url": "https:\/\/www.douban.com\/people\/4044848\/",
        "id": "4044848",
        "reg_time": "2009-04-22 20:01:14",
        "uri": "douban:\/\/douban.com\/user\/4044848",
        "avatar": "https://img1.doubanio.com\/icon\/up4044848-8.jpg",
        "is_club": false,
        "type": "user",
        "avatar_side_icon": "",
        "uid": "4044848"
      },
      "is_collected": false,
      "type": "photo",
      "owner_uri": "douban:\/\/douban.com\/movie\/25845392",
      "status": null,
      "reaction_type": 0,
      "description": "",
      "sharing_url": "https:\/\/www.douban.com\/doubanapp\/dispatch?uri=\/photo\/2692150164\/",
      "likers_count": 0,
      "reply_limit": "A",
      "uri": "douban:\/\/douban.com\/photo\/2692150164",
      "subtype": "photo",
      "reactions_count": 0,
      "comments_count": 0,
      "position": 78
    },
    {
      "read_count": 54,
      "image": {
        "large": {
          "url": "https://img2.doubanio.com\/view\/photo\/l\/public\/p2692150163.jpg",
          "width": 1600,
          "height": 900,
          "size": 0
        },
        "raw": null,
        "small": {
          "url": "https://img2.doubanio.com\/view\/photo\/s\/public\/p2692150163.jpg",
          "width": 600,
          "height": 337,
          "size": 0
        },
        "is_animated": false,
        "normal": {
          "url": "https://img2.doubanio.com\/view\/photo\/m\/public\/p2692150163.jpg",
          "width": 600,
          "height": 337,
          "size": 0
        }
      },
      "create_time": "2021-10-08 01:33:48",
      "url": "https:\/\/movie.douban.com\/photos\/photo\/2692150163\/",
      "collections_count": 0,
      "reshares_count": 0,
      "id": "2692150163",
      "author": {
        "loc": null,
        "kind": "user",
        "name": "不安的传说",
        "url": "https:\/\/www.douban.com\/people\/4044848\/",
        "id": "4044848",
        "reg_time": "2009-04-22 20:01:14",
        "uri": "douban:\/\/douban.com\/user\/4044848",
        "avatar": "https://img1.doubanio.com\/icon\/up4044848-8.jpg",
        "is_club": false,
        "type": "user",
        "avatar_side_icon": "",
        "uid": "4044848"
      },
      "is_collected": false,
      "type": "photo",
      "owner_uri": "douban:\/\/douban.com\/movie\/25845392",
      "status": null,
      "reaction_type": 0,
      "description": "",
      "sharing_url": "https:\/\/www.douban.com\/doubanapp\/dispatch?uri=\/photo\/2692150163\/",
      "likers_count": 0,
      "reply_limit": "A",
      "uri": "douban:\/\/douban.com\/photo\/2692150163",
      "subtype": "photo",
      "reactions_count": 0,
      "comments_count": 0,
      "position": 79
    },
    {
      "read_count": 33,
      "image": {
        "large": {
          "url": "https://img3.doubanio.com\/view\/photo\/l\/public\/p2692149970.jpg",
          "width": 1600,
          "height": 900,
          "size": 0
        },
        "raw": null,
        "small": {
          "url": "https://img3.doubanio.com\/view\/photo\/s\/public\/p2692149970.jpg",
          "width": 600,
          "height": 337,
          "size": 0
        },
        "is_animated": false,
        "normal": {
          "url": "https://img3.doubanio.com\/view\/photo\/m\/public\/p2692149970.jpg",
          "width": 600,
          "height": 337,
          "size": 0
        }
      },
      "create_time": "2021-10-08 01:33:27",
      "url": "https:\/\/movie.douban.com\/photos\/photo\/2692149970\/",
      "collections_count": 0,
      "reshares_count": 0,
      "id": "2692149970",
      "author": {
        "loc": null,
        "kind": "user",
        "name": "不安的传说",
        "url": "https:\/\/www.douban.com\/people\/4044848\/",
        "id": "4044848",
        "reg_time": "2009-04-22 20:01:14",
        "uri": "douban:\/\/douban.com\/user\/4044848",
        "avatar": "https://img1.doubanio.com\/icon\/up4044848-8.jpg",
        "is_club": false,
        "type": "user",
        "avatar_side_icon": "",
        "uid": "4044848"
      },
      "is_collected": false,
      "type": "photo",
      "owner_uri": "douban:\/\/douban.com\/movie\/25845392",
      "status": null,
      "reaction_type": 0,
      "description": "",
      "sharing_url": "https:\/\/www.douban.com\/doubanapp\/dispatch?uri=\/photo\/2692149970\/",
      "likers_count": 0,
      "reply_limit": "A",
      "uri": "douban:\/\/douban.com\/photo\/2692149970",
      "subtype": "photo",
      "reactions_count": 0,
      "comments_count": 0,
      "position": 80
    },
    {
      "read_count": 22,
      "image": {
        "large": {
          "url": "https://img1.doubanio.com\/view\/photo\/l\/public\/p2692149968.jpg",
          "width": 1600,
          "height": 900,
          "size": 0
        },
        "raw": null,
        "small": {
          "url": "https://img1.doubanio.com\/view\/photo\/s\/public\/p2692149968.jpg",
          "width": 600,
          "height": 337,
          "size": 0
        },
        "is_animated": false,
        "normal": {
          "url": "https://img1.doubanio.com\/view\/photo\/m\/public\/p2692149968.jpg",
          "width": 600,
          "height": 337,
          "size": 0
        }
      },
      "create_time": "2021-10-08 01:33:27",
      "url": "https:\/\/movie.douban.com\/photos\/photo\/2692149968\/",
      "collections_count": 0,
      "reshares_count": 0,
      "id": "2692149968",
      "author": {
        "loc": null,
        "kind": "user",
        "name": "不安的传说",
        "url": "https:\/\/www.douban.com\/people\/4044848\/",
        "id": "4044848",
        "reg_time": "2009-04-22 20:01:14",
        "uri": "douban:\/\/douban.com\/user\/4044848",
        "avatar": "https://img1.doubanio.com\/icon\/up4044848-8.jpg",
        "is_club": false,
        "type": "user",
        "avatar_side_icon": "",
        "uid": "4044848"
      },
      "is_collected": false,
      "type": "photo",
      "owner_uri": "douban:\/\/douban.com\/movie\/25845392",
      "status": null,
      "reaction_type": 0,
      "description": "",
      "sharing_url": "https:\/\/www.douban.com\/doubanapp\/dispatch?uri=\/photo\/2692149968\/",
      "likers_count": 0,
      "reply_limit": "A",
      "uri": "douban:\/\/douban.com\/photo\/2692149968",
      "subtype": "photo",
      "reactions_count": 0,
      "comments_count": 0,
      "position": 81
    },
    {
      "read_count": 233,
      "image": {
        "large": {
          "url": "https://img9.doubanio.com\/view\/photo\/l\/public\/p2692149966.jpg",
          "width": 1600,
          "height": 900,
          "size": 0
        },
        "raw": null,
        "small": {
          "url": "https://img9.doubanio.com\/view\/photo\/s\/public\/p2692149966.jpg",
          "width": 600,
          "height": 337,
          "size": 0
        },
        "is_animated": false,
        "normal": {
          "url": "https://img9.doubanio.com\/view\/photo\/m\/public\/p2692149966.jpg",
          "width": 600,
          "height": 337,
          "size": 0
        }
      },
      "create_time": "2021-10-08 01:33:27",
      "url": "https:\/\/movie.douban.com\/photos\/photo\/2692149966\/",
      "collections_count": 0,
      "reshares_count": 0,
      "id": "2692149966",
      "author": {
        "loc": null,
        "kind": "user",
        "name": "不安的传说",
        "url": "https:\/\/www.douban.com\/people\/4044848\/",
        "id": "4044848",
        "reg_time": "2009-04-22 20:01:14",
        "uri": "douban:\/\/douban.com\/user\/4044848",
        "avatar": "https://img1.doubanio.com\/icon\/up4044848-8.jpg",
        "is_club": false,
        "type": "user",
        "avatar_side_icon": "",
        "uid": "4044848"
      },
      "is_collected": false,
      "type": "photo",
      "owner_uri": "douban:\/\/douban.com\/movie\/25845392",
      "status": null,
      "reaction_type": 0,
      "description": "",
      "sharing_url": "https:\/\/www.douban.com\/doubanapp\/dispatch?uri=\/photo\/2692149966\/",
      "likers_count": 0,
      "reply_limit": "A",
      "uri": "douban:\/\/douban.com\/photo\/2692149966",
      "subtype": "photo",
      "reactions_count": 0,
      "comments_count": 0,
      "position": 82
    },
    {
      "read_count": 15,
      "image": {
        "large": {
          "url": "https://img9.doubanio.com\/view\/photo\/l\/public\/p2692149965.jpg",
          "width": 1600,
          "height": 900,
          "size": 0
        },
        "raw": null,
        "small": {
          "url": "https://img9.doubanio.com\/view\/photo\/s\/public\/p2692149965.jpg",
          "width": 600,
          "height": 337,
          "size": 0
        },
        "is_animated": false,
        "normal": {
          "url": "https://img9.doubanio.com\/view\/photo\/m\/public\/p2692149965.jpg",
          "width": 600,
          "height": 337,
          "size": 0
        }
      },
      "create_time": "2021-10-08 01:33:27",
      "url": "https:\/\/movie.douban.com\/photos\/photo\/2692149965\/",
      "collections_count": 0,
      "reshares_count": 0,
      "id": "2692149965",
      "author": {
        "loc": null,
        "kind": "user",
        "name": "不安的传说",
        "url": "https:\/\/www.douban.com\/people\/4044848\/",
        "id": "4044848",
        "reg_time": "2009-04-22 20:01:14",
        "uri": "douban:\/\/douban.com\/user\/4044848",
        "avatar": "https://img1.doubanio.com\/icon\/up4044848-8.jpg",
        "is_club": false,
        "type": "user",
        "avatar_side_icon": "",
        "uid": "4044848"
      },
      "is_collected": false,
      "type": "photo",
      "owner_uri": "douban:\/\/douban.com\/movie\/25845392",
      "status": null,
      "reaction_type": 0,
      "description": "",
      "sharing_url": "https:\/\/www.douban.com\/doubanapp\/dispatch?uri=\/photo\/2692149965\/",
      "likers_count": 0,
      "reply_limit": "A",
      "uri": "douban:\/\/douban.com\/photo\/2692149965",
      "subtype": "photo",
      "reactions_count": 0,
      "comments_count": 0,
      "position": 83
    },
    {
      "read_count": 22,
      "image": {
        "large": {
          "url": "https://img9.doubanio.com\/view\/photo\/l\/public\/p2692149964.jpg",
          "width": 1600,
          "height": 900,
          "size": 0
        },
        "raw": null,
        "small": {
          "url": "https://img9.doubanio.com\/view\/photo\/s\/public\/p2692149964.jpg",
          "width": 600,
          "height": 337,
          "size": 0
        },
        "is_animated": false,
        "normal": {
          "url": "https://img9.doubanio.com\/view\/photo\/m\/public\/p2692149964.jpg",
          "width": 600,
          "height": 337,
          "size": 0
        }
      },
      "create_time": "2021-10-08 01:33:27",
      "url": "https:\/\/movie.douban.com\/photos\/photo\/2692149964\/",
      "collections_count": 0,
      "reshares_count": 0,
      "id": "2692149964",
      "author": {
        "loc": null,
        "kind": "user",
        "name": "不安的传说",
        "url": "https:\/\/www.douban.com\/people\/4044848\/",
        "id": "4044848",
        "reg_time": "2009-04-22 20:01:14",
        "uri": "douban:\/\/douban.com\/user\/4044848",
        "avatar": "https://img1.doubanio.com\/icon\/up4044848-8.jpg",
        "is_club": false,
        "type": "user",
        "avatar_side_icon": "",
        "uid": "4044848"
      },
      "is_collected": false,
      "type": "photo",
      "owner_uri": "douban:\/\/douban.com\/movie\/25845392",
      "status": null,
      "reaction_type": 0,
      "description": "",
      "sharing_url": "https:\/\/www.douban.com\/doubanapp\/dispatch?uri=\/photo\/2692149964\/",
      "likers_count": 0,
      "reply_limit": "A",
      "uri": "douban:\/\/douban.com\/photo\/2692149964",
      "subtype": "photo",
      "reactions_count": 0,
      "comments_count": 0,
      "position": 84
    },
    {
      "read_count": 23,
      "image": {
        "large": {
          "url": "https://img2.doubanio.com\/view\/photo\/l\/public\/p2692149962.jpg",
          "width": 1600,
          "height": 900,
          "size": 0
        },
        "raw": null,
        "small": {
          "url": "https://img2.doubanio.com\/view\/photo\/s\/public\/p2692149962.jpg",
          "width": 600,
          "height": 337,
          "size": 0
        },
        "is_animated": false,
        "normal": {
          "url": "https://img2.doubanio.com\/view\/photo\/m\/public\/p2692149962.jpg",
          "width": 600,
          "height": 337,
          "size": 0
        }
      },
      "create_time": "2021-10-08 01:33:27",
      "url": "https:\/\/movie.douban.com\/photos\/photo\/2692149962\/",
      "collections_count": 0,
      "reshares_count": 0,
      "id": "2692149962",
      "author": {
        "loc": null,
        "kind": "user",
        "name": "不安的传说",
        "url": "https:\/\/www.douban.com\/people\/4044848\/",
        "id": "4044848",
        "reg_time": "2009-04-22 20:01:14",
        "uri": "douban:\/\/douban.com\/user\/4044848",
        "avatar": "https://img1.doubanio.com\/icon\/up4044848-8.jpg",
        "is_club": false,
        "type": "user",
        "avatar_side_icon": "",
        "uid": "4044848"
      },
      "is_collected": false,
      "type": "photo",
      "owner_uri": "douban:\/\/douban.com\/movie\/25845392",
      "status": null,
      "reaction_type": 0,
      "description": "",
      "sharing_url": "https:\/\/www.douban.com\/doubanapp\/dispatch?uri=\/photo\/2692149962\/",
      "likers_count": 0,
      "reply_limit": "A",
      "uri": "douban:\/\/douban.com\/photo\/2692149962",
      "subtype": "photo",
      "reactions_count": 0,
      "comments_count": 0,
      "position": 85
    },
    {
      "read_count": 7,
      "image": {
        "large": {
          "url": "https://img2.doubanio.com\/view\/photo\/l\/public\/p2692149961.jpg",
          "width": 1600,
          "height": 900,
          "size": 0
        },
        "raw": null,
        "small": {
          "url": "https://img2.doubanio.com\/view\/photo\/s\/public\/p2692149961.jpg",
          "width": 600,
          "height": 337,
          "size": 0
        },
        "is_animated": false,
        "normal": {
          "url": "https://img2.doubanio.com\/view\/photo\/m\/public\/p2692149961.jpg",
          "width": 600,
          "height": 337,
          "size": 0
        }
      },
      "create_time": "2021-10-08 01:33:27",
      "url": "https:\/\/movie.douban.com\/photos\/photo\/2692149961\/",
      "collections_count": 0,
      "reshares_count": 0,
      "id": "2692149961",
      "author": {
        "loc": null,
        "kind": "user",
        "name": "不安的传说",
        "url": "https:\/\/www.douban.com\/people\/4044848\/",
        "id": "4044848",
        "reg_time": "2009-04-22 20:01:14",
        "uri": "douban:\/\/douban.com\/user\/4044848",
        "avatar": "https://img1.doubanio.com\/icon\/up4044848-8.jpg",
        "is_club": false,
        "type": "user",
        "avatar_side_icon": "",
        "uid": "4044848"
      },
      "is_collected": false,
      "type": "photo",
      "owner_uri": "douban:\/\/douban.com\/movie\/25845392",
      "status": null,
      "reaction_type": 0,
      "description": "",
      "sharing_url": "https:\/\/www.douban.com\/doubanapp\/dispatch?uri=\/photo\/2692149961\/",
      "likers_count": 0,
      "reply_limit": "A",
      "uri": "douban:\/\/douban.com\/photo\/2692149961",
      "subtype": "photo",
      "reactions_count": 0,
      "comments_count": 0,
      "position": 86
    },
    {
      "read_count": 59,
      "image": {
        "large": {
          "url": "https://img1.doubanio.com\/view\/photo\/l\/public\/p2692149959.jpg",
          "width": 1600,
          "height": 900,
          "size": 0
        },
        "raw": null,
        "small": {
          "url": "https://img1.doubanio.com\/view\/photo\/s\/public\/p2692149959.jpg",
          "width": 600,
          "height": 337,
          "size": 0
        },
        "is_animated": false,
        "normal": {
          "url": "https://img1.doubanio.com\/view\/photo\/m\/public\/p2692149959.jpg",
          "width": 600,
          "height": 337,
          "size": 0
        }
      },
      "create_time": "2021-10-08 01:33:27",
      "url": "https:\/\/movie.douban.com\/photos\/photo\/2692149959\/",
      "collections_count": 0,
      "reshares_count": 0,
      "id": "2692149959",
      "author": {
        "loc": null,
        "kind": "user",
        "name": "不安的传说",
        "url": "https:\/\/www.douban.com\/people\/4044848\/",
        "id": "4044848",
        "reg_time": "2009-04-22 20:01:14",
        "uri": "douban:\/\/douban.com\/user\/4044848",
        "avatar": "https://img1.doubanio.com\/icon\/up4044848-8.jpg",
        "is_club": false,
        "type": "user",
        "avatar_side_icon": "",
        "uid": "4044848"
      },
      "is_collected": false,
      "type": "photo",
      "owner_uri": "douban:\/\/douban.com\/movie\/25845392",
      "status": null,
      "reaction_type": 0,
      "description": "",
      "sharing_url": "https:\/\/www.douban.com\/doubanapp\/dispatch?uri=\/photo\/2692149959\/",
      "likers_count": 0,
      "reply_limit": "A",
      "uri": "douban:\/\/douban.com\/photo\/2692149959",
      "subtype": "photo",
      "reactions_count": 0,
      "comments_count": 0,
      "position": 87
    },
    {
      "read_count": 53,
      "image": {
        "large": {
          "url": "https://img1.doubanio.com\/view\/photo\/l\/public\/p2692149809.jpg",
          "width": 1600,
          "height": 900,
          "size": 0
        },
        "raw": null,
        "small": {
          "url": "https://img1.doubanio.com\/view\/photo\/s\/public\/p2692149809.jpg",
          "width": 600,
          "height": 337,
          "size": 0
        },
        "is_animated": false,
        "normal": {
          "url": "https://img1.doubanio.com\/view\/photo\/m\/public\/p2692149809.jpg",
          "width": 600,
          "height": 337,
          "size": 0
        }
      },
      "create_time": "2021-10-08 01:33:11",
      "url": "https:\/\/movie.douban.com\/photos\/photo\/2692149809\/",
      "collections_count": 0,
      "reshares_count": 0,
      "id": "2692149809",
      "author": {
        "loc": null,
        "kind": "user",
        "name": "不安的传说",
        "url": "https:\/\/www.douban.com\/people\/4044848\/",
        "id": "4044848",
        "reg_time": "2009-04-22 20:01:14",
        "uri": "douban:\/\/douban.com\/user\/4044848",
        "avatar": "https://img1.doubanio.com\/icon\/up4044848-8.jpg",
        "is_club": false,
        "type": "user",
        "avatar_side_icon": "",
        "uid": "4044848"
      },
      "is_collected": false,
      "type": "photo",
      "owner_uri": "douban:\/\/douban.com\/movie\/25845392",
      "status": null,
      "reaction_type": 0,
      "description": "",
      "sharing_url": "https:\/\/www.douban.com\/doubanapp\/dispatch?uri=\/photo\/2692149809\/",
      "likers_count": 0,
      "reply_limit": "A",
      "uri": "douban:\/\/douban.com\/photo\/2692149809",
      "subtype": "photo",
      "reactions_count": 0,
      "comments_count": 0,
      "position": 88
    },
    {
      "read_count": 10,
      "image": {
        "large": {
          "url": "https://img1.doubanio.com\/view\/photo\/l\/public\/p2692149807.jpg",
          "width": 1600,
          "height": 900,
          "size": 0
        },
        "raw": null,
        "small": {
          "url": "https://img1.doubanio.com\/view\/photo\/s\/public\/p2692149807.jpg",
          "width": 600,
          "height": 337,
          "size": 0
        },
        "is_animated": false,
        "normal": {
          "url": "https://img1.doubanio.com\/view\/photo\/m\/public\/p2692149807.jpg",
          "width": 600,
          "height": 337,
          "size": 0
        }
      },
      "create_time": "2021-10-08 01:33:10",
      "url": "https:\/\/movie.douban.com\/photos\/photo\/2692149807\/",
      "collections_count": 0,
      "reshares_count": 0,
      "id": "2692149807",
      "author": {
        "loc": null,
        "kind": "user",
        "name": "不安的传说",
        "url": "https:\/\/www.douban.com\/people\/4044848\/",
        "id": "4044848",
        "reg_time": "2009-04-22 20:01:14",
        "uri": "douban:\/\/douban.com\/user\/4044848",
        "avatar": "https://img1.doubanio.com\/icon\/up4044848-8.jpg",
        "is_club": false,
        "type": "user",
        "avatar_side_icon": "",
        "uid": "4044848"
      },
      "is_collected": false,
      "type": "photo",
      "owner_uri": "douban:\/\/douban.com\/movie\/25845392",
      "status": null,
      "reaction_type": 0,
      "description": "",
      "sharing_url": "https:\/\/www.douban.com\/doubanapp\/dispatch?uri=\/photo\/2692149807\/",
      "likers_count": 0,
      "reply_limit": "A",
      "uri": "douban:\/\/douban.com\/photo\/2692149807",
      "subtype": "photo",
      "reactions_count": 0,
      "comments_count": 0,
      "position": 89
    },
    {
      "read_count": 48,
      "image": {
        "large": {
          "url": "https://img9.doubanio.com\/view\/photo\/l\/public\/p2692149804.jpg",
          "width": 1600,
          "height": 900,
          "size": 0
        },
        "raw": null,
        "small": {
          "url": "https://img9.doubanio.com\/view\/photo\/s\/public\/p2692149804.jpg",
          "width": 600,
          "height": 337,
          "size": 0
        },
        "is_animated": false,
        "normal": {
          "url": "https://img9.doubanio.com\/view\/photo\/m\/public\/p2692149804.jpg",
          "width": 600,
          "height": 337,
          "size": 0
        }
      },
      "create_time": "2021-10-08 01:33:10",
      "url": "https:\/\/movie.douban.com\/photos\/photo\/2692149804\/",
      "collections_count": 0,
      "reshares_count": 0,
      "id": "2692149804",
      "author": {
        "loc": null,
        "kind": "user",
        "name": "不安的传说",
        "url": "https:\/\/www.douban.com\/people\/4044848\/",
        "id": "4044848",
        "reg_time": "2009-04-22 20:01:14",
        "uri": "douban:\/\/douban.com\/user\/4044848",
        "avatar": "https://img1.doubanio.com\/icon\/up4044848-8.jpg",
        "is_club": false,
        "type": "user",
        "avatar_side_icon": "",
        "uid": "4044848"
      },
      "is_collected": false,
      "type": "photo",
      "owner_uri": "douban:\/\/douban.com\/movie\/25845392",
      "status": null,
      "reaction_type": 0,
      "description": "",
      "sharing_url": "https:\/\/www.douban.com\/doubanapp\/dispatch?uri=\/photo\/2692149804\/",
      "likers_count": 0,
      "reply_limit": "A",
      "uri": "douban:\/\/douban.com\/photo\/2692149804",
      "subtype": "photo",
      "reactions_count": 0,
      "comments_count": 0,
      "position": 90
    },
    {
      "read_count": 73,
      "image": {
        "large": {
          "url": "https://img2.doubanio.com\/view\/photo\/l\/public\/p2692149803.jpg",
          "width": 1600,
          "height": 900,
          "size": 0
        },
        "raw": null,
        "small": {
          "url": "https://img2.doubanio.com\/view\/photo\/s\/public\/p2692149803.jpg",
          "width": 600,
          "height": 337,
          "size": 0
        },
        "is_animated": false,
        "normal": {
          "url": "https://img2.doubanio.com\/view\/photo\/m\/public\/p2692149803.jpg",
          "width": 600,
          "height": 337,
          "size": 0
        }
      },
      "create_time": "2021-10-08 01:33:10",
      "url": "https:\/\/movie.douban.com\/photos\/photo\/2692149803\/",
      "collections_count": 0,
      "reshares_count": 0,
      "id": "2692149803",
      "author": {
        "loc": null,
        "kind": "user",
        "name": "不安的传说",
        "url": "https:\/\/www.douban.com\/people\/4044848\/",
        "id": "4044848",
        "reg_time": "2009-04-22 20:01:14",
        "uri": "douban:\/\/douban.com\/user\/4044848",
        "avatar": "https://img1.doubanio.com\/icon\/up4044848-8.jpg",
        "is_club": false,
        "type": "user",
        "avatar_side_icon": "",
        "uid": "4044848"
      },
      "is_collected": false,
      "type": "photo",
      "owner_uri": "douban:\/\/douban.com\/movie\/25845392",
      "status": null,
      "reaction_type": 0,
      "description": "",
      "sharing_url": "https:\/\/www.douban.com\/doubanapp\/dispatch?uri=\/photo\/2692149803\/",
      "likers_count": 0,
      "reply_limit": "A",
      "uri": "douban:\/\/douban.com\/photo\/2692149803",
      "subtype": "photo",
      "reactions_count": 0,
      "comments_count": 0,
      "position": 91
    }
  ],
  "w": 23,
  "total": 389,
  "start": 160
}