{
  "count": 18,
  "c": 138,
  "f": 13,
  "o": 88,
  "n": 127,
  "photos": [
    {
      "read_count": 32,
      "image": {
        "large": {
          "url": "https://img1.doubanio.com\/view\/photo\/l\/public\/p2692151209.jpg",
          "width": 1600,
          "height": 843,
          "size": 0
        },
        "raw": null,
        "small": {
          "url": "https://img1.doubanio.com\/view\/photo\/s\/public\/p2692151209.jpg",
          "width": 600,
          "height": 316,
          "size": 0
        },
        "is_animated": false,
        "normal": {
          "url": "https://img1.doubanio.com\/view\/photo\/m\/public\/p2692151209.jpg",
          "width": 600,
          "height": 316,
          "size": 0
        }
      },
      "create_time": "2021-10-08 01:35:35",
      "url": "https:\/\/movie.douban.com\/photos\/photo\/2692151209\/",
      "collections_count": 0,
      "reshares_count": 0,
      "id": "2692151209",
      "author": {
        "loc": null,
        "kind": "user",
        "name": "不安的传说",
        "url": "https:\/\/www.douban.com\/people\/4044848\/",
        "id": "4044848",
        "reg_time": "2009-04-22 20:01:14",
        "uri": "douban:\/\/douban.com\/user\/4044848",
        "avatar": "https://img1.doubanio.com\/icon\/up4044848-8.jpg",
        "is_club": false,
        "type": "user",
        "avatar_side_icon": "",
        "uid": "4044848"
      },
      "is_collected": false,
      "type": "photo",
      "owner_uri": "douban:\/\/douban.com\/movie\/25845392",
      "status": null,
      "reaction_type": 0,
      "description": "",
      "sharing_url": "https:\/\/www.douban.com\/doubanapp\/dispatch?uri=\/photo\/2692151209\/",
      "likers_count": 0,
      "reply_limit": "A",
      "uri": "douban:\/\/douban.com\/photo\/2692151209",
      "subtype": "photo",
      "reactions_count": 0,
      "comments_count": 0,
      "position": 31
    },
    {
      "read_count": 20,
      "image": {
        "large": {
          "url": "https://img1.doubanio.com\/view\/photo\/l\/public\/p2692151208.jpg",
          "width": 1600,
          "height": 843,
          "size": 0
        },
        "raw": null,
        "small": {
          "url": "https://img1.doubanio.com\/view\/photo\/s\/public\/p2692151208.jpg",
          "width": 600,
          "height": 316,
          "size": 0
        },
        "is_animated": false,
        "normal": {
          "url": "https://img1.doubanio.com\/view\/photo\/m\/public\/p2692151208.jpg",
          "width": 600,
          "height": 316,
          "size": 0
        }
      },
      "create_time": "2021-10-08 01:35:35",
      "url": "https:\/\/movie.douban.com\/photos\/photo\/2692151208\/",
      "collections_count": 0,
      "reshares_count": 0,
      "id": "2692151208",
      "author": {
        "loc": null,
        "kind": "user",
        "name": "不安的传说",
        "url": "https:\/\/www.douban.com\/people\/4044848\/",
        "id": "4044848",
        "reg_time": "2009-04-22 20:01:14",
        "uri": "douban:\/\/douban.com\/user\/4044848",
        "avatar": "https://img1.doubanio.com\/icon\/up4044848-8.jpg",
        "is_club": false,
        "type": "user",
        "avatar_side_icon": "",
        "uid": "4044848"
      },
      "is_collected": false,
      "type": "photo",
      "owner_uri": "douban:\/\/douban.com\/movie\/25845392",
      "status": null,
      "reaction_type": 0,
      "description": "",
      "sharing_url": "https:\/\/www.douban.com\/doubanapp\/dispatch?uri=\/photo\/2692151208\/",
      "likers_count": 0,
      "reply_limit": "A",
      "uri": "douban:\/\/douban.com\/photo\/2692151208",
      "subtype": "photo",
      "reactions_count": 0,
      "comments_count": 0,
      "position": 32
    },
    {
      "read_count": 69,
      "image": {
        "large": {
          "url": "https://img1.doubanio.com\/view\/photo\/l\/public\/p2692151207.jpg",
          "width": 1600,
          "height": 843,
          "size": 0
        },
        "raw": null,
        "small": {
          "url": "https://img1.doubanio.com\/view\/photo\/s\/public\/p2692151207.jpg",
          "width": 600,
          "height": 316,
          "size": 0
        },
        "is_animated": false,
        "normal": {
          "url": "https://img1.doubanio.com\/view\/photo\/m\/public\/p2692151207.jpg",
          "width": 600,
          "height": 316,
          "size": 0
        }
      },
      "create_time": "2021-10-08 01:35:35",
      "url": "https:\/\/movie.douban.com\/photos\/photo\/2692151207\/",
      "collections_count": 0,
      "reshares_count": 0,
      "id": "2692151207",
      "author": {
        "loc": null,
        "kind": "user",
        "name": "不安的传说",
        "url": "https:\/\/www.douban.com\/people\/4044848\/",
        "id": "4044848",
        "reg_time": "2009-04-22 20:01:14",
        "uri": "douban:\/\/douban.com\/user\/4044848",
        "avatar": "https://img1.doubanio.com\/icon\/up4044848-8.jpg",
        "is_club": false,
        "type": "user",
        "avatar_side_icon": "",
        "uid": "4044848"
      },
      "is_collected": false,
      "type": "photo",
      "owner_uri": "douban:\/\/douban.com\/movie\/25845392",
      "status": null,
      "reaction_type": 0,
      "description": "",
      "sharing_url": "https:\/\/www.douban.com\/doubanapp\/dispatch?uri=\/photo\/2692151207\/",
      "likers_count": 0,
      "reply_limit": "A",
      "uri": "douban:\/\/douban.com\/photo\/2692151207",
      "subtype": "photo",
      "reactions_count": 0,
      "comments_count": 0,
      "position": 33
    },
    {
      "read_count": 118,
      "image": {
        "large": {
          "url": "https://img2.doubanio.com\/view\/photo\/l\/public\/p2692151033.jpg",
          "width": 1600,
          "height": 843,
          "size": 0
        },
        "raw": null,
        "small": {
          "url": "https://img2.doubanio.com\/view\/photo\/s\/public\/p2692151033.jpg",
          "width": 600,
          "height": 316,
          "size": 0
        },
        "is_animated": false,
        "normal": {
          "url": "https://img2.doubanio.com\/view\/photo\/m\/public\/p2692151033.jpg",
          "width": 600,
          "height": 316,
          "size": 0
        }
      },
      "create_time": "2021-10-08 01:35:16",
      "url": "https:\/\/movie.douban.com\/photos\/photo\/2692151033\/",
      "collections_count": 0,
      "reshares_count": 0,
      "id": "2692151033",
      "author": {
        "loc": null,
        "kind": "user",
        "name": "不安的传说",
        "url": "https:\/\/www.douban.com\/people\/4044848\/",
        "id": "4044848",
        "reg_time": "2009-04-22 20:01:14",
        "uri": "douban:\/\/douban.com\/user\/4044848",
        "avatar": "https://img1.doubanio.com\/icon\/up4044848-8.jpg",
        "is_club": false,
        "type": "user",
        "avatar_side_icon": "",
        "uid": "4044848"
      },
      "is_collected": false,
      "type": "photo",
      "owner_uri": "douban:\/\/douban.com\/movie\/25845392",
      "status": null,
      "reaction_type": 0,
      "description": "",
      "sharing_url": "https:\/\/www.douban.com\/doubanapp\/dispatch?uri=\/photo\/2692151033\/",
      "likers_count": 0,
      "reply_limit": "A",
      "uri": "douban:\/\/douban.com\/photo\/2692151033",
      "subtype": "photo",
      "reactions_count": 0,
      "comments_count": 0,
      "position": 34
    },
    {
      "read_count": 58,
      "image": {
        "large": {
          "url": "https://img2.doubanio.com\/view\/photo\/l\/public\/p2692151032.jpg",
          "width": 1600,
          "height": 843,
          "size": 0
        },
        "raw": null,
        "small": {
          "url": "https://img2.doubanio.com\/view\/photo\/s\/public\/p2692151032.jpg",
          "width": 600,
          "height": 316,
          "size": 0
        },
        "is_animated": false,
        "normal": {
          "url": "https://img2.doubanio.com\/view\/photo\/m\/public\/p2692151032.jpg",
          "width": 600,
          "height": 316,
          "size": 0
        }
      },
      "create_time": "2021-10-08 01:35:16",
      "url": "https:\/\/movie.douban.com\/photos\/photo\/2692151032\/",
      "collections_count": 0,
      "reshares_count": 0,
      "id": "2692151032",
      "author": {
        "loc": null,
        "kind": "user",
        "name": "不安的传说",
        "url": "https:\/\/www.douban.com\/people\/4044848\/",
        "id": "4044848",
        "reg_time": "2009-04-22 20:01:14",
        "uri": "douban:\/\/douban.com\/user\/4044848",
        "avatar": "https://img1.doubanio.com\/icon\/up4044848-8.jpg",
        "is_club": false,
        "type": "user",
        "avatar_side_icon": "",
        "uid": "4044848"
      },
      "is_collected": false,
      "type": "photo",
      "owner_uri": "douban:\/\/douban.com\/movie\/25845392",
      "status": null,
      "reaction_type": 0,
      "description": "",
      "sharing_url": "https:\/\/www.douban.com\/doubanapp\/dispatch?uri=\/photo\/2692151032\/",
      "likers_count": 0,
      "reply_limit": "A",
      "uri": "douban:\/\/douban.com\/photo\/2692151032",
      "subtype": "photo",
      "reactions_count": 0,
      "comments_count": 0,
      "position": 35
    },
    {
      "read_count": 33,
      "image": {
        "large": {
          "url": "https://img2.doubanio.com\/view\/photo\/l\/public\/p2692151031.jpg",
          "width": 1600,
          "height": 843,
          "size": 0
        },
        "raw": null,
        "small": {
          "url": "https://img2.doubanio.com\/view\/photo\/s\/public\/p2692151031.jpg",
          "width": 600,
          "height": 316,
          "size": 0
        },
        "is_animated": false,
        "normal": {
          "url": "https://img2.doubanio.com\/view\/photo\/m\/public\/p2692151031.jpg",
          "width": 600,
          "height": 316,
          "size": 0
        }
      },
      "create_time": "2021-10-08 01:35:16",
      "url": "https:\/\/movie.douban.com\/photos\/photo\/2692151031\/",
      "collections_count": 0,
      "reshares_count": 0,
      "id": "2692151031",
      "author": {
        "loc": null,
        "kind": "user",
        "name": "不安的传说",
        "url": "https:\/\/www.douban.com\/people\/4044848\/",
        "id": "4044848",
        "reg_time": "2009-04-22 20:01:14",
        "uri": "douban:\/\/douban.com\/user\/4044848",
        "avatar": "https://img1.doubanio.com\/icon\/up4044848-8.jpg",
        "is_club": false,
        "type": "user",
        "avatar_side_icon": "",
        "uid": "4044848"
      },
      "is_collected": false,
      "type": "photo",
      "owner_uri": "douban:\/\/douban.com\/movie\/25845392",
      "status": null,
      "reaction_type": 0,
      "description": "",
      "sharing_url": "https:\/\/www.douban.com\/doubanapp\/dispatch?uri=\/photo\/2692151031\/",
      "likers_count": 0,
      "reply_limit": "A",
      "uri": "douban:\/\/douban.com\/photo\/2692151031",
      "subtype": "photo",
      "reactions_count": 0,
      "comments_count": 0,
      "position": 36
    },
    {
      "read_count": 76,
      "image": {
        "large": {
          "url": "https://img3.doubanio.com\/view\/photo\/l\/public\/p2692151030.jpg",
          "width": 1600,
          "height": 843,
          "size": 0
        },
        "raw": null,
        "small": {
          "url": "https://img3.doubanio.com\/view\/photo\/s\/public\/p2692151030.jpg",
          "width": 600,
          "height": 316,
          "size": 0
        },
        "is_animated": false,
        "normal": {
          "url": "https://img3.doubanio.com\/view\/photo\/m\/public\/p2692151030.jpg",
          "width": 600,
          "height": 316,
          "size": 0
        }
      },
      "create_time": "2021-10-08 01:35:17",
      "url": "https:\/\/movie.douban.com\/photos\/photo\/2692151030\/",
      "collections_count": 0,
      "reshares_count": 0,
      "id": "2692151030",
      "author": {
        "loc": null,
        "kind": "user",
        "name": "不安的传说",
        "url": "https:\/\/www.douban.com\/people\/4044848\/",
        "id": "4044848",
        "reg_time": "2009-04-22 20:01:14",
        "uri": "douban:\/\/douban.com\/user\/4044848",
        "avatar": "https://img1.doubanio.com\/icon\/up4044848-8.jpg",
        "is_club": false,
        "type": "user",
        "avatar_side_icon": "",
        "uid": "4044848"
      },
      "is_collected": false,
      "type": "photo",
      "owner_uri": "douban:\/\/douban.com\/movie\/25845392",
      "status": null,
      "reaction_type": 0,
      "description": "",
      "sharing_url": "https:\/\/www.douban.com\/doubanapp\/dispatch?uri=\/photo\/2692151030\/",
      "likers_count": 0,
      "reply_limit": "A",
      "uri": "douban:\/\/douban.com\/photo\/2692151030",
      "subtype": "photo",
      "reactions_count": 0,
      "comments_count": 0,
      "position": 37
    },
    {
      "read_count": 28,
      "image": {
        "large": {
          "url": "https://img1.doubanio.com\/view\/photo\/l\/public\/p2692151028.jpg",
          "width": 1600,
          "height": 843,
          "size": 0
        },
        "raw": null,
        "small": {
          "url": "https://img1.doubanio.com\/view\/photo\/s\/public\/p2692151028.jpg",
          "width": 600,
          "height": 316,
          "size": 0
        },
        "is_animated": false,
        "normal": {
          "url": "https://img1.doubanio.com\/view\/photo\/m\/public\/p2692151028.jpg",
          "width": 600,
          "height": 316,
          "size": 0
        }
      },
      "create_time": "2021-10-08 01:35:16",
      "url": "https:\/\/movie.douban.com\/photos\/photo\/2692151028\/",
      "collections_count": 0,
      "reshares_count": 0,
      "id": "2692151028",
      "author": {
        "loc": null,
        "kind": "user",
        "name": "不安的传说",
        "url": "https:\/\/www.douban.com\/people\/4044848\/",
        "id": "4044848",
        "reg_time": "2009-04-22 20:01:14",
        "uri": "douban:\/\/douban.com\/user\/4044848",
        "avatar": "https://img1.doubanio.com\/icon\/up4044848-8.jpg",
        "is_club": false,
        "type": "user",
        "avatar_side_icon": "",
        "uid": "4044848"
      },
      "is_collected": false,
      "type": "photo",
      "owner_uri": "douban:\/\/douban.com\/movie\/25845392",
      "status": null,
      "reaction_type": 0,
      "description": "",
      "sharing_url": "https:\/\/www.douban.com\/doubanapp\/dispatch?uri=\/photo\/2692151028\/",
      "likers_count": 0,
      "reply_limit": "A",
      "uri": "douban:\/\/douban.com\/photo\/2692151028",
      "subtype": "photo",
      "reactions_count": 0,
      "comments_count": 0,
      "position": 39
    },
    {
      "read_count": 51,
      "image": {
        "large": {
          "url": "https://img1.doubanio.com\/view\/photo\/l\/public\/p2692150838.jpg",
          "width": 1600,
          "height": 843,
          "size": 0
        },
        "raw": null,
        "small": {
          "url": "https://img1.doubanio.com\/view\/photo\/s\/public\/p2692150838.jpg",
          "width": 600,
          "height": 316,
          "size": 0
        },
        "is_animated": false,
        "normal": {
          "url": "https://img1.doubanio.com\/view\/photo\/m\/public\/p2692150838.jpg",
          "width": 600,
          "height": 316,
          "size": 0
        }
      },
      "create_time": "2021-10-08 01:34:56",
      "url": "https:\/\/movie.douban.com\/photos\/photo\/2692150838\/",
      "collections_count": 0,
      "reshares_count": 0,
      "id": "2692150838",
      "author": {
        "loc": null,
        "kind": "user",
        "name": "不安的传说",
        "url": "https:\/\/www.douban.com\/people\/4044848\/",
        "id": "4044848",
        "reg_time": "2009-04-22 20:01:14",
        "uri": "douban:\/\/douban.com\/user\/4044848",
        "avatar": "https://img1.doubanio.com\/icon\/up4044848-8.jpg",
        "is_club": false,
        "type": "user",
        "avatar_side_icon": "",
        "uid": "4044848"
      },
      "is_collected": false,
      "type": "photo",
      "owner_uri": "douban:\/\/douban.com\/movie\/25845392",
      "status": null,
      "reaction_type": 0,
      "description": "",
      "sharing_url": "https:\/\/www.douban.com\/doubanapp\/dispatch?uri=\/photo\/2692150838\/",
      "likers_count": 0,
      "reply_limit": "A",
      "uri": "douban:\/\/douban.com\/photo\/2692150838",
      "subtype": "photo",
      "reactions_count": 0,
      "comments_count": 0,
      "position": 40
    },
    {
      "read_count": 117,
      "image": {
        "large": {
          "url": "https://img1.doubanio.com\/view\/photo\/l\/public\/p2692150837.jpg",
          "width": 1600,
          "height": 843,
          "size": 0
        },
        "raw": null,
        "small": {
          "url": "https://img1.doubanio.com\/view\/photo\/s\/public\/p2692150837.jpg",
          "width": 600,
          "height": 316,
          "size": 0
        },
        "is_animated": false,
        "normal": {
          "url": "https://img1.doubanio.com\/view\/photo\/m\/public\/p2692150837.jpg",
          "width": 600,
          "height": 316,
          "size": 0
        }
      },
      "create_time": "2021-10-08 01:34:56",
      "url": "https:\/\/movie.douban.com\/photos\/photo\/2692150837\/",
      "collections_count": 0,
      "reshares_count": 0,
      "id": "2692150837",
      "author": {
        "loc": null,
        "kind": "user",
        "name": "不安的传说",
        "url": "https:\/\/www.douban.com\/people\/4044848\/",
        "id": "4044848",
        "reg_time": "2009-04-22 20:01:14",
        "uri": "douban:\/\/douban.com\/user\/4044848",
        "avatar": "https://img1.doubanio.com\/icon\/up4044848-8.jpg",
        "is_club": false,
        "type": "user",
        "avatar_side_icon": "",
        "uid": "4044848"
      },
      "is_collected": false,
      "type": "photo",
      "owner_uri": "douban:\/\/douban.com\/movie\/25845392",
      "status": null,
      "reaction_type": 0,
      "description": "",
      "sharing_url": "https:\/\/www.douban.com\/doubanapp\/dispatch?uri=\/photo\/2692150837\/",
      "likers_count": 0,
      "reply_limit": "A",
      "uri": "douban:\/\/douban.com\/photo\/2692150837",
      "subtype": "photo",
      "reactions_count": 0,
      "comments_count": 0,
      "position": 41
    },
    {
      "read_count": 151,
      "image": {
        "large": {
          "url": "https://img2.doubanio.com\/view\/photo\/l\/public\/p2692150833.jpg",
          "width": 1600,
          "height": 843,
          "size": 0
        },
        "raw": null,
        "small": {
          "url": "https://img2.doubanio.com\/view\/photo\/s\/public\/p2692150833.jpg",
          "width": 600,
          "height": 316,
          "size": 0
        },
        "is_animated": false,
        "normal": {
          "url": "https://img2.doubanio.com\/view\/photo\/m\/public\/p2692150833.jpg",
          "width": 600,
          "height": 316,
          "size": 0
        }
      },
      "create_time": "2021-10-08 01:34:55",
      "url": "https:\/\/movie.douban.com\/photos\/photo\/2692150833\/",
      "collections_count": 0,
      "reshares_count": 0,
      "id": "2692150833",
      "author": {
        "loc": null,
        "kind": "user",
        "name": "不安的传说",
        "url": "https:\/\/www.douban.com\/people\/4044848\/",
        "id": "4044848",
        "reg_time": "2009-04-22 20:01:14",
        "uri": "douban:\/\/douban.com\/user\/4044848",
        "avatar": "https://img1.doubanio.com\/icon\/up4044848-8.jpg",
        "is_club": false,
        "type": "user",
        "avatar_side_icon": "",
        "uid": "4044848"
      },
      "is_collected": false,
      "type": "photo",
      "owner_uri": "douban:\/\/douban.com\/movie\/25845392",
      "status": null,
      "reaction_type": 0,
      "description": "",
      "sharing_url": "https:\/\/www.douban.com\/doubanapp\/dispatch?uri=\/photo\/2692150833\/",
      "likers_count": 0,
      "reply_limit": "A",
      "uri": "douban:\/\/douban.com\/photo\/2692150833",
      "subtype": "photo",
      "reactions_count": 0,
      "comments_count": 0,
      "position": 42
    },
    {
      "read_count": 19,
      "image": {
        "large": {
          "url": "https://img2.doubanio.com\/view\/photo\/l\/public\/p2692150832.jpg",
          "width": 1600,
          "height": 843,
          "size": 0
        },
        "raw": null,
        "small": {
          "url": "https://img2.doubanio.com\/view\/photo\/s\/public\/p2692150832.jpg",
          "width": 600,
          "height": 316,
          "size": 0
        },
        "is_animated": false,
        "normal": {
          "url": "https://img2.doubanio.com\/view\/photo\/m\/public\/p2692150832.jpg",
          "width": 600,
          "height": 316,
          "size": 0
        }
      },
      "create_time": "2021-10-08 01:34:55",
      "url": "https:\/\/movie.douban.com\/photos\/photo\/2692150832\/",
      "collections_count": 0,
      "reshares_count": 0,
      "id": "2692150832",
      "author": {
        "loc": null,
        "kind": "user",
        "name": "不安的传说",
        "url": "https:\/\/www.douban.com\/people\/4044848\/",
        "id": "4044848",
        "reg_time": "2009-04-22 20:01:14",
        "uri": "douban:\/\/douban.com\/user\/4044848",
        "avatar": "https://img1.doubanio.com\/icon\/up4044848-8.jpg",
        "is_club": false,
        "type": "user",
        "avatar_side_icon": "",
        "uid": "4044848"
      },
      "is_collected": false,
      "type": "photo",
      "owner_uri": "douban:\/\/douban.com\/movie\/25845392",
      "status": null,
      "reaction_type": 0,
      "description": "",
      "sharing_url": "https:\/\/www.douban.com\/doubanapp\/dispatch?uri=\/photo\/2692150832\/",
      "likers_count": 0,
      "reply_limit": "A",
      "uri": "douban:\/\/douban.com\/photo\/2692150832",
      "subtype": "photo",
      "reactions_count": 0,
      "comments_count": 0,
      "position": 43
    },
    {
      "read_count": 87,
      "image": {
        "large": {
          "url": "https://img2.doubanio.com\/view\/photo\/l\/public\/p2692150831.jpg",
          "width": 1600,
          "height": 843,
          "size": 0
        },
        "raw": null,
        "small": {
          "url": "https://img2.doubanio.com\/view\/photo\/s\/public\/p2692150831.jpg",
          "width": 600,
          "height": 316,
          "size": 0
        },
        "is_animated": false,
        "normal": {
          "url": "https://img2.doubanio.com\/view\/photo\/m\/public\/p2692150831.jpg",
          "width": 600,
          "height": 316,
          "size": 0
        }
      },
      "create_time": "2021-10-08 01:34:55",
      "url": "https:\/\/movie.douban.com\/photos\/photo\/2692150831\/",
      "collections_count": 0,
      "reshares_count": 0,
      "id": "2692150831",
      "author": {
        "loc": null,
        "kind": "user",
        "name": "不安的传说",
        "url": "https:\/\/www.douban.com\/people\/4044848\/",
        "id": "4044848",
        "reg_time": "2009-04-22 20:01:14",
        "uri": "douban:\/\/douban.com\/user\/4044848",
        "avatar": "https://img1.doubanio.com\/icon\/up4044848-8.jpg",
        "is_club": false,
        "type": "user",
        "avatar_side_icon": "",
        "uid": "4044848"
      },
      "is_collected": false,
      "type": "photo",
      "owner_uri": "douban:\/\/douban.com\/movie\/25845392",
      "status": null,
      "reaction_type": 0,
      "description": "",
      "sharing_url": "https:\/\/www.douban.com\/doubanapp\/dispatch?uri=\/photo\/2692150831\/",
      "likers_count": 0,
      "reply_limit": "A",
      "uri": "douban:\/\/douban.com\/photo\/2692150831",
      "subtype": "photo",
      "reactions_count": 0,
      "comments_count": 0,
      "position": 44
    },
    {
      "read_count": 28,
      "image": {
        "large": {
          "url": "https://img1.doubanio.com\/view\/photo\/l\/public\/p2692150829.jpg",
          "width": 1600,
          "height": 843,
          "size": 0
        },
        "raw": null,
        "small": {
          "url": "https://img1.doubanio.com\/view\/photo\/s\/public\/p2692150829.jpg",
          "width": 600,
          "height": 316,
          "size": 0
        },
        "is_animated": false,
        "normal": {
          "url": "https://img1.doubanio.com\/view\/photo\/m\/public\/p2692150829.jpg",
          "width": 600,
          "height": 316,
          "size": 0
        }
      },
      "create_time": "2021-10-08 01:34:55",
      "url": "https:\/\/movie.douban.com\/photos\/photo\/2692150829\/",
      "collections_count": 0,
      "reshares_count": 0,
      "id": "2692150829",
      "author": {
        "loc": null,
        "kind": "user",
        "name": "不安的传说",
        "url": "https:\/\/www.douban.com\/people\/4044848\/",
        "id": "4044848",
        "reg_time": "2009-04-22 20:01:14",
        "uri": "douban:\/\/douban.com\/user\/4044848",
        "avatar": "https://img1.doubanio.com\/icon\/up4044848-8.jpg",
        "is_club": false,
        "type": "user",
        "avatar_side_icon": "",
        "uid": "4044848"
      },
      "is_collected": false,
      "type": "photo",
      "owner_uri": "douban:\/\/douban.com\/movie\/25845392",
      "status": null,
      "reaction_type": 0,
      "description": "",
      "sharing_url": "https:\/\/www.douban.com\/doubanapp\/dispatch?uri=\/photo\/2692150829\/",
      "likers_count": 0,
      "reply_limit": "A",
      "uri": "douban:\/\/douban.com\/photo\/2692150829",
      "subtype": "photo",
      "reactions_count": 0,
      "comments_count": 0,
      "position": 45
    },
    {
      "read_count": 19,
      "image": {
        "large": {
          "url": "https://img1.doubanio.com\/view\/photo\/l\/public\/p2692150828.jpg",
          "width": 1600,
          "height": 843,
          "size": 0
        },
        "raw": null,
        "small": {
          "url": "https://img1.doubanio.com\/view\/photo\/s\/public\/p2692150828.jpg",
          "width": 600,
          "height": 316,
          "size": 0
        },
        "is_animated": false,
        "normal": {
          "url": "https://img1.doubanio.com\/view\/photo\/m\/public\/p2692150828.jpg",
          "width": 600,
          "height": 316,
          "size": 0
        }
      },
      "create_time": "2021-10-08 01:34:55",
      "url": "https:\/\/movie.douban.com\/photos\/photo\/2692150828\/",
      "collections_count": 0,
      "reshares_count": 0,
      "id": "2692150828",
      "author": {
        "loc": null,
        "kind": "user",
        "name": "不安的传说",
        "url": "https:\/\/www.douban.com\/people\/4044848\/",
        "id": "4044848",
        "reg_time": "2009-04-22 20:01:14",
        "uri": "douban:\/\/douban.com\/user\/4044848",
        "avatar": "https://img1.doubanio.com\/icon\/up4044848-8.jpg",
        "is_club": false,
        "type": "user",
        "avatar_side_icon": "",
        "uid": "4044848"
      },
      "is_collected": false,
      "type": "photo",
      "owner_uri": "douban:\/\/douban.com\/movie\/25845392",
      "status": null,
      "reaction_type": 0,
      "description": "",
      "sharing_url": "https:\/\/www.douban.com\/doubanapp\/dispatch?uri=\/photo\/2692150828\/",
      "likers_count": 0,
      "reply_limit": "A",
      "uri": "douban:\/\/douban.com\/photo\/2692150828",
      "subtype": "photo",
      "reactions_count": 0,
      "comments_count": 0,
      "position": 46
    },
    {
      "read_count": 10,
      "image": {
        "large": {
          "url": "https://img1.doubanio.com\/view\/photo\/l\/public\/p2692150827.jpg",
          "width": 1600,
          "height": 843,
          "size": 0
        },
        "raw": null,
        "small": {
          "url": "https://img1.doubanio.com\/view\/photo\/s\/public\/p2692150827.jpg",
          "width": 600,
          "height": 316,
          "size": 0
        },
        "is_animated": false,
        "normal": {
          "url": "https://img1.doubanio.com\/view\/photo\/m\/public\/p2692150827.jpg",
          "width": 600,
          "height": 316,
          "size": 0
        }
      },
      "create_time": "2021-10-08 01:34:55",
      "url": "https:\/\/movie.douban.com\/photos\/photo\/2692150827\/",
      "collections_count": 0,
      "reshares_count": 0,
      "id": "2692150827",
      "author": {
        "loc": null,
        "kind": "user",
        "name": "不安的传说",
        "url": "https:\/\/www.douban.com\/people\/4044848\/",
        "id": "4044848",
        "reg_time": "2009-04-22 20:01:14",
        "uri": "douban:\/\/douban.com\/user\/4044848",
        "avatar": "https://img1.doubanio.com\/icon\/up4044848-8.jpg",
        "is_club": false,
        "type": "user",
        "avatar_side_icon": "",
        "uid": "4044848"
      },
      "is_collected": false,
      "type": "photo",
      "owner_uri": "douban:\/\/douban.com\/movie\/25845392",
      "status": null,
      "reaction_type": 0,
      "description": "",
      "sharing_url": "https:\/\/www.douban.com\/doubanapp\/dispatch?uri=\/photo\/2692150827\/",
      "likers_count": 0,
      "reply_limit": "A",
      "uri": "douban:\/\/douban.com\/photo\/2692150827",
      "subtype": "photo",
      "reactions_count": 0,
      "comments_count": 0,
      "position": 47
    },
    {
      "read_count": 66,
      "image": {
        "large": {
          "url": "https://img3.doubanio.com\/view\/photo\/l\/public\/p2692150690.jpg",
          "width": 1600,
          "height": 843,
          "size": 0
        },
        "raw": null,
        "small": {
          "url": "https://img3.doubanio.com\/view\/photo\/s\/public\/p2692150690.jpg",
          "width": 600,
          "height": 316,
          "size": 0
        },
        "is_animated": false,
        "normal": {
          "url": "https://img3.doubanio.com\/view\/photo\/m\/public\/p2692150690.jpg",
          "width": 600,
          "height": 316,
          "size": 0
        }
      },
      "create_time": "2021-10-08 01:34:41",
      "url": "https:\/\/movie.douban.com\/photos\/photo\/2692150690\/",
      "collections_count": 0,
      "reshares_count": 0,
      "id": "2692150690",
      "author": {
        "loc": null,
        "kind": "user",
        "name": "不安的传说",
        "url": "https:\/\/www.douban.com\/people\/4044848\/",
        "id": "4044848",
        "reg_time": "2009-04-22 20:01:14",
        "uri": "douban:\/\/douban.com\/user\/4044848",
        "avatar": "https://img1.doubanio.com\/icon\/up4044848-8.jpg",
        "is_club": false,
        "type": "user",
        "avatar_side_icon": "",
        "uid": "4044848"
      },
      "is_collected": false,
      "type": "photo",
      "owner_uri": "douban:\/\/douban.com\/movie\/25845392",
      "status": null,
      "reaction_type": 0,
      "description": "",
      "sharing_url": "https:\/\/www.douban.com\/doubanapp\/dispatch?uri=\/photo\/2692150690\/",
      "likers_count": 0,
      "reply_limit": "A",
      "uri": "douban:\/\/douban.com\/photo\/2692150690",
      "subtype": "photo",
      "reactions_count": 0,
      "comments_count": 0,
      "position": 48
    },
    {
      "read_count": 229,
      "image": {
        "large": {
          "url": "https://img1.doubanio.com\/view\/photo\/l\/public\/p2692150689.jpg",
          "width": 1600,
          "height": 843,
          "size": 0
        },
        "raw": null,
        "small": {
          "url": "https://img1.doubanio.com\/view\/photo\/s\/public\/p2692150689.jpg",
          "width": 600,
          "height": 316,
          "size": 0
        },
        "is_animated": false,
        "normal": {
          "url": "https://img1.doubanio.com\/view\/photo\/m\/public\/p2692150689.jpg",
          "width": 600,
          "height": 316,
          "size": 0
        }
      },
      "create_time": "2021-10-08 01:34:41",
      "url": "https:\/\/movie.douban.com\/photos\/photo\/2692150689\/",
      "collections_count": 0,
      "reshares_count": 0,
      "id": "2692150689",
      "author": {
        "loc": null,
        "kind": "user",
        "name": "不安的传说",
        "url": "https:\/\/www.douban.com\/people\/4044848\/",
        "id": "4044848",
        "reg_time": "2009-04-22 20:01:14",
        "uri": "douban:\/\/douban.com\/user\/4044848",
        "avatar": "https://img1.doubanio.com\/icon\/up4044848-8.jpg",
        "is_club": false,
        "type": "user",
        "avatar_side_icon": "",
        "uid": "4044848"
      },
      "is_collected": false,
      "type": "photo",
      "owner_uri": "douban:\/\/douban.com\/movie\/25845392",
      "status": null,
      "reaction_type": 0,
      "description": "",
      "sharing_url": "https:\/\/www.douban.com\/doubanapp\/dispatch?uri=\/photo\/2692150689\/",
      "likers_count": 0,
      "reply_limit": "A",
      "uri": "douban:\/\/douban.com\/photo\/2692150689",
      "subtype": "photo",
      "reactions_count": 0,
      "comments_count": 0,
      "position": 49
    }
  ],
  "w": 23,
  "total": 389,
  "start": 120
}