{
  "count": 18,
  "c": 138,
  "f": 13,
  "o": 88,
  "n": 127,
  "photos": [
    {
      "read_count": 81,
      "image": {
        "large": {
          "url": "https://img1.doubanio.com\/view\/photo\/l\/public\/p2692149799.jpg",
          "width": 1600,
          "height": 900,
          "size": 0
        },
        "raw": null,
        "small": {
          "url": "https://img1.doubanio.com\/view\/photo\/s\/public\/p2692149799.jpg",
          "width": 600,
          "height": 337,
          "size": 0
        },
        "is_animated": false,
        "normal": {
          "url": "https://img1.doubanio.com\/view\/photo\/m\/public\/p2692149799.jpg",
          "width": 600,
          "height": 337,
          "size": 0
        }
      },
      "create_time": "2021-10-08 01:33:10",
      "url": "https:\/\/movie.douban.com\/photos\/photo\/2692149799\/",
      "collections_count": 0,
      "reshares_count": 0,
      "id": "2692149799",
      "author": {
        "loc": null,
        "kind": "user",
        "name": "不安的传说",
        "url": "https:\/\/www.douban.com\/people\/4044848\/",
        "id": "4044848",
        "reg_time": "2009-04-22 20:01:14",
        "uri": "douban:\/\/douban.com\/user\/4044848",
        "avatar": "https://img1.doubanio.com\/icon\/up4044848-8.jpg",
        "is_club": false,
        "type": "user",
        "avatar_side_icon": "",
        "uid": "4044848"
      },
      "is_collected": false,
      "type": "photo",
      "owner_uri": "douban:\/\/douban.com\/movie\/25845392",
      "status": null,
      "reaction_type": 0,
      "description": "",
      "sharing_url": "https:\/\/www.douban.com\/doubanapp\/dispatch?uri=\/photo\/2692149799\/",
      "likers_count": 0,
      "reply_limit": "A",
      "uri": "douban:\/\/douban.com\/photo\/2692149799",
      "subtype": "photo",
      "reactions_count": 0,
      "comments_count": 0,
      "position": 94
    },
    {
      "read_count": 37,
      "image": {
        "large": {
          "url": "https://img1.doubanio.com\/view\/photo\/l\/public\/p2692149797.jpg",
          "width": 1600,
          "height": 900,
          "size": 0
        },
        "raw": null,
        "small": {
          "url": "https://img1.doubanio.com\/view\/photo\/s\/public\/p2692149797.jpg",
          "width": 600,
          "height": 337,
          "size": 0
        },
        "is_animated": false,
        "normal": {
          "url": "https://img1.doubanio.com\/view\/photo\/m\/public\/p2692149797.jpg",
          "width": 600,
          "height": 337,
          "size": 0
        }
      },
      "create_time": "2021-10-08 01:33:10",
      "url": "https:\/\/movie.douban.com\/photos\/photo\/2692149797\/",
      "collections_count": 0,
      "reshares_count": 0,
      "id": "2692149797",
      "author": {
        "loc": null,
        "kind": "user",
        "name": "不安的传说",
        "url": "https:\/\/www.douban.com\/people\/4044848\/",
        "id": "4044848",
        "reg_time": "2009-04-22 20:01:14",
        "uri": "douban:\/\/douban.com\/user\/4044848",
        "avatar": "https://img1.doubanio.com\/icon\/up4044848-8.jpg",
        "is_club": false,
        "type": "user",
        "avatar_side_icon": "",
        "uid": "4044848"
      },
      "is_collected": false,
      "type": "photo",
      "owner_uri": "douban:\/\/douban.com\/movie\/25845392",
      "status": null,
      "reaction_type": 0,
      "description": "",
      "sharing_url": "https:\/\/www.douban.com\/doubanapp\/dispatch?uri=\/photo\/2692149797\/",
      "likers_count": 0,
      "reply_limit": "A",
      "uri": "douban:\/\/douban.com\/photo\/2692149797",
      "subtype": "photo",
      "reactions_count": 0,
      "comments_count": 0,
      "position": 95
    },
    {
      "read_count": 35,
      "image": {
        "large": {
          "url": "https://img1.doubanio.com\/view\/photo\/l\/public\/p2692149657.jpg",
          "width": 1600,
          "height": 900,
          "size": 0
        },
        "raw": null,
        "small": {
          "url": "https://img1.doubanio.com\/view\/photo\/s\/public\/p2692149657.jpg",
          "width": 600,
          "height": 337,
          "size": 0
        },
        "is_animated": false,
        "normal": {
          "url": "https://img1.doubanio.com\/view\/photo\/m\/public\/p2692149657.jpg",
          "width": 600,
          "height": 337,
          "size": 0
        }
      },
      "create_time": "2021-10-08 01:32:54",
      "url": "https:\/\/movie.douban.com\/photos\/photo\/2692149657\/",
      "collections_count": 0,
      "reshares_count": 0,
      "id": "2692149657",
      "author": {
        "loc": null,
        "kind": "user",
        "name": "不安的传说",
        "url": "https:\/\/www.douban.com\/people\/4044848\/",
        "id": "4044848",
        "reg_time": "2009-04-22 20:01:14",
        "uri": "douban:\/\/douban.com\/user\/4044848",
        "avatar": "https://img1.doubanio.com\/icon\/up4044848-8.jpg",
        "is_club": false,
        "type": "user",
        "avatar_side_icon": "",
        "uid": "4044848"
      },
      "is_collected": false,
      "type": "photo",
      "owner_uri": "douban:\/\/douban.com\/movie\/25845392",
      "status": null,
      "reaction_type": 0,
      "description": "",
      "sharing_url": "https:\/\/www.douban.com\/doubanapp\/dispatch?uri=\/photo\/2692149657\/",
      "likers_count": 0,
      "reply_limit": "A",
      "uri": "douban:\/\/douban.com\/photo\/2692149657",
      "subtype": "photo",
      "reactions_count": 0,
      "comments_count": 0,
      "position": 96
    },
    {
      "read_count": 127,
      "image": {
        "large": {
          "url": "https://img9.doubanio.com\/view\/photo\/l\/public\/p2692149656.jpg",
          "width": 1600,
          "height": 900,
          "size": 0
        },
        "raw": null,
        "small": {
          "url": "https://img9.doubanio.com\/view\/photo\/s\/public\/p2692149656.jpg",
          "width": 600,
          "height": 337,
          "size": 0
        },
        "is_animated": false,
        "normal": {
          "url": "https://img9.doubanio.com\/view\/photo\/m\/public\/p2692149656.jpg",
          "width": 600,
          "height": 337,
          "size": 0
        }
      },
      "create_time": "2021-10-08 01:32:54",
      "url": "https:\/\/movie.douban.com\/photos\/photo\/2692149656\/",
      "collections_count": 0,
      "reshares_count": 0,
      "id": "2692149656",
      "author": {
        "loc": null,
        "kind": "user",
        "name": "不安的传说",
        "url": "https:\/\/www.douban.com\/people\/4044848\/",
        "id": "4044848",
        "reg_time": "2009-04-22 20:01:14",
        "uri": "douban:\/\/douban.com\/user\/4044848",
        "avatar": "https://img1.doubanio.com\/icon\/up4044848-8.jpg",
        "is_club": false,
        "type": "user",
        "avatar_side_icon": "",
        "uid": "4044848"
      },
      "is_collected": false,
      "type": "photo",
      "owner_uri": "douban:\/\/douban.com\/movie\/25845392",
      "status": null,
      "reaction_type": 0,
      "description": "",
      "sharing_url": "https:\/\/www.douban.com\/doubanapp\/dispatch?uri=\/photo\/2692149656\/",
      "likers_count": 0,
      "reply_limit": "A",
      "uri": "douban:\/\/douban.com\/photo\/2692149656",
      "subtype": "photo",
      "reactions_count": 0,
      "comments_count": 0,
      "position": 97
    },
    {
      "read_count": 62,
      "image": {
        "large": {
          "url": "https://img2.doubanio.com\/view\/photo\/l\/public\/p2692149652.jpg",
          "width": 1600,
          "height": 900,
          "size": 0
        },
        "raw": null,
        "small": {
          "url": "https://img2.doubanio.com\/view\/photo\/s\/public\/p2692149652.jpg",
          "width": 600,
          "height": 337,
          "size": 0
        },
        "is_animated": false,
        "normal": {
          "url": "https://img2.doubanio.com\/view\/photo\/m\/public\/p2692149652.jpg",
          "width": 600,
          "height": 337,
          "size": 0
        }
      },
      "create_time": "2021-10-08 01:32:53",
      "url": "https:\/\/movie.douban.com\/photos\/photo\/2692149652\/",
      "collections_count": 0,
      "reshares_count": 0,
      "id": "2692149652",
      "author": {
        "loc": null,
        "kind": "user",
        "name": "不安的传说",
        "url": "https:\/\/www.douban.com\/people\/4044848\/",
        "id": "4044848",
        "reg_time": "2009-04-22 20:01:14",
        "uri": "douban:\/\/douban.com\/user\/4044848",
        "avatar": "https://img1.doubanio.com\/icon\/up4044848-8.jpg",
        "is_club": false,
        "type": "user",
        "avatar_side_icon": "",
        "uid": "4044848"
      },
      "is_collected": false,
      "type": "photo",
      "owner_uri": "douban:\/\/douban.com\/movie\/25845392",
      "status": null,
      "reaction_type": 0,
      "description": "",
      "sharing_url": "https:\/\/www.douban.com\/doubanapp\/dispatch?uri=\/photo\/2692149652\/",
      "likers_count": 0,
      "reply_limit": "A",
      "uri": "douban:\/\/douban.com\/photo\/2692149652",
      "subtype": "photo",
      "reactions_count": 0,
      "comments_count": 0,
      "position": 98
    },
    {
      "read_count": 89,
      "image": {
        "large": {
          "url": "https://img2.doubanio.com\/view\/photo\/l\/public\/p2692149651.jpg",
          "width": 1600,
          "height": 900,
          "size": 0
        },
        "raw": null,
        "small": {
          "url": "https://img2.doubanio.com\/view\/photo\/s\/public\/p2692149651.jpg",
          "width": 600,
          "height": 337,
          "size": 0
        },
        "is_animated": false,
        "normal": {
          "url": "https://img2.doubanio.com\/view\/photo\/m\/public\/p2692149651.jpg",
          "width": 600,
          "height": 337,
          "size": 0
        }
      },
      "create_time": "2021-10-08 01:32:53",
      "url": "https:\/\/movie.douban.com\/photos\/photo\/2692149651\/",
      "collections_count": 0,
      "reshares_count": 0,
      "id": "2692149651",
      "author": {
        "loc": null,
        "kind": "user",
        "name": "不安的传说",
        "url": "https:\/\/www.douban.com\/people\/4044848\/",
        "id": "4044848",
        "reg_time": "2009-04-22 20:01:14",
        "uri": "douban:\/\/douban.com\/user\/4044848",
        "avatar": "https://img1.doubanio.com\/icon\/up4044848-8.jpg",
        "is_club": false,
        "type": "user",
        "avatar_side_icon": "",
        "uid": "4044848"
      },
      "is_collected": false,
      "type": "photo",
      "owner_uri": "douban:\/\/douban.com\/movie\/25845392",
      "status": null,
      "reaction_type": 0,
      "description": "",
      "sharing_url": "https:\/\/www.douban.com\/doubanapp\/dispatch?uri=\/photo\/2692149651\/",
      "likers_count": 0,
      "reply_limit": "A",
      "uri": "douban:\/\/douban.com\/photo\/2692149651",
      "subtype": "photo",
      "reactions_count": 0,
      "comments_count": 0,
      "position": 99
    },
    {
      "read_count": 34,
      "image": {
        "large": {
          "url": "https://img3.doubanio.com\/view\/photo\/l\/public\/p2692149650.jpg",
          "width": 1600,
          "height": 900,
          "size": 0
        },
        "raw": null,
        "small": {
          "url": "https://img3.doubanio.com\/view\/photo\/s\/public\/p2692149650.jpg",
          "width": 600,
          "height": 337,
          "size": 0
        },
        "is_animated": false,
        "normal": {
          "url": "https://img3.doubanio.com\/view\/photo\/m\/public\/p2692149650.jpg",
          "width": 600,
          "height": 337,
          "size": 0
        }
      },
      "create_time": "2021-10-08 01:32:53",
      "url": "https:\/\/movie.douban.com\/photos\/photo\/2692149650\/",
      "collections_count": 0,
      "reshares_count": 0,
      "id": "2692149650",
      "author": {
        "loc": null,
        "kind": "user",
        "name": "不安的传说",
        "url": "https:\/\/www.douban.com\/people\/4044848\/",
        "id": "4044848",
        "reg_time": "2009-04-22 20:01:14",
        "uri": "douban:\/\/douban.com\/user\/4044848",
        "avatar": "https://img1.doubanio.com\/icon\/up4044848-8.jpg",
        "is_club": false,
        "type": "user",
        "avatar_side_icon": "",
        "uid": "4044848"
      },
      "is_collected": false,
      "type": "photo",
      "owner_uri": "douban:\/\/douban.com\/movie\/25845392",
      "status": null,
      "reaction_type": 0,
      "description": "",
      "sharing_url": "https:\/\/www.douban.com\/doubanapp\/dispatch?uri=\/photo\/2692149650\/",
      "likers_count": 0,
      "reply_limit": "A",
      "uri": "douban:\/\/douban.com\/photo\/2692149650",
      "subtype": "photo",
      "reactions_count": 0,
      "comments_count": 0,
      "position": 100
    },
    {
      "read_count": 17,
      "image": {
        "large": {
          "url": "https://img1.doubanio.com\/view\/photo\/l\/public\/p2692149649.jpg",
          "width": 1600,
          "height": 900,
          "size": 0
        },
        "raw": null,
        "small": {
          "url": "https://img1.doubanio.com\/view\/photo\/s\/public\/p2692149649.jpg",
          "width": 600,
          "height": 337,
          "size": 0
        },
        "is_animated": false,
        "normal": {
          "url": "https://img1.doubanio.com\/view\/photo\/m\/public\/p2692149649.jpg",
          "width": 600,
          "height": 337,
          "size": 0
        }
      },
      "create_time": "2021-10-08 01:32:53",
      "url": "https:\/\/movie.douban.com\/photos\/photo\/2692149649\/",
      "collections_count": 0,
      "reshares_count": 0,
      "id": "2692149649",
      "author": {
        "loc": null,
        "kind": "user",
        "name": "不安的传说",
        "url": "https:\/\/www.douban.com\/people\/4044848\/",
        "id": "4044848",
        "reg_time": "2009-04-22 20:01:14",
        "uri": "douban:\/\/douban.com\/user\/4044848",
        "avatar": "https://img1.doubanio.com\/icon\/up4044848-8.jpg",
        "is_club": false,
        "type": "user",
        "avatar_side_icon": "",
        "uid": "4044848"
      },
      "is_collected": false,
      "type": "photo",
      "owner_uri": "douban:\/\/douban.com\/movie\/25845392",
      "status": null,
      "reaction_type": 0,
      "description": "",
      "sharing_url": "https:\/\/www.douban.com\/doubanapp\/dispatch?uri=\/photo\/2692149649\/",
      "likers_count": 0,
      "reply_limit": "A",
      "uri": "douban:\/\/douban.com\/photo\/2692149649",
      "subtype": "photo",
      "reactions_count": 0,
      "comments_count": 0,
      "position": 101
    },
    {
      "read_count": 6,
      "image": {
        "large": {
          "url": "https://img1.doubanio.com\/view\/photo\/l\/public\/p2692149648.jpg",
          "width": 1600,
          "height": 900,
          "size": 0
        },
        "raw": null,
        "small": {
          "url": "https://img1.doubanio.com\/view\/photo\/s\/public\/p2692149648.jpg",
          "width": 600,
          "height": 337,
          "size": 0
        },
        "is_animated": false,
        "normal": {
          "url": "https://img1.doubanio.com\/view\/photo\/m\/public\/p2692149648.jpg",
          "width": 600,
          "height": 337,
          "size": 0
        }
      },
      "create_time": "2021-10-08 01:32:53",
      "url": "https:\/\/movie.douban.com\/photos\/photo\/2692149648\/",
      "collections_count": 0,
      "reshares_count": 0,
      "id": "2692149648",
      "author": {
        "loc": null,
        "kind": "user",
        "name": "不安的传说",
        "url": "https:\/\/www.douban.com\/people\/4044848\/",
        "id": "4044848",
        "reg_time": "2009-04-22 20:01:14",
        "uri": "douban:\/\/douban.com\/user\/4044848",
        "avatar": "https://img1.doubanio.com\/icon\/up4044848-8.jpg",
        "is_club": false,
        "type": "user",
        "avatar_side_icon": "",
        "uid": "4044848"
      },
      "is_collected": false,
      "type": "photo",
      "owner_uri": "douban:\/\/douban.com\/movie\/25845392",
      "status": null,
      "reaction_type": 0,
      "description": "",
      "sharing_url": "https:\/\/www.douban.com\/doubanapp\/dispatch?uri=\/photo\/2692149648\/",
      "likers_count": 0,
      "reply_limit": "A",
      "uri": "douban:\/\/douban.com\/photo\/2692149648",
      "subtype": "photo",
      "reactions_count": 0,
      "comments_count": 0,
      "position": 102
    },
    {
      "read_count": 9,
      "image": {
        "large": {
          "url": "https://img1.doubanio.com\/view\/photo\/l\/public\/p2692149647.jpg",
          "width": 1600,
          "height": 900,
          "size": 0
        },
        "raw": null,
        "small": {
          "url": "https://img1.doubanio.com\/view\/photo\/s\/public\/p2692149647.jpg",
          "width": 600,
          "height": 337,
          "size": 0
        },
        "is_animated": false,
        "normal": {
          "url": "https://img1.doubanio.com\/view\/photo\/m\/public\/p2692149647.jpg",
          "width": 600,
          "height": 337,
          "size": 0
        }
      },
      "create_time": "2021-10-08 01:32:53",
      "url": "https:\/\/movie.douban.com\/photos\/photo\/2692149647\/",
      "collections_count": 0,
      "reshares_count": 0,
      "id": "2692149647",
      "author": {
        "loc": null,
        "kind": "user",
        "name": "不安的传说",
        "url": "https:\/\/www.douban.com\/people\/4044848\/",
        "id": "4044848",
        "reg_time": "2009-04-22 20:01:14",
        "uri": "douban:\/\/douban.com\/user\/4044848",
        "avatar": "https://img1.doubanio.com\/icon\/up4044848-8.jpg",
        "is_club": false,
        "type": "user",
        "avatar_side_icon": "",
        "uid": "4044848"
      },
      "is_collected": false,
      "type": "photo",
      "owner_uri": "douban:\/\/douban.com\/movie\/25845392",
      "status": null,
      "reaction_type": 0,
      "description": "",
      "sharing_url": "https:\/\/www.douban.com\/doubanapp\/dispatch?uri=\/photo\/2692149647\/",
      "likers_count": 0,
      "reply_limit": "A",
      "uri": "douban:\/\/douban.com\/photo\/2692149647",
      "subtype": "photo",
      "reactions_count": 0,
      "comments_count": 0,
      "position": 103
    },
    {
      "read_count": 101,
      "image": {
        "large": {
          "url": "https://img1.doubanio.com\/view\/photo\/l\/public\/p2692149459.jpg",
          "width": 1600,
          "height": 900,
          "size": 0
        },
        "raw": null,
        "small": {
          "url": "https://img1.doubanio.com\/view\/photo\/s\/public\/p2692149459.jpg",
          "width": 600,
          "height": 337,
          "size": 0
        },
        "is_animated": false,
        "normal": {
          "url": "https://img1.doubanio.com\/view\/photo\/m\/public\/p2692149459.jpg",
          "width": 600,
          "height": 337,
          "size": 0
        }
      },
      "create_time": "2021-10-08 01:32:32",
      "url": "https:\/\/movie.douban.com\/photos\/photo\/2692149459\/",
      "collections_count": 0,
      "reshares_count": 0,
      "id": "2692149459",
      "author": {
        "loc": null,
        "kind": "user",
        "name": "不安的传说",
        "url": "https:\/\/www.douban.com\/people\/4044848\/",
        "id": "4044848",
        "reg_time": "2009-04-22 20:01:14",
        "uri": "douban:\/\/douban.com\/user\/4044848",
        "avatar": "https://img1.doubanio.com\/icon\/up4044848-8.jpg",
        "is_club": false,
        "type": "user",
        "avatar_side_icon": "",
        "uid": "4044848"
      },
      "is_collected": false,
      "type": "photo",
      "owner_uri": "douban:\/\/douban.com\/movie\/25845392",
      "status": null,
      "reaction_type": 0,
      "description": "",
      "sharing_url": "https:\/\/www.douban.com\/doubanapp\/dispatch?uri=\/photo\/2692149459\/",
      "likers_count": 0,
      "reply_limit": "A",
      "uri": "douban:\/\/douban.com\/photo\/2692149459",
      "subtype": "photo",
      "reactions_count": 0,
      "comments_count": 0,
      "position": 104
    },
    {
      "read_count": 14,
      "image": {
        "large": {
          "url": "https://img9.doubanio.com\/view\/photo\/l\/public\/p2692149456.jpg",
          "width": 1600,
          "height": 900,
          "size": 0
        },
        "raw": null,
        "small": {
          "url": "https://img9.doubanio.com\/view\/photo\/s\/public\/p2692149456.jpg",
          "width": 600,
          "height": 337,
          "size": 0
        },
        "is_animated": false,
        "normal": {
          "url": "https://img9.doubanio.com\/view\/photo\/m\/public\/p2692149456.jpg",
          "width": 600,
          "height": 337,
          "size": 0
        }
      },
      "create_time": "2021-10-08 01:32:32",
      "url": "https:\/\/movie.douban.com\/photos\/photo\/2692149456\/",
      "collections_count": 0,
      "reshares_count": 0,
      "id": "2692149456",
      "author": {
        "loc": null,
        "kind": "user",
        "name": "不安的传说",
        "url": "https:\/\/www.douban.com\/people\/4044848\/",
        "id": "4044848",
        "reg_time": "2009-04-22 20:01:14",
        "uri": "douban:\/\/douban.com\/user\/4044848",
        "avatar": "https://img1.doubanio.com\/icon\/up4044848-8.jpg",
        "is_club": false,
        "type": "user",
        "avatar_side_icon": "",
        "uid": "4044848"
      },
      "is_collected": false,
      "type": "photo",
      "owner_uri": "douban:\/\/douban.com\/movie\/25845392",
      "status": null,
      "reaction_type": 0,
      "description": "",
      "sharing_url": "https:\/\/www.douban.com\/doubanapp\/dispatch?uri=\/photo\/2692149456\/",
      "likers_count": 0,
      "reply_limit": "A",
      "uri": "douban:\/\/douban.com\/photo\/2692149456",
      "subtype": "photo",
      "reactions_count": 0,
      "comments_count": 0,
      "position": 105
    },
    {
      "read_count": 24,
      "image": {
        "large": {
          "url": "https://img9.doubanio.com\/view\/photo\/l\/public\/p2692149454.jpg",
          "width": 1600,
          "height": 900,
          "size": 0
        },
        "raw": null,
        "small": {
          "url": "https://img9.doubanio.com\/view\/photo\/s\/public\/p2692149454.jpg",
          "width": 600,
          "height": 337,
          "size": 0
        },
        "is_animated": false,
        "normal": {
          "url": "https://img9.doubanio.com\/view\/photo\/m\/public\/p2692149454.jpg",
          "width": 600,
          "height": 337,
          "size": 0
        }
      },
      "create_time": "2021-10-08 01:32:32",
      "url": "https:\/\/movie.douban.com\/photos\/photo\/2692149454\/",
      "collections_count": 0,
      "reshares_count": 0,
      "id": "2692149454",
      "author": {
        "loc": null,
        "kind": "user",
        "name": "不安的传说",
        "url": "https:\/\/www.douban.com\/people\/4044848\/",
        "id": "4044848",
        "reg_time": "2009-04-22 20:01:14",
        "uri": "douban:\/\/douban.com\/user\/4044848",
        "avatar": "https://img1.doubanio.com\/icon\/up4044848-8.jpg",
        "is_club": false,
        "type": "user",
        "avatar_side_icon": "",
        "uid": "4044848"
      },
      "is_collected": false,
      "type": "photo",
      "owner_uri": "douban:\/\/douban.com\/movie\/25845392",
      "status": null,
      "reaction_type": 0,
      "description": "",
      "sharing_url": "https:\/\/www.douban.com\/doubanapp\/dispatch?uri=\/photo\/2692149454\/",
      "likers_count": 0,
      "reply_limit": "A",
      "uri": "douban:\/\/douban.com\/photo\/2692149454",
      "subtype": "photo",
      "reactions_count": 0,
      "comments_count": 0,
      "position": 106
    },
    {
      "read_count": 25,
      "image": {
        "large": {
          "url": "https://img2.doubanio.com\/view\/photo\/l\/public\/p2692149453.jpg",
          "width": 1600,
          "height": 900,
          "size": 0
        },
        "raw": null,
        "small": {
          "url": "https://img2.doubanio.com\/view\/photo\/s\/public\/p2692149453.jpg",
          "width": 600,
          "height": 337,
          "size": 0
        },
        "is_animated": false,
        "normal": {
          "url": "https://img2.doubanio.com\/view\/photo\/m\/public\/p2692149453.jpg",
          "width": 600,
          "height": 337,
          "size": 0
        }
      },
      "create_time": "2021-10-08 01:32:32",
      "url": "https:\/\/movie.douban.com\/photos\/photo\/2692149453\/",
      "collections_count": 0,
      "reshares_count": 0,
      "id": "2692149453",
      "author": {
        "loc": null,
        "kind": "user",
        "name": "不安的传说",
        "url": "https:\/\/www.douban.com\/people\/4044848\/",
        "id": "4044848",
        "reg_time": "2009-04-22 20:01:14",
        "uri": "douban:\/\/douban.com\/user\/4044848",
        "avatar": "https://img1.doubanio.com\/icon\/up4044848-8.jpg",
        "is_club": false,
        "type": "user",
        "avatar_side_icon": "",
        "uid": "4044848"
      },
      "is_collected": false,
      "type": "photo",
      "owner_uri": "douban:\/\/douban.com\/movie\/25845392",
      "status": null,
      "reaction_type": 0,
      "description": "",
      "sharing_url": "https:\/\/www.douban.com\/doubanapp\/dispatch?uri=\/photo\/2692149453\/",
      "likers_count": 0,
      "reply_limit": "A",
      "uri": "douban:\/\/douban.com\/photo\/2692149453",
      "subtype": "photo",
      "reactions_count": 0,
      "comments_count": 0,
      "position": 107
    },
    {
      "read_count": 2,
      "image": {
        "large": {
          "url": "https://img2.doubanio.com\/view\/photo\/l\/public\/p2692149451.jpg",
          "width": 1600,
          "height": 900,
          "size": 0
        },
        "raw": null,
        "small": {
          "url": "https://img2.doubanio.com\/view\/photo\/s\/public\/p2692149451.jpg",
          "width": 600,
          "height": 337,
          "size": 0
        },
        "is_animated": false,
        "normal": {
          "url": "https://img2.doubanio.com\/view\/photo\/m\/public\/p2692149451.jpg",
          "width": 600,
          "height": 337,
          "size": 0
        }
      },
      "create_time": "2021-10-08 01:32:32",
      "url": "https:\/\/movie.douban.com\/photos\/photo\/2692149451\/",
      "collections_count": 0,
      "reshares_count": 0,
      "id": "2692149451",
      "author": {
        "loc": null,
        "kind": "user",
        "name": "不安的传说",
        "url": "https:\/\/www.douban.com\/people\/4044848\/",
        "id": "4044848",
        "reg_time": "2009-04-22 20:01:14",
        "uri": "douban:\/\/douban.com\/user\/4044848",
        "avatar": "https://img1.doubanio.com\/icon\/up4044848-8.jpg",
        "is_club": false,
        "type": "user",
        "avatar_side_icon": "",
        "uid": "4044848"
      },
      "is_collected": false,
      "type": "photo",
      "owner_uri": "douban:\/\/douban.com\/movie\/25845392",
      "status": null,
      "reaction_type": 0,
      "description": "",
      "sharing_url": "https:\/\/www.douban.com\/doubanapp\/dispatch?uri=\/photo\/2692149451\/",
      "likers_count": 0,
      "reply_limit": "A",
      "uri": "douban:\/\/douban.com\/photo\/2692149451",
      "subtype": "photo",
      "reactions_count": 0,
      "comments_count": 0,
      "position": 108
    },
    {
      "read_count": 38,
      "image": {
        "large": {
          "url": "https://img3.doubanio.com\/view\/photo\/l\/public\/p2692149450.jpg",
          "width": 1600,
          "height": 900,
          "size": 0
        },
        "raw": null,
        "small": {
          "url": "https://img3.doubanio.com\/view\/photo\/s\/public\/p2692149450.jpg",
          "width": 600,
          "height": 337,
          "size": 0
        },
        "is_animated": false,
        "normal": {
          "url": "https://img3.doubanio.com\/view\/photo\/m\/public\/p2692149450.jpg",
          "width": 600,
          "height": 337,
          "size": 0
        }
      },
      "create_time": "2021-10-08 01:32:32",
      "url": "https:\/\/movie.douban.com\/photos\/photo\/2692149450\/",
      "collections_count": 0,
      "reshares_count": 0,
      "id": "2692149450",
      "author": {
        "loc": null,
        "kind": "user",
        "name": "不安的传说",
        "url": "https:\/\/www.douban.com\/people\/4044848\/",
        "id": "4044848",
        "reg_time": "2009-04-22 20:01:14",
        "uri": "douban:\/\/douban.com\/user\/4044848",
        "avatar": "https://img1.doubanio.com\/icon\/up4044848-8.jpg",
        "is_club": false,
        "type": "user",
        "avatar_side_icon": "",
        "uid": "4044848"
      },
      "is_collected": false,
      "type": "photo",
      "owner_uri": "douban:\/\/douban.com\/movie\/25845392",
      "status": null,
      "reaction_type": 0,
      "description": "",
      "sharing_url": "https:\/\/www.douban.com\/doubanapp\/dispatch?uri=\/photo\/2692149450\/",
      "likers_count": 0,
      "reply_limit": "A",
      "uri": "douban:\/\/douban.com\/photo\/2692149450",
      "subtype": "photo",
      "reactions_count": 0,
      "comments_count": 0,
      "position": 109
    },
    {
      "read_count": 23,
      "image": {
        "large": {
          "url": "https://img1.doubanio.com\/view\/photo\/l\/public\/p2692149449.jpg",
          "width": 1600,
          "height": 900,
          "size": 0
        },
        "raw": null,
        "small": {
          "url": "https://img1.doubanio.com\/view\/photo\/s\/public\/p2692149449.jpg",
          "width": 600,
          "height": 337,
          "size": 0
        },
        "is_animated": false,
        "normal": {
          "url": "https://img1.doubanio.com\/view\/photo\/m\/public\/p2692149449.jpg",
          "width": 600,
          "height": 337,
          "size": 0
        }
      },
      "create_time": "2021-10-08 01:32:32",
      "url": "https:\/\/movie.douban.com\/photos\/photo\/2692149449\/",
      "collections_count": 0,
      "reshares_count": 0,
      "id": "2692149449",
      "author": {
        "loc": null,
        "kind": "user",
        "name": "不安的传说",
        "url": "https:\/\/www.douban.com\/people\/4044848\/",
        "id": "4044848",
        "reg_time": "2009-04-22 20:01:14",
        "uri": "douban:\/\/douban.com\/user\/4044848",
        "avatar": "https://img1.doubanio.com\/icon\/up4044848-8.jpg",
        "is_club": false,
        "type": "user",
        "avatar_side_icon": "",
        "uid": "4044848"
      },
      "is_collected": false,
      "type": "photo",
      "owner_uri": "douban:\/\/douban.com\/movie\/25845392",
      "status": null,
      "reaction_type": 0,
      "description": "",
      "sharing_url": "https:\/\/www.douban.com\/doubanapp\/dispatch?uri=\/photo\/2692149449\/",
      "likers_count": 0,
      "reply_limit": "A",
      "uri": "douban:\/\/douban.com\/photo\/2692149449",
      "subtype": "photo",
      "reactions_count": 0,
      "comments_count": 0,
      "position": 110
    },
    {
      "read_count": 47,
      "image": {
        "large": {
          "url": "https://img1.doubanio.com\/view\/photo\/l\/public\/p2692149448.jpg",
          "width": 1600,
          "height": 900,
          "size": 0
        },
        "raw": null,
        "small": {
          "url": "https://img1.doubanio.com\/view\/photo\/s\/public\/p2692149448.jpg",
          "width": 600,
          "height": 337,
          "size": 0
        },
        "is_animated": false,
        "normal": {
          "url": "https://img1.doubanio.com\/view\/photo\/m\/public\/p2692149448.jpg",
          "width": 600,
          "height": 337,
          "size": 0
        }
      },
      "create_time": "2021-10-08 01:32:32",
      "url": "https:\/\/movie.douban.com\/photos\/photo\/2692149448\/",
      "collections_count": 0,
      "reshares_count": 0,
      "id": "2692149448",
      "author": {
        "loc": null,
        "kind": "user",
        "name": "不安的传说",
        "url": "https:\/\/www.douban.com\/people\/4044848\/",
        "id": "4044848",
        "reg_time": "2009-04-22 20:01:14",
        "uri": "douban:\/\/douban.com\/user\/4044848",
        "avatar": "https://img1.doubanio.com\/icon\/up4044848-8.jpg",
        "is_club": false,
        "type": "user",
        "avatar_side_icon": "",
        "uid": "4044848"
      },
      "is_collected": false,
      "type": "photo",
      "owner_uri": "douban:\/\/douban.com\/movie\/25845392",
      "status": null,
      "reaction_type": 0,
      "description": "",
      "sharing_url": "https:\/\/www.douban.com\/doubanapp\/dispatch?uri=\/photo\/2692149448\/",
      "likers_count": 0,
      "reply_limit": "A",
      "uri": "douban:\/\/douban.com\/photo\/2692149448",
      "subtype": "photo",
      "reactions_count": 0,
      "comments_count": 0,
      "position": 111
    }
  ],
  "w": 23,
  "total": 389,
  "start": 180
}