{
  "count": 18,
  "c": 138,
  "f": 13,
  "o": 88,
  "n": 127,
  "photos": [
    {
      "read_count": 1639,
      "image": {
        "large": {
          "url": "https://img9.doubanio.com\/view\/photo\/l\/public\/p2686414954.jpg",
          "width": 1560,
          "height": 720,
          "size": 0
        },
        "raw": null,
        "small": {
          "url": "https://img9.doubanio.com\/view\/photo\/s\/public\/p2686414954.jpg",
          "width": 600,
          "height": 276,
          "size": 0
        },
        "is_animated": false,
        "normal": {
          "url": "https://img9.doubanio.com\/view\/photo\/m\/public\/p2686414954.jpg",
          "width": 600,
          "height": 276,
          "size": 0
        }
      },
      "create_time": "2021-09-25 08:05:57",
      "url": "https:\/\/movie.douban.com\/photos\/photo\/2686414954\/",
      "collections_count": 1,
      "reshares_count": 0,
      "id": "2686414954",
      "author": {
        "loc": {
          "id": "118291",
          "name": "惠州",
          "uid": "huizhou"
        },
        "kind": "user",
        "name": "川",
        "url": "https:\/\/www.douban.com\/people\/200395500\/",
        "id": "200395500",
        "reg_time": "2019-07-25 13:25:32",
        "uri": "douban:\/\/douban.com\/user\/200395500",
        "avatar": "https://img2.doubanio.com\/icon\/up200395500-33.jpg",
        "is_club": false,
        "type": "user",
        "avatar_side_icon": "",
        "uid": "DIGIMON9527"
      },
      "is_collected": false,
      "type": "photo",
      "owner_uri": "douban:\/\/douban.com\/movie\/25845392",
      "status": null,
      "reaction_type": 0,
      "description": "",
      "sharing_url": "https:\/\/www.douban.com\/doubanapp\/dispatch?uri=\/photo\/2686414954\/",
      "likers_count": 3,
      "reply_limit": "A",
      "uri": "douban:\/\/douban.com\/photo\/2686414954",
      "subtype": "photo",
      "reactions_count": 3,
      "comments_count": 7,
      "position": 223
    },
    {
      "read_count": 626,
      "image": {
        "large": {
          "url": "https://img9.doubanio.com\/view\/photo\/l\/public\/p2681644924.jpg",
          "width": 1600,
          "height": 900,
          "size": 0
        },
        "raw": null,
        "small": {
          "url": "https://img9.doubanio.com\/view\/photo\/s\/public\/p2681644924.jpg",
          "width": 600,
          "height": 337,
          "size": 0
        },
        "is_animated": false,
        "normal": {
          "url": "https://img9.doubanio.com\/view\/photo\/m\/public\/p2681644924.jpg",
          "width": 600,
          "height": 337,
          "size": 0
        }
      },
      "create_time": "2021-09-13 10:31:34",
      "url": "https:\/\/movie.douban.com\/photos\/photo\/2681644924\/",
      "collections_count": 0,
      "reshares_count": 0,
      "id": "2681644924",
      "author": {
        "loc": null,
        "kind": "user",
        "name": "龙造寺肥前守",
        "url": "https:\/\/www.douban.com\/people\/203338639\/",
        "id": "203338639",
        "reg_time": "2019-09-04 17:45:14",
        "uri": "douban:\/\/douban.com\/user\/203338639",
        "avatar": "https://img9.doubanio.com\/icon\/up203338639-4.jpg",
        "is_club": false,
        "type": "user",
        "avatar_side_icon": "",
        "uid": "203338639"
      },
      "is_collected": false,
      "type": "photo",
      "owner_uri": "douban:\/\/douban.com\/movie\/25845392",
      "status": null,
      "reaction_type": 0,
      "description": "",
      "sharing_url": "https:\/\/www.douban.com\/doubanapp\/dispatch?uri=\/photo\/2681644924\/",
      "likers_count": 3,
      "reply_limit": "A",
      "uri": "douban:\/\/douban.com\/photo\/2681644924",
      "subtype": "photo",
      "reactions_count": 3,
      "comments_count": 0,
      "position": 285
    },
    {
      "read_count": 2235,
      "image": {
        "large": {
          "url": "https://img9.doubanio.com\/view\/photo\/l\/public\/p2672166656.jpg",
          "width": 1560,
          "height": 720,
          "size": 0
        },
        "raw": null,
        "small": {
          "url": "https://img9.doubanio.com\/view\/photo\/s\/public\/p2672166656.jpg",
          "width": 600,
          "height": 276,
          "size": 0
        },
        "is_animated": false,
        "normal": {
          "url": "https://img9.doubanio.com\/view\/photo\/m\/public\/p2672166656.jpg",
          "width": 600,
          "height": 276,
          "size": 0
        }
      },
      "create_time": "2021-07-18 21:36:38",
      "url": "https:\/\/movie.douban.com\/photos\/photo\/2672166656\/",
      "collections_count": 0,
      "reshares_count": 0,
      "id": "2672166656",
      "author": {
        "loc": {
          "id": "118291",
          "name": "惠州",
          "uid": "huizhou"
        },
        "kind": "user",
        "name": "川",
        "url": "https:\/\/www.douban.com\/people\/200395500\/",
        "id": "200395500",
        "reg_time": "2019-07-25 13:25:32",
        "uri": "douban:\/\/douban.com\/user\/200395500",
        "avatar": "https://img2.doubanio.com\/icon\/up200395500-33.jpg",
        "is_club": false,
        "type": "user",
        "avatar_side_icon": "",
        "uid": "DIGIMON9527"
      },
      "is_collected": false,
      "type": "photo",
      "owner_uri": "douban:\/\/douban.com\/movie\/25845392",
      "status": null,
      "reaction_type": 0,
      "description": "",
      "sharing_url": "https:\/\/www.douban.com\/doubanapp\/dispatch?uri=\/photo\/2672166656\/",
      "likers_count": 3,
      "reply_limit": "A",
      "uri": "douban:\/\/douban.com\/photo\/2672166656",
      "subtype": "photo",
      "reactions_count": 3,
      "comments_count": 9,
      "position": 326
    },
    {
      "read_count": 3180,
      "image": {
        "large": {
          "url": "https://img1.doubanio.com\/view\/photo\/l\/public\/p2669961178.jpg",
          "width": 1600,
          "height": 900,
          "size": 0
        },
        "raw": null,
        "small": {
          "url": "https://img1.doubanio.com\/view\/photo\/s\/public\/p2669961178.jpg",
          "width": 600,
          "height": 337,
          "size": 0
        },
        "is_animated": false,
        "normal": {
          "url": "https://img1.doubanio.com\/view\/photo\/m\/public\/p2669961178.jpg",
          "width": 600,
          "height": 337,
          "size": 0
        }
      },
      "create_time": "2021-07-12 11:04:15",
      "url": "https:\/\/movie.douban.com\/photos\/photo\/2669961178\/",
      "collections_count": 0,
      "reshares_count": 0,
      "id": "2669961178",
      "author": {
        "loc": {
          "id": "118281",
          "name": "广州",
          "uid": "guangzhou"
        },
        "kind": "user",
        "name": "阪本先生",
        "url": "https:\/\/www.douban.com\/people\/2240262\/",
        "id": "2240262",
        "reg_time": "2008-02-16 18:29:19",
        "uri": "douban:\/\/douban.com\/user\/2240262",
        "avatar": "https://img2.doubanio.com\/icon\/up2240262-12.jpg",
        "is_club": false,
        "type": "user",
        "avatar_side_icon": "",
        "uid": "Lvichi"
      },
      "is_collected": false,
      "type": "photo",
      "owner_uri": "douban:\/\/douban.com\/movie\/25845392",
      "status": null,
      "reaction_type": 0,
      "description": "还真搞了人海战术",
      "sharing_url": "https:\/\/www.douban.com\/doubanapp\/dispatch?uri=\/photo\/2669961178\/",
      "likers_count": 3,
      "reply_limit": "A",
      "uri": "douban:\/\/douban.com\/photo\/2669961178",
      "subtype": "photo",
      "reactions_count": 3,
      "comments_count": 39,
      "position": 337
    },
    {
      "read_count": 387,
      "image": {
        "large": {
          "url": "https://img2.doubanio.com\/view\/photo\/l\/public\/p2692151211.jpg",
          "width": 1600,
          "height": 843,
          "size": 0
        },
        "raw": null,
        "small": {
          "url": "https://img2.doubanio.com\/view\/photo\/s\/public\/p2692151211.jpg",
          "width": 600,
          "height": 316,
          "size": 0
        },
        "is_animated": false,
        "normal": {
          "url": "https://img2.doubanio.com\/view\/photo\/m\/public\/p2692151211.jpg",
          "width": 600,
          "height": 316,
          "size": 0
        }
      },
      "create_time": "2021-10-08 01:35:35",
      "url": "https:\/\/movie.douban.com\/photos\/photo\/2692151211\/",
      "collections_count": 0,
      "reshares_count": 0,
      "id": "2692151211",
      "author": {
        "loc": null,
        "kind": "user",
        "name": "不安的传说",
        "url": "https:\/\/www.douban.com\/people\/4044848\/",
        "id": "4044848",
        "reg_time": "2009-04-22 20:01:14",
        "uri": "douban:\/\/douban.com\/user\/4044848",
        "avatar": "https://img1.doubanio.com\/icon\/up4044848-8.jpg",
        "is_club": false,
        "type": "user",
        "avatar_side_icon": "",
        "uid": "4044848"
      },
      "is_collected": false,
      "type": "photo",
      "owner_uri": "douban:\/\/douban.com\/movie\/25845392",
      "status": null,
      "reaction_type": 0,
      "description": "",
      "sharing_url": "https:\/\/www.douban.com\/doubanapp\/dispatch?uri=\/photo\/2692151211\/",
      "likers_count": 2,
      "reply_limit": "A",
      "uri": "douban:\/\/douban.com\/photo\/2692151211",
      "subtype": "photo",
      "reactions_count": 2,
      "comments_count": 0,
      "position": 29
    },
    {
      "read_count": 134,
      "image": {
        "large": {
          "url": "https://img1.doubanio.com\/view\/photo\/l\/public\/p2692150168.jpg",
          "width": 1600,
          "height": 900,
          "size": 0
        },
        "raw": null,
        "small": {
          "url": "https://img1.doubanio.com\/view\/photo\/s\/public\/p2692150168.jpg",
          "width": 600,
          "height": 337,
          "size": 0
        },
        "is_animated": false,
        "normal": {
          "url": "https://img1.doubanio.com\/view\/photo\/m\/public\/p2692150168.jpg",
          "width": 600,
          "height": 337,
          "size": 0
        }
      },
      "create_time": "2021-10-08 01:33:48",
      "url": "https:\/\/movie.douban.com\/photos\/photo\/2692150168\/",
      "collections_count": 0,
      "reshares_count": 0,
      "id": "2692150168",
      "author": {
        "loc": null,
        "kind": "user",
        "name": "不安的传说",
        "url": "https:\/\/www.douban.com\/people\/4044848\/",
        "id": "4044848",
        "reg_time": "2009-04-22 20:01:14",
        "uri": "douban:\/\/douban.com\/user\/4044848",
        "avatar": "https://img1.doubanio.com\/icon\/up4044848-8.jpg",
        "is_club": false,
        "type": "user",
        "avatar_side_icon": "",
        "uid": "4044848"
      },
      "is_collected": false,
      "type": "photo",
      "owner_uri": "douban:\/\/douban.com\/movie\/25845392",
      "status": null,
      "reaction_type": 0,
      "description": "",
      "sharing_url": "https:\/\/www.douban.com\/doubanapp\/dispatch?uri=\/photo\/2692150168\/",
      "likers_count": 2,
      "reply_limit": "A",
      "uri": "douban:\/\/douban.com\/photo\/2692150168",
      "subtype": "photo",
      "reactions_count": 2,
      "comments_count": 1,
      "position": 75
    },
    {
      "read_count": 1249,
      "image": {
        "large": {
          "url": "https://img1.doubanio.com\/view\/photo\/l\/public\/p2681644928.jpg",
          "width": 1600,
          "height": 900,
          "size": 0
        },
        "raw": null,
        "small": {
          "url": "https://img1.doubanio.com\/view\/photo\/s\/public\/p2681644928.jpg",
          "width": 600,
          "height": 337,
          "size": 0
        },
        "is_animated": false,
        "normal": {
          "url": "https://img1.doubanio.com\/view\/photo\/m\/public\/p2681644928.jpg",
          "width": 600,
          "height": 337,
          "size": 0
        }
      },
      "create_time": "2021-09-13 10:31:34",
      "url": "https:\/\/movie.douban.com\/photos\/photo\/2681644928\/",
      "collections_count": 0,
      "reshares_count": 0,
      "id": "2681644928",
      "author": {
        "loc": null,
        "kind": "user",
        "name": "龙造寺肥前守",
        "url": "https:\/\/www.douban.com\/people\/203338639\/",
        "id": "203338639",
        "reg_time": "2019-09-04 17:45:14",
        "uri": "douban:\/\/douban.com\/user\/203338639",
        "avatar": "https://img9.doubanio.com\/icon\/up203338639-4.jpg",
        "is_club": false,
        "type": "user",
        "avatar_side_icon": "",
        "uid": "203338639"
      },
      "is_collected": false,
      "type": "photo",
      "owner_uri": "douban:\/\/douban.com\/movie\/25845392",
      "status": null,
      "reaction_type": 0,
      "description": "",
      "sharing_url": "https:\/\/www.douban.com\/doubanapp\/dispatch?uri=\/photo\/2681644928\/",
      "likers_count": 2,
      "reply_limit": "A",
      "uri": "douban:\/\/douban.com\/photo\/2681644928",
      "subtype": "photo",
      "reactions_count": 2,
      "comments_count": 12,
      "position": 281
    },
    {
      "read_count": 1164,
      "image": {
        "large": {
          "url": "https://img1.doubanio.com\/view\/photo\/l\/public\/p2681644749.jpg",
          "width": 1600,
          "height": 900,
          "size": 0
        },
        "raw": null,
        "small": {
          "url": "https://img1.doubanio.com\/view\/photo\/s\/public\/p2681644749.jpg",
          "width": 600,
          "height": 337,
          "size": 0
        },
        "is_animated": false,
        "normal": {
          "url": "https://img1.doubanio.com\/view\/photo\/m\/public\/p2681644749.jpg",
          "width": 600,
          "height": 337,
          "size": 0
        }
      },
      "create_time": "2021-09-13 10:30:25",
      "url": "https:\/\/movie.douban.com\/photos\/photo\/2681644749\/",
      "collections_count": 1,
      "reshares_count": 0,
      "id": "2681644749",
      "author": {
        "loc": null,
        "kind": "user",
        "name": "龙造寺肥前守",
        "url": "https:\/\/www.douban.com\/people\/203338639\/",
        "id": "203338639",
        "reg_time": "2019-09-04 17:45:14",
        "uri": "douban:\/\/douban.com\/user\/203338639",
        "avatar": "https://img9.doubanio.com\/icon\/up203338639-4.jpg",
        "is_club": false,
        "type": "user",
        "avatar_side_icon": "",
        "uid": "203338639"
      },
      "is_collected": false,
      "type": "photo",
      "owner_uri": "douban:\/\/douban.com\/movie\/25845392",
      "status": null,
      "reaction_type": 0,
      "description": "",
      "sharing_url": "https:\/\/www.douban.com\/doubanapp\/dispatch?uri=\/photo\/2681644749\/",
      "likers_count": 2,
      "reply_limit": "A",
      "uri": "douban:\/\/douban.com\/photo\/2681644749",
      "subtype": "photo",
      "reactions_count": 2,
      "comments_count": 2,
      "position": 295
    },
    {
      "read_count": 1012,
      "image": {
        "large": {
          "url": "https://img2.doubanio.com\/view\/photo\/l\/public\/p2670418992.jpg",
          "width": 1279,
          "height": 720,
          "size": 0
        },
        "raw": null,
        "small": {
          "url": "https://img2.doubanio.com\/view\/photo\/s\/public\/p2670418992.jpg",
          "width": 600,
          "height": 337,
          "size": 0
        },
        "is_animated": false,
        "normal": {
          "url": "https://img2.doubanio.com\/view\/photo\/m\/public\/p2670418992.jpg",
          "width": 600,
          "height": 337,
          "size": 0
        }
      },
      "create_time": "2021-07-13 18:58:50",
      "url": "https:\/\/movie.douban.com\/photos\/photo\/2670418992\/",
      "collections_count": 0,
      "reshares_count": 0,
      "id": "2670418992",
      "author": {
        "loc": {
          "id": "118291",
          "name": "惠州",
          "uid": "huizhou"
        },
        "kind": "user",
        "name": "川",
        "url": "https:\/\/www.douban.com\/people\/200395500\/",
        "id": "200395500",
        "reg_time": "2019-07-25 13:25:32",
        "uri": "douban:\/\/douban.com\/user\/200395500",
        "avatar": "https://img2.doubanio.com\/icon\/up200395500-33.jpg",
        "is_club": false,
        "type": "user",
        "avatar_side_icon": "",
        "uid": "DIGIMON9527"
      },
      "is_collected": false,
      "type": "photo",
      "owner_uri": "douban:\/\/douban.com\/movie\/25845392",
      "status": null,
      "reaction_type": 0,
      "description": "",
      "sharing_url": "https:\/\/www.douban.com\/doubanapp\/dispatch?uri=\/photo\/2670418992\/",
      "likers_count": 2,
      "reply_limit": "A",
      "uri": "douban:\/\/douban.com\/photo\/2670418992",
      "subtype": "photo",
      "reactions_count": 2,
      "comments_count": 16,
      "position": 330
    },
    {
      "read_count": 294,
      "image": {
        "large": {
          "url": "https://img3.doubanio.com\/view\/photo\/l\/public\/p2692151210.jpg",
          "width": 1600,
          "height": 843,
          "size": 0
        },
        "raw": null,
        "small": {
          "url": "https://img3.doubanio.com\/view\/photo\/s\/public\/p2692151210.jpg",
          "width": 600,
          "height": 316,
          "size": 0
        },
        "is_animated": false,
        "normal": {
          "url": "https://img3.doubanio.com\/view\/photo\/m\/public\/p2692151210.jpg",
          "width": 600,
          "height": 316,
          "size": 0
        }
      },
      "create_time": "2021-10-08 01:35:35",
      "url": "https:\/\/movie.douban.com\/photos\/photo\/2692151210\/",
      "collections_count": 0,
      "reshares_count": 0,
      "id": "2692151210",
      "author": {
        "loc": null,
        "kind": "user",
        "name": "不安的传说",
        "url": "https:\/\/www.douban.com\/people\/4044848\/",
        "id": "4044848",
        "reg_time": "2009-04-22 20:01:14",
        "uri": "douban:\/\/douban.com\/user\/4044848",
        "avatar": "https://img1.doubanio.com\/icon\/up4044848-8.jpg",
        "is_club": false,
        "type": "user",
        "avatar_side_icon": "",
        "uid": "4044848"
      },
      "is_collected": false,
      "type": "photo",
      "owner_uri": "douban:\/\/douban.com\/movie\/25845392",
      "status": null,
      "reaction_type": 0,
      "description": "",
      "sharing_url": "https:\/\/www.douban.com\/doubanapp\/dispatch?uri=\/photo\/2692151210\/",
      "likers_count": 1,
      "reply_limit": "A",
      "uri": "douban:\/\/douban.com\/photo\/2692151210",
      "subtype": "photo",
      "reactions_count": 1,
      "comments_count": 0,
      "position": 30
    },
    {
      "read_count": 89,
      "image": {
        "large": {
          "url": "https://img1.doubanio.com\/view\/photo\/l\/public\/p2692151029.jpg",
          "width": 1600,
          "height": 843,
          "size": 0
        },
        "raw": null,
        "small": {
          "url": "https://img1.doubanio.com\/view\/photo\/s\/public\/p2692151029.jpg",
          "width": 600,
          "height": 316,
          "size": 0
        },
        "is_animated": false,
        "normal": {
          "url": "https://img1.doubanio.com\/view\/photo\/m\/public\/p2692151029.jpg",
          "width": 600,
          "height": 316,
          "size": 0
        }
      },
      "create_time": "2021-10-08 01:35:16",
      "url": "https:\/\/movie.douban.com\/photos\/photo\/2692151029\/",
      "collections_count": 0,
      "reshares_count": 0,
      "id": "2692151029",
      "author": {
        "loc": null,
        "kind": "user",
        "name": "不安的传说",
        "url": "https:\/\/www.douban.com\/people\/4044848\/",
        "id": "4044848",
        "reg_time": "2009-04-22 20:01:14",
        "uri": "douban:\/\/douban.com\/user\/4044848",
        "avatar": "https://img1.doubanio.com\/icon\/up4044848-8.jpg",
        "is_club": false,
        "type": "user",
        "avatar_side_icon": "",
        "uid": "4044848"
      },
      "is_collected": false,
      "type": "photo",
      "owner_uri": "douban:\/\/douban.com\/movie\/25845392",
      "status": null,
      "reaction_type": 0,
      "description": "",
      "sharing_url": "https:\/\/www.douban.com\/doubanapp\/dispatch?uri=\/photo\/2692151029\/",
      "likers_count": 1,
      "reply_limit": "A",
      "uri": "douban:\/\/douban.com\/photo\/2692151029",
      "subtype": "photo",
      "reactions_count": 1,
      "comments_count": 0,
      "position": 38
    },
    {
      "read_count": 338,
      "image": {
        "large": {
          "url": "https://img2.doubanio.com\/view\/photo\/l\/public\/p2692150522.jpg",
          "width": 1600,
          "height": 843,
          "size": 0
        },
        "raw": null,
        "small": {
          "url": "https://img2.doubanio.com\/view\/photo\/s\/public\/p2692150522.jpg",
          "width": 600,
          "height": 316,
          "size": 0
        },
        "is_animated": false,
        "normal": {
          "url": "https://img2.doubanio.com\/view\/photo\/m\/public\/p2692150522.jpg",
          "width": 600,
          "height": 316,
          "size": 0
        }
      },
      "create_time": "2021-10-08 01:34:25",
      "url": "https:\/\/movie.douban.com\/photos\/photo\/2692150522\/",
      "collections_count": 0,
      "reshares_count": 0,
      "id": "2692150522",
      "author": {
        "loc": null,
        "kind": "user",
        "name": "不安的传说",
        "url": "https:\/\/www.douban.com\/people\/4044848\/",
        "id": "4044848",
        "reg_time": "2009-04-22 20:01:14",
        "uri": "douban:\/\/douban.com\/user\/4044848",
        "avatar": "https://img1.doubanio.com\/icon\/up4044848-8.jpg",
        "is_club": false,
        "type": "user",
        "avatar_side_icon": "",
        "uid": "4044848"
      },
      "is_collected": false,
      "type": "photo",
      "owner_uri": "douban:\/\/douban.com\/movie\/25845392",
      "status": null,
      "reaction_type": 0,
      "description": "",
      "sharing_url": "https:\/\/www.douban.com\/doubanapp\/dispatch?uri=\/photo\/2692150522\/",
      "likers_count": 1,
      "reply_limit": "A",
      "uri": "douban:\/\/douban.com\/photo\/2692150522",
      "subtype": "photo",
      "reactions_count": 1,
      "comments_count": 1,
      "position": 57
    },
    {
      "read_count": 608,
      "image": {
        "large": {
          "url": "https://img2.doubanio.com\/view\/photo\/l\/public\/p2691142063.jpg",
          "width": 1440,
          "height": 900,
          "size": 0
        },
        "raw": null,
        "small": {
          "url": "https://img2.doubanio.com\/view\/photo\/s\/public\/p2691142063.jpg",
          "width": 600,
          "height": 375,
          "size": 0
        },
        "is_animated": false,
        "normal": {
          "url": "https://img2.doubanio.com\/view\/photo\/m\/public\/p2691142063.jpg",
          "width": 600,
          "height": 375,
          "size": 0
        }
      },
      "create_time": "2021-10-06 02:22:20",
      "url": "https:\/\/movie.douban.com\/photos\/photo\/2691142063\/",
      "collections_count": 0,
      "reshares_count": 0,
      "id": "2691142063",
      "author": {
        "loc": {
          "id": "108288",
          "name": "北京",
          "uid": "beijing"
        },
        "kind": "user",
        "name": "桃子",
        "url": "https:\/\/www.douban.com\/people\/1044635\/",
        "id": "1044635",
        "reg_time": "2005-11-06 11:40:39",
        "uri": "douban:\/\/douban.com\/user\/1044635",
        "avatar": "https://img2.doubanio.com\/icon\/up1044635-42.jpg",
        "is_club": false,
        "type": "user",
        "avatar_side_icon": "",
        "uid": "alwaysbestrong"
      },
      "is_collected": false,
      "type": "photo",
      "owner_uri": "douban:\/\/douban.com\/movie\/25845392",
      "status": null,
      "reaction_type": 0,
      "description": "",
      "sharing_url": "https:\/\/www.douban.com\/doubanapp\/dispatch?uri=\/photo\/2691142063\/",
      "likers_count": 1,
      "reply_limit": "A",
      "uri": "douban:\/\/douban.com\/photo\/2691142063",
      "subtype": "photo",
      "reactions_count": 1,
      "comments_count": 1,
      "position": 129
    },
    {
      "read_count": 826,
      "image": {
        "large": {
          "url": "https://img1.doubanio.com\/view\/photo\/l\/public\/p2686414967.jpg",
          "width": 1560,
          "height": 720,
          "size": 0
        },
        "raw": null,
        "small": {
          "url": "https://img1.doubanio.com\/view\/photo\/s\/public\/p2686414967.jpg",
          "width": 600,
          "height": 276,
          "size": 0
        },
        "is_animated": false,
        "normal": {
          "url": "https://img1.doubanio.com\/view\/photo\/m\/public\/p2686414967.jpg",
          "width": 600,
          "height": 276,
          "size": 0
        }
      },
      "create_time": "2021-09-25 08:06:24",
      "url": "https:\/\/movie.douban.com\/photos\/photo\/2686414967\/",
      "collections_count": 0,
      "reshares_count": 0,
      "id": "2686414967",
      "author": {
        "loc": {
          "id": "118291",
          "name": "惠州",
          "uid": "huizhou"
        },
        "kind": "user",
        "name": "川",
        "url": "https:\/\/www.douban.com\/people\/200395500\/",
        "id": "200395500",
        "reg_time": "2019-07-25 13:25:32",
        "uri": "douban:\/\/douban.com\/user\/200395500",
        "avatar": "https://img2.doubanio.com\/icon\/up200395500-33.jpg",
        "is_club": false,
        "type": "user",
        "avatar_side_icon": "",
        "uid": "DIGIMON9527"
      },
      "is_collected": false,
      "type": "photo",
      "owner_uri": "douban:\/\/douban.com\/movie\/25845392",
      "status": null,
      "reaction_type": 0,
      "description": "",
      "sharing_url": "https:\/\/www.douban.com\/doubanapp\/dispatch?uri=\/photo\/2686414967\/",
      "likers_count": 1,
      "reply_limit": "A",
      "uri": "douban:\/\/douban.com\/photo\/2686414967",
      "subtype": "photo",
      "reactions_count": 1,
      "comments_count": 0,
      "position": 218
    },
    {
      "read_count": 2626,
      "image": {
        "large": {
          "url": "https://img9.doubanio.com\/view\/photo\/l\/public\/p2686414955.jpg",
          "width": 1560,
          "height": 720,
          "size": 0
        },
        "raw": null,
        "small": {
          "url": "https://img9.doubanio.com\/view\/photo\/s\/public\/p2686414955.jpg",
          "width": 600,
          "height": 276,
          "size": 0
        },
        "is_animated": false,
        "normal": {
          "url": "https://img9.doubanio.com\/view\/photo\/m\/public\/p2686414955.jpg",
          "width": 600,
          "height": 276,
          "size": 0
        }
      },
      "create_time": "2021-09-25 08:05:57",
      "url": "https:\/\/movie.douban.com\/photos\/photo\/2686414955\/",
      "collections_count": 0,
      "reshares_count": 0,
      "id": "2686414955",
      "author": {
        "loc": {
          "id": "118291",
          "name": "惠州",
          "uid": "huizhou"
        },
        "kind": "user",
        "name": "川",
        "url": "https:\/\/www.douban.com\/people\/200395500\/",
        "id": "200395500",
        "reg_time": "2019-07-25 13:25:32",
        "uri": "douban:\/\/douban.com\/user\/200395500",
        "avatar": "https://img2.doubanio.com\/icon\/up200395500-33.jpg",
        "is_club": false,
        "type": "user",
        "avatar_side_icon": "",
        "uid": "DIGIMON9527"
      },
      "is_collected": false,
      "type": "photo",
      "owner_uri": "douban:\/\/douban.com\/movie\/25845392",
      "status": null,
      "reaction_type": 0,
      "description": "",
      "sharing_url": "https:\/\/www.douban.com\/doubanapp\/dispatch?uri=\/photo\/2686414955\/",
      "likers_count": 1,
      "reply_limit": "A",
      "uri": "douban:\/\/douban.com\/photo\/2686414955",
      "subtype": "photo",
      "reactions_count": 1,
      "comments_count": 43,
      "position": 222
    },
    {
      "read_count": 1382,
      "image": {
        "large": {
          "url": "https://img1.doubanio.com\/view\/photo\/l\/public\/p2686414947.jpg",
          "width": 1560,
          "height": 720,
          "size": 0
        },
        "raw": null,
        "small": {
          "url": "https://img1.doubanio.com\/view\/photo\/s\/public\/p2686414947.jpg",
          "width": 600,
          "height": 276,
          "size": 0
        },
        "is_animated": false,
        "normal": {
          "url": "https://img1.doubanio.com\/view\/photo\/m\/public\/p2686414947.jpg",
          "width": 600,
          "height": 276,
          "size": 0
        }
      },
      "create_time": "2021-09-25 08:05:17",
      "url": "https:\/\/movie.douban.com\/photos\/photo\/2686414947\/",
      "collections_count": 1,
      "reshares_count": 0,
      "id": "2686414947",
      "author": {
        "loc": {
          "id": "118291",
          "name": "惠州",
          "uid": "huizhou"
        },
        "kind": "user",
        "name": "川",
        "url": "https:\/\/www.douban.com\/people\/200395500\/",
        "id": "200395500",
        "reg_time": "2019-07-25 13:25:32",
        "uri": "douban:\/\/douban.com\/user\/200395500",
        "avatar": "https://img2.doubanio.com\/icon\/up200395500-33.jpg",
        "is_club": false,
        "type": "user",
        "avatar_side_icon": "",
        "uid": "DIGIMON9527"
      },
      "is_collected": false,
      "type": "photo",
      "owner_uri": "douban:\/\/douban.com\/movie\/25845392",
      "status": null,
      "reaction_type": 0,
      "description": "",
      "sharing_url": "https:\/\/www.douban.com\/doubanapp\/dispatch?uri=\/photo\/2686414947\/",
      "likers_count": 1,
      "reply_limit": "A",
      "uri": "douban:\/\/douban.com\/photo\/2686414947",
      "subtype": "photo",
      "reactions_count": 1,
      "comments_count": 4,
      "position": 225
    },
    {
      "read_count": 666,
      "image": {
        "large": {
          "url": "https://img9.doubanio.com\/view\/photo\/l\/public\/p2686414925.jpg",
          "width": 1560,
          "height": 720,
          "size": 0
        },
        "raw": null,
        "small": {
          "url": "https://img9.doubanio.com\/view\/photo\/s\/public\/p2686414925.jpg",
          "width": 600,
          "height": 276,
          "size": 0
        },
        "is_animated": false,
        "normal": {
          "url": "https://img9.doubanio.com\/view\/photo\/m\/public\/p2686414925.jpg",
          "width": 600,
          "height": 276,
          "size": 0
        }
      },
      "create_time": "2021-09-25 08:04:49",
      "url": "https:\/\/movie.douban.com\/photos\/photo\/2686414925\/",
      "collections_count": 0,
      "reshares_count": 0,
      "id": "2686414925",
      "author": {
        "loc": {
          "id": "118291",
          "name": "惠州",
          "uid": "huizhou"
        },
        "kind": "user",
        "name": "川",
        "url": "https:\/\/www.douban.com\/people\/200395500\/",
        "id": "200395500",
        "reg_time": "2019-07-25 13:25:32",
        "uri": "douban:\/\/douban.com\/user\/200395500",
        "avatar": "https://img2.doubanio.com\/icon\/up200395500-33.jpg",
        "is_club": false,
        "type": "user",
        "avatar_side_icon": "",
        "uid": "DIGIMON9527"
      },
      "is_collected": false,
      "type": "photo",
      "owner_uri": "douban:\/\/douban.com\/movie\/25845392",
      "status": null,
      "reaction_type": 0,
      "description": "",
      "sharing_url": "https:\/\/www.douban.com\/doubanapp\/dispatch?uri=\/photo\/2686414925\/",
      "likers_count": 1,
      "reply_limit": "A",
      "uri": "douban:\/\/douban.com\/photo\/2686414925",
      "subtype": "photo",
      "reactions_count": 1,
      "comments_count": 0,
      "position": 228
    },
    {
      "read_count": 314,
      "image": {
        "large": {
          "url": "https://img9.doubanio.com\/view\/photo\/l\/public\/p2681644925.jpg",
          "width": 1600,
          "height": 900,
          "size": 0
        },
        "raw": null,
        "small": {
          "url": "https://img9.doubanio.com\/view\/photo\/s\/public\/p2681644925.jpg",
          "width": 600,
          "height": 337,
          "size": 0
        },
        "is_animated": false,
        "normal": {
          "url": "https://img9.doubanio.com\/view\/photo\/m\/public\/p2681644925.jpg",
          "width": 600,
          "height": 337,
          "size": 0
        }
      },
      "create_time": "2021-09-13 10:31:34",
      "url": "https:\/\/movie.douban.com\/photos\/photo\/2681644925\/",
      "collections_count": 0,
      "reshares_count": 0,
      "id": "2681644925",
      "author": {
        "loc": null,
        "kind": "user",
        "name": "龙造寺肥前守",
        "url": "https:\/\/www.douban.com\/people\/203338639\/",
        "id": "203338639",
        "reg_time": "2019-09-04 17:45:14",
        "uri": "douban:\/\/douban.com\/user\/203338639",
        "avatar": "https://img9.doubanio.com\/icon\/up203338639-4.jpg",
        "is_club": false,
        "type": "user",
        "avatar_side_icon": "",
        "uid": "203338639"
      },
      "is_collected": false,
      "type": "photo",
      "owner_uri": "douban:\/\/douban.com\/movie\/25845392",
      "status": null,
      "reaction_type": 0,
      "description": "",
      "sharing_url": "https:\/\/www.douban.com\/doubanapp\/dispatch?uri=\/photo\/2681644925\/",
      "likers_count": 1,
      "reply_limit": "A",
      "uri": "douban:\/\/douban.com\/photo\/2681644925",
      "subtype": "photo",
      "reactions_count": 1,
      "comments_count": 2,
      "position": 284
    }
  ],
  "w": 23,
  "total": 389,
  "start": 100
}