{
  "count": 18,
  "c": 138,
  "f": 13,
  "o": 88,
  "n": 127,
  "photos": [
    {
      "read_count": 491,
      "image": {
        "large": {
          "url": "https://img1.doubanio.com\/view\/photo\/l\/public\/p2683212798.jpg",
          "width": 1500,
          "height": 1000,
          "size": 0
        },
        "raw": null,
        "small": {
          "url": "https://img1.doubanio.com\/view\/photo\/s\/public\/p2683212798.jpg",
          "width": 600,
          "height": 400,
          "size": 0
        },
        "is_animated": false,
        "normal": {
          "url": "https://img1.doubanio.com\/view\/photo\/m\/public\/p2683212798.jpg",
          "width": 600,
          "height": 400,
          "size": 0
        }
      },
      "create_time": "2021-09-17 17:54:49",
      "url": "https:\/\/movie.douban.com\/photos\/photo\/2683212798\/",
      "collections_count": 0,
      "reshares_count": 0,
      "id": "2683212798",
      "author": {
        "loc": {
          "id": "128156",
          "name": "Praha",
          "uid": "praha"
        },
        "kind": "user",
        "name": "每天运动一小时",
        "url": "https:\/\/www.douban.com\/people\/179495030\/",
        "id": "179495030",
        "reg_time": "2018-06-04 17:59:56",
        "uri": "douban:\/\/douban.com\/user\/179495030",
        "avatar": "https://img1.doubanio.com\/icon\/up179495030-47.jpg",
        "is_club": false,
        "type": "user",
        "avatar_side_icon": "",
        "uid": "179495030"
      },
      "is_collected": false,
      "type": "photo",
      "owner_uri": "douban:\/\/douban.com\/movie\/25845392",
      "status": null,
      "reaction_type": 0,
      "description": "",
      "sharing_url": "https:\/\/www.douban.com\/doubanapp\/dispatch?uri=\/photo\/2683212798\/",
      "likers_count": 3,
      "reply_limit": "A",
      "uri": "douban:\/\/douban.com\/photo\/2683212798",
      "subtype": "photo",
      "reactions_count": 3,
      "comments_count": 7,
      "position": 252
    },
    {
      "read_count": 1354,
      "image": {
        "large": {
          "url": "https://img2.doubanio.com\/view\/photo\/l\/public\/p2681892911.jpg",
          "width": 1600,
          "height": 1066,
          "size": 0
        },
        "raw": null,
        "small": {
          "url": "https://img2.doubanio.com\/view\/photo\/s\/public\/p2681892911.jpg",
          "width": 600,
          "height": 400,
          "size": 0
        },
        "is_animated": false,
        "normal": {
          "url": "https://img2.doubanio.com\/view\/photo\/m\/public\/p2681892911.jpg",
          "width": 600,
          "height": 400,
          "size": 0
        }
      },
      "create_time": "2021-09-14 19:06:59",
      "url": "https:\/\/movie.douban.com\/photos\/photo\/2681892911\/",
      "collections_count": 1,
      "reshares_count": 0,
      "id": "2681892911",
      "author": {
        "loc": {
          "id": "108288",
          "name": "北京",
          "uid": "beijing"
        },
        "kind": "user",
        "name": "FUA",
        "url": "https:\/\/www.douban.com\/people\/122971558\/",
        "id": "122971558",
        "reg_time": "2015-03-16 11:03:22",
        "uri": "douban:\/\/douban.com\/user\/122971558",
        "avatar": "https://img2.doubanio.com\/icon\/up122971558-2.jpg",
        "is_club": false,
        "type": "user",
        "avatar_side_icon": "",
        "uid": "122971558"
      },
      "is_collected": false,
      "type": "photo",
      "owner_uri": "douban:\/\/douban.com\/movie\/25845392",
      "status": null,
      "reaction_type": 0,
      "description": "电影《长津湖》演员胡军剧照",
      "sharing_url": "https:\/\/www.douban.com\/doubanapp\/dispatch?uri=\/photo\/2681892911\/",
      "likers_count": 3,
      "reply_limit": "A",
      "uri": "douban:\/\/douban.com\/photo\/2681892911",
      "subtype": "photo",
      "reactions_count": 3,
      "comments_count": 5,
      "position": 271
    },
    {
      "read_count": 617,
      "image": {
        "large": {
          "url": "https://img3.doubanio.com\/view\/photo\/l\/public\/p2681892910.jpg",
          "width": 1600,
          "height": 1066,
          "size": 0
        },
        "raw": null,
        "small": {
          "url": "https://img3.doubanio.com\/view\/photo\/s\/public\/p2681892910.jpg",
          "width": 600,
          "height": 400,
          "size": 0
        },
        "is_animated": false,
        "normal": {
          "url": "https://img3.doubanio.com\/view\/photo\/m\/public\/p2681892910.jpg",
          "width": 600,
          "height": 400,
          "size": 0
        }
      },
      "create_time": "2021-09-14 19:06:59",
      "url": "https:\/\/movie.douban.com\/photos\/photo\/2681892910\/",
      "collections_count": 1,
      "reshares_count": 0,
      "id": "2681892910",
      "author": {
        "loc": {
          "id": "108288",
          "name": "北京",
          "uid": "beijing"
        },
        "kind": "user",
        "name": "FUA",
        "url": "https:\/\/www.douban.com\/people\/122971558\/",
        "id": "122971558",
        "reg_time": "2015-03-16 11:03:22",
        "uri": "douban:\/\/douban.com\/user\/122971558",
        "avatar": "https://img2.doubanio.com\/icon\/up122971558-2.jpg",
        "is_club": false,
        "type": "user",
        "avatar_side_icon": "",
        "uid": "122971558"
      },
      "is_collected": false,
      "type": "photo",
      "owner_uri": "douban:\/\/douban.com\/movie\/25845392",
      "status": null,
      "reaction_type": 0,
      "description": "电影《长津湖》演员李晨剧照",
      "sharing_url": "https:\/\/www.douban.com\/doubanapp\/dispatch?uri=\/photo\/2681892910\/",
      "likers_count": 3,
      "reply_limit": "A",
      "uri": "douban:\/\/douban.com\/photo\/2681892910",
      "subtype": "photo",
      "reactions_count": 3,
      "comments_count": 0,
      "position": 272
    },
    {
      "read_count": 519,
      "image": {
        "large": {
          "url": "https://img1.doubanio.com\/view\/photo\/l\/public\/p2688875629.jpg",
          "width": 1500,
          "height": 1000,
          "size": 0
        },
        "raw": null,
        "small": {
          "url": "https://img1.doubanio.com\/view\/photo\/s\/public\/p2688875629.jpg",
          "width": 600,
          "height": 400,
          "size": 0
        },
        "is_animated": false,
        "normal": {
          "url": "https://img1.doubanio.com\/view\/photo\/m\/public\/p2688875629.jpg",
          "width": 600,
          "height": 400,
          "size": 0
        }
      },
      "create_time": "2021-10-01 00:44:37",
      "url": "https:\/\/movie.douban.com\/photos\/photo\/2688875629\/",
      "collections_count": 0,
      "reshares_count": 0,
      "id": "2688875629",
      "author": {
        "loc": {
          "id": "108288",
          "name": "北京",
          "uid": "beijing"
        },
        "kind": "user",
        "name": "雨落下",
        "url": "https:\/\/www.douban.com\/people\/221011676\/",
        "id": "221011676",
        "reg_time": "2020-08-11 16:22:48",
        "uri": "douban:\/\/douban.com\/user\/221011676",
        "avatar": "https://img2.doubanio.com\/icon\/up221011676-2.jpg",
        "is_club": false,
        "type": "user",
        "avatar_side_icon": "",
        "uid": "221011676"
      },
      "is_collected": false,
      "type": "photo",
      "owner_uri": "douban:\/\/douban.com\/movie\/25845392",
      "status": null,
      "reaction_type": 0,
      "description": "电影《长津湖》演员吴京、易烊千玺剧照",
      "sharing_url": "https:\/\/www.douban.com\/doubanapp\/dispatch?uri=\/photo\/2688875629\/",
      "likers_count": 2,
      "reply_limit": "A",
      "uri": "douban:\/\/douban.com\/photo\/2688875629",
      "subtype": "photo",
      "reactions_count": 2,
      "comments_count": 0,
      "position": 166
    },
    {
      "read_count": 493,
      "image": {
        "large": {
          "url": "https://img1.doubanio.com\/view\/photo\/l\/public\/p2688872829.jpg",
          "width": 1600,
          "height": 1066,
          "size": 0
        },
        "raw": null,
        "small": {
          "url": "https://img1.doubanio.com\/view\/photo\/s\/public\/p2688872829.jpg",
          "width": 600,
          "height": 400,
          "size": 0
        },
        "is_animated": false,
        "normal": {
          "url": "https://img1.doubanio.com\/view\/photo\/m\/public\/p2688872829.jpg",
          "width": 600,
          "height": 400,
          "size": 0
        }
      },
      "create_time": "2021-09-30 23:57:35",
      "url": "https:\/\/movie.douban.com\/photos\/photo\/2688872829\/",
      "collections_count": 0,
      "reshares_count": 0,
      "id": "2688872829",
      "author": {
        "loc": null,
        "kind": "user",
        "name": "Spring",
        "url": "https:\/\/www.douban.com\/people\/197670513\/",
        "id": "197670513",
        "reg_time": "2019-06-09 23:51:12",
        "uri": "douban:\/\/douban.com\/user\/197670513",
        "avatar": "https://img2.doubanio.com\/icon\/up197670513-1.jpg",
        "is_club": false,
        "type": "user",
        "avatar_side_icon": "",
        "uid": "197670513"
      },
      "is_collected": false,
      "type": "photo",
      "owner_uri": "douban:\/\/douban.com\/movie\/25845392",
      "status": null,
      "reaction_type": 0,
      "description": "",
      "sharing_url": "https:\/\/www.douban.com\/doubanapp\/dispatch?uri=\/photo\/2688872829\/",
      "likers_count": 2,
      "reply_limit": "A",
      "uri": "douban:\/\/douban.com\/photo\/2688872829",
      "subtype": "photo",
      "reactions_count": 2,
      "comments_count": 1,
      "position": 177
    },
    {
      "read_count": 651,
      "image": {
        "large": {
          "url": "https://img2.doubanio.com\/view\/photo\/l\/public\/p2687939381.jpg",
          "width": 1066,
          "height": 1600,
          "size": 0
        },
        "raw": null,
        "small": {
          "url": "https://img2.doubanio.com\/view\/photo\/s\/public\/p2687939381.jpg",
          "width": 400,
          "height": 600,
          "size": 0
        },
        "is_animated": false,
        "normal": {
          "url": "https://img2.doubanio.com\/view\/photo\/m\/public\/p2687939381.jpg",
          "width": 400,
          "height": 600,
          "size": 0
        }
      },
      "create_time": "2021-09-28 13:22:13",
      "url": "https:\/\/movie.douban.com\/photos\/photo\/2687939381\/",
      "collections_count": 1,
      "reshares_count": 0,
      "id": "2687939381",
      "author": {
        "loc": {
          "id": "108288",
          "name": "北京",
          "uid": "beijing"
        },
        "kind": "user",
        "name": "平常无常",
        "url": "https:\/\/www.douban.com\/people\/95935082\/",
        "id": "95935082",
        "reg_time": "2014-08-06 01:29:35",
        "uri": "douban:\/\/douban.com\/user\/95935082",
        "avatar": "https://img1.doubanio.com\/icon\/u95935082-9.jpg",
        "is_club": false,
        "type": "user",
        "avatar_side_icon": "",
        "uid": "95935082"
      },
      "is_collected": false,
      "type": "photo",
      "owner_uri": "douban:\/\/douban.com\/movie\/25845392",
      "status": null,
      "reaction_type": 0,
      "description": "",
      "sharing_url": "https:\/\/www.douban.com\/doubanapp\/dispatch?uri=\/photo\/2687939381\/",
      "likers_count": 2,
      "reply_limit": "A",
      "uri": "douban:\/\/douban.com\/photo\/2687939381",
      "subtype": "photo",
      "reactions_count": 2,
      "comments_count": 3,
      "position": 196
    },
    {
      "read_count": 1212,
      "image": {
        "large": {
          "url": "https://img1.doubanio.com\/view\/photo\/l\/public\/p2687938889.jpg",
          "width": 1600,
          "height": 1066,
          "size": 0
        },
        "raw": null,
        "small": {
          "url": "https://img1.doubanio.com\/view\/photo\/s\/public\/p2687938889.jpg",
          "width": 600,
          "height": 400,
          "size": 0
        },
        "is_animated": false,
        "normal": {
          "url": "https://img1.doubanio.com\/view\/photo\/m\/public\/p2687938889.jpg",
          "width": 600,
          "height": 400,
          "size": 0
        }
      },
      "create_time": "2021-09-28 13:21:20",
      "url": "https:\/\/movie.douban.com\/photos\/photo\/2687938889\/",
      "collections_count": 2,
      "reshares_count": 0,
      "id": "2687938889",
      "author": {
        "loc": {
          "id": "108288",
          "name": "北京",
          "uid": "beijing"
        },
        "kind": "user",
        "name": "平常无常",
        "url": "https:\/\/www.douban.com\/people\/95935082\/",
        "id": "95935082",
        "reg_time": "2014-08-06 01:29:35",
        "uri": "douban:\/\/douban.com\/user\/95935082",
        "avatar": "https://img1.doubanio.com\/icon\/u95935082-9.jpg",
        "is_club": false,
        "type": "user",
        "avatar_side_icon": "",
        "uid": "95935082"
      },
      "is_collected": false,
      "type": "photo",
      "owner_uri": "douban:\/\/douban.com\/movie\/25845392",
      "status": null,
      "reaction_type": 0,
      "description": "",
      "sharing_url": "https:\/\/www.douban.com\/doubanapp\/dispatch?uri=\/photo\/2687938889\/",
      "likers_count": 2,
      "reply_limit": "A",
      "uri": "douban:\/\/douban.com\/photo\/2687938889",
      "subtype": "photo",
      "reactions_count": 2,
      "comments_count": 4,
      "position": 202
    },
    {
      "read_count": 110,
      "image": {
        "large": {
          "url": "https://img9.doubanio.com\/view\/photo\/l\/public\/p2681858055.jpg",
          "width": 1600,
          "height": 1066,
          "size": 0
        },
        "raw": null,
        "small": {
          "url": "https://img9.doubanio.com\/view\/photo\/s\/public\/p2681858055.jpg",
          "width": 600,
          "height": 400,
          "size": 0
        },
        "is_animated": false,
        "normal": {
          "url": "https://img9.doubanio.com\/view\/photo\/m\/public\/p2681858055.jpg",
          "width": 600,
          "height": 400,
          "size": 0
        }
      },
      "create_time": "2021-09-14 14:34:06",
      "url": "https:\/\/movie.douban.com\/photos\/photo\/2681858055\/",
      "collections_count": 0,
      "reshares_count": 0,
      "id": "2681858055",
      "author": {
        "loc": {
          "id": "118318",
          "name": "成都",
          "uid": "chengdu"
        },
        "kind": "user",
        "name": "每天运动—小时",
        "url": "https:\/\/www.douban.com\/people\/89421495\/",
        "id": "89421495",
        "reg_time": "2014-05-22 00:01:28",
        "uri": "douban:\/\/douban.com\/user\/89421495",
        "avatar": "https://img2.doubanio.com\/icon\/up89421495-11.jpg",
        "is_club": false,
        "type": "user",
        "avatar_side_icon": "",
        "uid": "89421495"
      },
      "is_collected": false,
      "type": "photo",
      "owner_uri": "douban:\/\/douban.com\/movie\/25845392",
      "status": null,
      "reaction_type": 0,
      "description": "",
      "sharing_url": "https:\/\/www.douban.com\/doubanapp\/dispatch?uri=\/photo\/2681858055\/",
      "likers_count": 2,
      "reply_limit": "A",
      "uri": "douban:\/\/douban.com\/photo\/2681858055",
      "subtype": "photo",
      "reactions_count": 2,
      "comments_count": 0,
      "position": 276
    },
    {
      "read_count": 198,
      "image": {
        "large": {
          "url": "https://img1.doubanio.com\/view\/photo\/l\/public\/p2689985138.jpg",
          "width": 1500,
          "height": 1000,
          "size": 0
        },
        "raw": null,
        "small": {
          "url": "https://img1.doubanio.com\/view\/photo\/s\/public\/p2689985138.jpg",
          "width": 600,
          "height": 400,
          "size": 0
        },
        "is_animated": false,
        "normal": {
          "url": "https://img1.doubanio.com\/view\/photo\/m\/public\/p2689985138.jpg",
          "width": 600,
          "height": 400,
          "size": 0
        }
      },
      "create_time": "2021-10-03 09:55:31",
      "url": "https:\/\/movie.douban.com\/photos\/photo\/2689985138\/",
      "collections_count": 0,
      "reshares_count": 0,
      "id": "2689985138",
      "author": {
        "loc": {
          "id": "128156",
          "name": "Praha",
          "uid": "praha"
        },
        "kind": "user",
        "name": "每天运动一小时",
        "url": "https:\/\/www.douban.com\/people\/179495030\/",
        "id": "179495030",
        "reg_time": "2018-06-04 17:59:56",
        "uri": "douban:\/\/douban.com\/user\/179495030",
        "avatar": "https://img1.doubanio.com\/icon\/up179495030-47.jpg",
        "is_club": false,
        "type": "user",
        "avatar_side_icon": "",
        "uid": "179495030"
      },
      "is_collected": false,
      "type": "photo",
      "owner_uri": "douban:\/\/douban.com\/movie\/25845392",
      "status": null,
      "reaction_type": 0,
      "description": "电影《长津湖》演员朱亚文、李晨剧照",
      "sharing_url": "https:\/\/www.douban.com\/doubanapp\/dispatch?uri=\/photo\/2689985138\/",
      "likers_count": 1,
      "reply_limit": "A",
      "uri": "douban:\/\/douban.com\/photo\/2689985138",
      "subtype": "photo",
      "reactions_count": 1,
      "comments_count": 0,
      "position": 143
    },
    {
      "read_count": 251,
      "image": {
        "large": {
          "url": "https://img9.doubanio.com\/view\/photo\/l\/public\/p2689985136.jpg",
          "width": 1500,
          "height": 1000,
          "size": 0
        },
        "raw": null,
        "small": {
          "url": "https://img9.doubanio.com\/view\/photo\/s\/public\/p2689985136.jpg",
          "width": 600,
          "height": 400,
          "size": 0
        },
        "is_animated": false,
        "normal": {
          "url": "https://img9.doubanio.com\/view\/photo\/m\/public\/p2689985136.jpg",
          "width": 600,
          "height": 400,
          "size": 0
        }
      },
      "create_time": "2021-10-03 09:55:31",
      "url": "https:\/\/movie.douban.com\/photos\/photo\/2689985136\/",
      "collections_count": 0,
      "reshares_count": 0,
      "id": "2689985136",
      "author": {
        "loc": {
          "id": "128156",
          "name": "Praha",
          "uid": "praha"
        },
        "kind": "user",
        "name": "每天运动一小时",
        "url": "https:\/\/www.douban.com\/people\/179495030\/",
        "id": "179495030",
        "reg_time": "2018-06-04 17:59:56",
        "uri": "douban:\/\/douban.com\/user\/179495030",
        "avatar": "https://img1.doubanio.com\/icon\/up179495030-47.jpg",
        "is_club": false,
        "type": "user",
        "avatar_side_icon": "",
        "uid": "179495030"
      },
      "is_collected": false,
      "type": "photo",
      "owner_uri": "douban:\/\/douban.com\/movie\/25845392",
      "status": null,
      "reaction_type": 0,
      "description": "电影《长津湖》演员易烊千玺、史彭元剧照",
      "sharing_url": "https:\/\/www.douban.com\/doubanapp\/dispatch?uri=\/photo\/2689985136\/",
      "likers_count": 1,
      "reply_limit": "A",
      "uri": "douban:\/\/douban.com\/photo\/2689985136",
      "subtype": "photo",
      "reactions_count": 1,
      "comments_count": 1,
      "position": 145
    },
    {
      "read_count": 498,
      "image": {
        "large": {
          "url": "https://img9.doubanio.com\/view\/photo\/l\/public\/p2689985134.jpg",
          "width": 1500,
          "height": 1000,
          "size": 0
        },
        "raw": null,
        "small": {
          "url": "https://img9.doubanio.com\/view\/photo\/s\/public\/p2689985134.jpg",
          "width": 600,
          "height": 400,
          "size": 0
        },
        "is_animated": false,
        "normal": {
          "url": "https://img9.doubanio.com\/view\/photo\/m\/public\/p2689985134.jpg",
          "width": 600,
          "height": 400,
          "size": 0
        }
      },
      "create_time": "2021-10-03 09:55:31",
      "url": "https:\/\/movie.douban.com\/photos\/photo\/2689985134\/",
      "collections_count": 0,
      "reshares_count": 0,
      "id": "2689985134",
      "author": {
        "loc": {
          "id": "128156",
          "name": "Praha",
          "uid": "praha"
        },
        "kind": "user",
        "name": "每天运动一小时",
        "url": "https:\/\/www.douban.com\/people\/179495030\/",
        "id": "179495030",
        "reg_time": "2018-06-04 17:59:56",
        "uri": "douban:\/\/douban.com\/user\/179495030",
        "avatar": "https://img1.doubanio.com\/icon\/up179495030-47.jpg",
        "is_club": false,
        "type": "user",
        "avatar_side_icon": "",
        "uid": "179495030"
      },
      "is_collected": false,
      "type": "photo",
      "owner_uri": "douban:\/\/douban.com\/movie\/25845392",
      "status": null,
      "reaction_type": 0,
      "description": "电影《长津湖》空镜剧照",
      "sharing_url": "https:\/\/www.douban.com\/doubanapp\/dispatch?uri=\/photo\/2689985134\/",
      "likers_count": 1,
      "reply_limit": "A",
      "uri": "douban:\/\/douban.com\/photo\/2689985134",
      "subtype": "photo",
      "reactions_count": 1,
      "comments_count": 0,
      "position": 146
    },
    {
      "read_count": 587,
      "image": {
        "large": {
          "url": "https://img1.doubanio.com\/view\/photo\/l\/public\/p2689985129.jpg",
          "width": 1500,
          "height": 1000,
          "size": 0
        },
        "raw": null,
        "small": {
          "url": "https://img1.doubanio.com\/view\/photo\/s\/public\/p2689985129.jpg",
          "width": 600,
          "height": 400,
          "size": 0
        },
        "is_animated": false,
        "normal": {
          "url": "https://img1.doubanio.com\/view\/photo\/m\/public\/p2689985129.jpg",
          "width": 600,
          "height": 400,
          "size": 0
        }
      },
      "create_time": "2021-10-03 09:55:30",
      "url": "https:\/\/movie.douban.com\/photos\/photo\/2689985129\/",
      "collections_count": 0,
      "reshares_count": 0,
      "id": "2689985129",
      "author": {
        "loc": {
          "id": "128156",
          "name": "Praha",
          "uid": "praha"
        },
        "kind": "user",
        "name": "每天运动一小时",
        "url": "https:\/\/www.douban.com\/people\/179495030\/",
        "id": "179495030",
        "reg_time": "2018-06-04 17:59:56",
        "uri": "douban:\/\/douban.com\/user\/179495030",
        "avatar": "https://img1.doubanio.com\/icon\/up179495030-47.jpg",
        "is_club": false,
        "type": "user",
        "avatar_side_icon": "",
        "uid": "179495030"
      },
      "is_collected": false,
      "type": "photo",
      "owner_uri": "douban:\/\/douban.com\/movie\/25845392",
      "status": null,
      "reaction_type": 0,
      "description": "电影《长津湖》剧照",
      "sharing_url": "https:\/\/www.douban.com\/doubanapp\/dispatch?uri=\/photo\/2689985129\/",
      "likers_count": 1,
      "reply_limit": "A",
      "uri": "douban:\/\/douban.com\/photo\/2689985129",
      "subtype": "photo",
      "reactions_count": 1,
      "comments_count": 0,
      "position": 148
    },
    {
      "read_count": 1089,
      "image": {
        "large": {
          "url": "https://img9.doubanio.com\/view\/photo\/l\/public\/p2688875625.jpg",
          "width": 960,
          "height": 600,
          "size": 0
        },
        "raw": null,
        "small": {
          "url": "https://img9.doubanio.com\/view\/photo\/s\/public\/p2688875625.jpg",
          "width": 600,
          "height": 375,
          "size": 0
        },
        "is_animated": false,
        "normal": {
          "url": "https://img9.doubanio.com\/view\/photo\/m\/public\/p2688875625.jpg",
          "width": 600,
          "height": 375,
          "size": 0
        }
      },
      "create_time": "2021-10-01 00:44:37",
      "url": "https:\/\/movie.douban.com\/photos\/photo\/2688875625\/",
      "collections_count": 1,
      "reshares_count": 0,
      "id": "2688875625",
      "author": {
        "loc": {
          "id": "108288",
          "name": "北京",
          "uid": "beijing"
        },
        "kind": "user",
        "name": "雨落下",
        "url": "https:\/\/www.douban.com\/people\/221011676\/",
        "id": "221011676",
        "reg_time": "2020-08-11 16:22:48",
        "uri": "douban:\/\/douban.com\/user\/221011676",
        "avatar": "https://img2.doubanio.com\/icon\/up221011676-2.jpg",
        "is_club": false,
        "type": "user",
        "avatar_side_icon": "",
        "uid": "221011676"
      },
      "is_collected": false,
      "type": "photo",
      "owner_uri": "douban:\/\/douban.com\/movie\/25845392",
      "status": null,
      "reaction_type": 0,
      "description": "",
      "sharing_url": "https:\/\/www.douban.com\/doubanapp\/dispatch?uri=\/photo\/2688875625\/",
      "likers_count": 1,
      "reply_limit": "A",
      "uri": "douban:\/\/douban.com\/photo\/2688875625",
      "subtype": "photo",
      "reactions_count": 1,
      "comments_count": 0,
      "position": 167
    },
    {
      "read_count": 412,
      "image": {
        "large": {
          "url": "https://img1.doubanio.com\/view\/photo\/l\/public\/p2688875617.jpg",
          "width": 1500,
          "height": 1000,
          "size": 0
        },
        "raw": null,
        "small": {
          "url": "https://img1.doubanio.com\/view\/photo\/s\/public\/p2688875617.jpg",
          "width": 600,
          "height": 400,
          "size": 0
        },
        "is_animated": false,
        "normal": {
          "url": "https://img1.doubanio.com\/view\/photo\/m\/public\/p2688875617.jpg",
          "width": 600,
          "height": 400,
          "size": 0
        }
      },
      "create_time": "2021-10-01 00:44:35",
      "url": "https:\/\/movie.douban.com\/photos\/photo\/2688875617\/",
      "collections_count": 0,
      "reshares_count": 0,
      "id": "2688875617",
      "author": {
        "loc": {
          "id": "108288",
          "name": "北京",
          "uid": "beijing"
        },
        "kind": "user",
        "name": "雨落下",
        "url": "https:\/\/www.douban.com\/people\/221011676\/",
        "id": "221011676",
        "reg_time": "2020-08-11 16:22:48",
        "uri": "douban:\/\/douban.com\/user\/221011676",
        "avatar": "https://img2.doubanio.com\/icon\/up221011676-2.jpg",
        "is_club": false,
        "type": "user",
        "avatar_side_icon": "",
        "uid": "221011676"
      },
      "is_collected": false,
      "type": "photo",
      "owner_uri": "douban:\/\/douban.com\/movie\/25845392",
      "status": null,
      "reaction_type": 0,
      "description": "电影《长津湖》场景剧照",
      "sharing_url": "https:\/\/www.douban.com\/doubanapp\/dispatch?uri=\/photo\/2688875617\/",
      "likers_count": 1,
      "reply_limit": "A",
      "uri": "douban:\/\/douban.com\/photo\/2688875617",
      "subtype": "photo",
      "reactions_count": 1,
      "comments_count": 0,
      "position": 172
    },
    {
      "read_count": 915,
      "image": {
        "large": {
          "url": "https://img3.doubanio.com\/view\/photo\/l\/public\/p2688872790.jpg",
          "width": 1600,
          "height": 1066,
          "size": 0
        },
        "raw": null,
        "small": {
          "url": "https://img3.doubanio.com\/view\/photo\/s\/public\/p2688872790.jpg",
          "width": 600,
          "height": 400,
          "size": 0
        },
        "is_animated": false,
        "normal": {
          "url": "https://img3.doubanio.com\/view\/photo\/m\/public\/p2688872790.jpg",
          "width": 600,
          "height": 400,
          "size": 0
        }
      },
      "create_time": "2021-09-30 23:57:00",
      "url": "https:\/\/movie.douban.com\/photos\/photo\/2688872790\/",
      "collections_count": 1,
      "reshares_count": 0,
      "id": "2688872790",
      "author": {
        "loc": null,
        "kind": "user",
        "name": "Spring",
        "url": "https:\/\/www.douban.com\/people\/197670513\/",
        "id": "197670513",
        "reg_time": "2019-06-09 23:51:12",
        "uri": "douban:\/\/douban.com\/user\/197670513",
        "avatar": "https://img2.doubanio.com\/icon\/up197670513-1.jpg",
        "is_club": false,
        "type": "user",
        "avatar_side_icon": "",
        "uid": "197670513"
      },
      "is_collected": false,
      "type": "photo",
      "owner_uri": "douban:\/\/douban.com\/movie\/25845392",
      "status": null,
      "reaction_type": 0,
      "description": "",
      "sharing_url": "https:\/\/www.douban.com\/doubanapp\/dispatch?uri=\/photo\/2688872790\/",
      "likers_count": 1,
      "reply_limit": "A",
      "uri": "douban:\/\/douban.com\/photo\/2688872790",
      "subtype": "photo",
      "reactions_count": 1,
      "comments_count": 0,
      "position": 181
    },
    {
      "read_count": 362,
      "image": {
        "large": {
          "url": "https://img2.doubanio.com\/view\/photo\/l\/public\/p2687941322.jpg",
          "width": 1600,
          "height": 1066,
          "size": 0
        },
        "raw": null,
        "small": {
          "url": "https://img2.doubanio.com\/view\/photo\/s\/public\/p2687941322.jpg",
          "width": 600,
          "height": 400,
          "size": 0
        },
        "is_animated": false,
        "normal": {
          "url": "https://img2.doubanio.com\/view\/photo\/m\/public\/p2687941322.jpg",
          "width": 600,
          "height": 400,
          "size": 0
        }
      },
      "create_time": "2021-09-28 13:26:56",
      "url": "https:\/\/movie.douban.com\/photos\/photo\/2687941322\/",
      "collections_count": 0,
      "reshares_count": 0,
      "id": "2687941322",
      "author": {
        "loc": {
          "id": "108288",
          "name": "北京",
          "uid": "beijing"
        },
        "kind": "user",
        "name": "平常无常",
        "url": "https:\/\/www.douban.com\/people\/95935082\/",
        "id": "95935082",
        "reg_time": "2014-08-06 01:29:35",
        "uri": "douban:\/\/douban.com\/user\/95935082",
        "avatar": "https://img1.doubanio.com\/icon\/u95935082-9.jpg",
        "is_club": false,
        "type": "user",
        "avatar_side_icon": "",
        "uid": "95935082"
      },
      "is_collected": false,
      "type": "photo",
      "owner_uri": "douban:\/\/douban.com\/movie\/25845392",
      "status": null,
      "reaction_type": 0,
      "description": "",
      "sharing_url": "https:\/\/www.douban.com\/doubanapp\/dispatch?uri=\/photo\/2687941322\/",
      "likers_count": 1,
      "reply_limit": "A",
      "uri": "douban:\/\/douban.com\/photo\/2687941322",
      "subtype": "photo",
      "reactions_count": 1,
      "comments_count": 0,
      "position": 195
    },
    {
      "read_count": 925,
      "image": {
        "large": {
          "url": "https://img9.doubanio.com\/view\/photo\/l\/public\/p2687939066.jpg",
          "width": 1600,
          "height": 1066,
          "size": 0
        },
        "raw": null,
        "small": {
          "url": "https://img9.doubanio.com\/view\/photo\/s\/public\/p2687939066.jpg",
          "width": 600,
          "height": 400,
          "size": 0
        },
        "is_animated": false,
        "normal": {
          "url": "https://img9.doubanio.com\/view\/photo\/m\/public\/p2687939066.jpg",
          "width": 600,
          "height": 400,
          "size": 0
        }
      },
      "create_time": "2021-09-28 13:21:39",
      "url": "https:\/\/movie.douban.com\/photos\/photo\/2687939066\/",
      "collections_count": 1,
      "reshares_count": 0,
      "id": "2687939066",
      "author": {
        "loc": {
          "id": "108288",
          "name": "北京",
          "uid": "beijing"
        },
        "kind": "user",
        "name": "平常无常",
        "url": "https:\/\/www.douban.com\/people\/95935082\/",
        "id": "95935082",
        "reg_time": "2014-08-06 01:29:35",
        "uri": "douban:\/\/douban.com\/user\/95935082",
        "avatar": "https://img1.doubanio.com\/icon\/u95935082-9.jpg",
        "is_club": false,
        "type": "user",
        "avatar_side_icon": "",
        "uid": "95935082"
      },
      "is_collected": false,
      "type": "photo",
      "owner_uri": "douban:\/\/douban.com\/movie\/25845392",
      "status": null,
      "reaction_type": 0,
      "description": "",
      "sharing_url": "https:\/\/www.douban.com\/doubanapp\/dispatch?uri=\/photo\/2687939066\/",
      "likers_count": 1,
      "reply_limit": "A",
      "uri": "douban:\/\/douban.com\/photo\/2687939066",
      "subtype": "photo",
      "reactions_count": 1,
      "comments_count": 6,
      "position": 201
    },
    {
      "read_count": 330,
      "image": {
        "large": {
          "url": "https://img9.doubanio.com\/view\/photo\/l\/public\/p2683212794.jpg",
          "width": 1500,
          "height": 1000,
          "size": 0
        },
        "raw": null,
        "small": {
          "url": "https://img9.doubanio.com\/view\/photo\/s\/public\/p2683212794.jpg",
          "width": 600,
          "height": 400,
          "size": 0
        },
        "is_animated": false,
        "normal": {
          "url": "https://img9.doubanio.com\/view\/photo\/m\/public\/p2683212794.jpg",
          "width": 600,
          "height": 400,
          "size": 0
        }
      },
      "create_time": "2021-09-17 17:54:49",
      "url": "https:\/\/movie.douban.com\/photos\/photo\/2683212794\/",
      "collections_count": 0,
      "reshares_count": 0,
      "id": "2683212794",
      "author": {
        "loc": {
          "id": "128156",
          "name": "Praha",
          "uid": "praha"
        },
        "kind": "user",
        "name": "每天运动一小时",
        "url": "https:\/\/www.douban.com\/people\/179495030\/",
        "id": "179495030",
        "reg_time": "2018-06-04 17:59:56",
        "uri": "douban:\/\/douban.com\/user\/179495030",
        "avatar": "https://img1.doubanio.com\/icon\/up179495030-47.jpg",
        "is_club": false,
        "type": "user",
        "avatar_side_icon": "",
        "uid": "179495030"
      },
      "is_collected": false,
      "type": "photo",
      "owner_uri": "douban:\/\/douban.com\/movie\/25845392",
      "status": null,
      "reaction_type": 0,
      "description": "",
      "sharing_url": "https:\/\/www.douban.com\/doubanapp\/dispatch?uri=\/photo\/2683212794\/",
      "likers_count": 1,
      "reply_limit": "A",
      "uri": "douban:\/\/douban.com\/photo\/2683212794",
      "subtype": "photo",
      "reactions_count": 1,
      "comments_count": 2,
      "position": 254
    }
  ],
  "w": 23,
  "total": 389,
  "start": 40
}