{
  "count": 18,
  "c": 138,
  "f": 13,
  "o": 88,
  "n": 127,
  "photos": [
    {
      "read_count": 92,
      "image": {
        "large": {
          "url": "https://img1.doubanio.com\/view\/photo\/l\/public\/p2692150679.jpg",
          "width": 1600,
          "height": 843,
          "size": 0
        },
        "raw": null,
        "small": {
          "url": "https://img1.doubanio.com\/view\/photo\/s\/public\/p2692150679.jpg",
          "width": 600,
          "height": 316,
          "size": 0
        },
        "is_animated": false,
        "normal": {
          "url": "https://img1.doubanio.com\/view\/photo\/m\/public\/p2692150679.jpg",
          "width": 600,
          "height": 316,
          "size": 0
        }
      },
      "create_time": "2021-10-08 01:34:40",
      "url": "https:\/\/movie.douban.com\/photos\/photo\/2692150679\/",
      "collections_count": 0,
      "reshares_count": 0,
      "id": "2692150679",
      "author": {
        "loc": null,
        "kind": "user",
        "name": "不安的传说",
        "url": "https:\/\/www.douban.com\/people\/4044848\/",
        "id": "4044848",
        "reg_time": "2009-04-22 20:01:14",
        "uri": "douban:\/\/douban.com\/user\/4044848",
        "avatar": "https://img1.doubanio.com\/icon\/up4044848-8.jpg",
        "is_club": false,
        "type": "user",
        "avatar_side_icon": "",
        "uid": "4044848"
      },
      "is_collected": false,
      "type": "photo",
      "owner_uri": "douban:\/\/douban.com\/movie\/25845392",
      "status": null,
      "reaction_type": 0,
      "description": "",
      "sharing_url": "https:\/\/www.douban.com\/doubanapp\/dispatch?uri=\/photo\/2692150679\/",
      "likers_count": 0,
      "reply_limit": "A",
      "uri": "douban:\/\/douban.com\/photo\/2692150679",
      "subtype": "photo",
      "reactions_count": 0,
      "comments_count": 0,
      "position": 52
    },
    {
      "read_count": 130,
      "image": {
        "large": {
          "url": "https://img1.doubanio.com\/view\/photo\/l\/public\/p2692150678.jpg",
          "width": 1600,
          "height": 843,
          "size": 0
        },
        "raw": null,
        "small": {
          "url": "https://img1.doubanio.com\/view\/photo\/s\/public\/p2692150678.jpg",
          "width": 600,
          "height": 316,
          "size": 0
        },
        "is_animated": false,
        "normal": {
          "url": "https://img1.doubanio.com\/view\/photo\/m\/public\/p2692150678.jpg",
          "width": 600,
          "height": 316,
          "size": 0
        }
      },
      "create_time": "2021-10-08 01:34:40",
      "url": "https:\/\/movie.douban.com\/photos\/photo\/2692150678\/",
      "collections_count": 0,
      "reshares_count": 0,
      "id": "2692150678",
      "author": {
        "loc": null,
        "kind": "user",
        "name": "不安的传说",
        "url": "https:\/\/www.douban.com\/people\/4044848\/",
        "id": "4044848",
        "reg_time": "2009-04-22 20:01:14",
        "uri": "douban:\/\/douban.com\/user\/4044848",
        "avatar": "https://img1.doubanio.com\/icon\/up4044848-8.jpg",
        "is_club": false,
        "type": "user",
        "avatar_side_icon": "",
        "uid": "4044848"
      },
      "is_collected": false,
      "type": "photo",
      "owner_uri": "douban:\/\/douban.com\/movie\/25845392",
      "status": null,
      "reaction_type": 0,
      "description": "",
      "sharing_url": "https:\/\/www.douban.com\/doubanapp\/dispatch?uri=\/photo\/2692150678\/",
      "likers_count": 0,
      "reply_limit": "A",
      "uri": "douban:\/\/douban.com\/photo\/2692150678",
      "subtype": "photo",
      "reactions_count": 0,
      "comments_count": 0,
      "position": 53
    },
    {
      "read_count": 68,
      "image": {
        "large": {
          "url": "https://img9.doubanio.com\/view\/photo\/l\/public\/p2692150675.jpg",
          "width": 1600,
          "height": 843,
          "size": 0
        },
        "raw": null,
        "small": {
          "url": "https://img9.doubanio.com\/view\/photo\/s\/public\/p2692150675.jpg",
          "width": 600,
          "height": 316,
          "size": 0
        },
        "is_animated": false,
        "normal": {
          "url": "https://img9.doubanio.com\/view\/photo\/m\/public\/p2692150675.jpg",
          "width": 600,
          "height": 316,
          "size": 0
        }
      },
      "create_time": "2021-10-08 01:34:40",
      "url": "https:\/\/movie.douban.com\/photos\/photo\/2692150675\/",
      "collections_count": 0,
      "reshares_count": 0,
      "id": "2692150675",
      "author": {
        "loc": null,
        "kind": "user",
        "name": "不安的传说",
        "url": "https:\/\/www.douban.com\/people\/4044848\/",
        "id": "4044848",
        "reg_time": "2009-04-22 20:01:14",
        "uri": "douban:\/\/douban.com\/user\/4044848",
        "avatar": "https://img1.doubanio.com\/icon\/up4044848-8.jpg",
        "is_club": false,
        "type": "user",
        "avatar_side_icon": "",
        "uid": "4044848"
      },
      "is_collected": false,
      "type": "photo",
      "owner_uri": "douban:\/\/douban.com\/movie\/25845392",
      "status": null,
      "reaction_type": 0,
      "description": "",
      "sharing_url": "https:\/\/www.douban.com\/doubanapp\/dispatch?uri=\/photo\/2692150675\/",
      "likers_count": 0,
      "reply_limit": "A",
      "uri": "douban:\/\/douban.com\/photo\/2692150675",
      "subtype": "photo",
      "reactions_count": 0,
      "comments_count": 0,
      "position": 54
    },
    {
      "read_count": 56,
      "image": {
        "large": {
          "url": "https://img2.doubanio.com\/view\/photo\/l\/public\/p2692150673.jpg",
          "width": 1600,
          "height": 843,
          "size": 0
        },
        "raw": null,
        "small": {
          "url": "https://img2.doubanio.com\/view\/photo\/s\/public\/p2692150673.jpg",
          "width": 600,
          "height": 316,
          "size": 0
        },
        "is_animated": false,
        "normal": {
          "url": "https://img2.doubanio.com\/view\/photo\/m\/public\/p2692150673.jpg",
          "width": 600,
          "height": 316,
          "size": 0
        }
      },
      "create_time": "2021-10-08 01:34:40",
      "url": "https:\/\/movie.douban.com\/photos\/photo\/2692150673\/",
      "collections_count": 0,
      "reshares_count": 0,
      "id": "2692150673",
      "author": {
        "loc": null,
        "kind": "user",
        "name": "不安的传说",
        "url": "https:\/\/www.douban.com\/people\/4044848\/",
        "id": "4044848",
        "reg_time": "2009-04-22 20:01:14",
        "uri": "douban:\/\/douban.com\/user\/4044848",
        "avatar": "https://img1.doubanio.com\/icon\/up4044848-8.jpg",
        "is_club": false,
        "type": "user",
        "avatar_side_icon": "",
        "uid": "4044848"
      },
      "is_collected": false,
      "type": "photo",
      "owner_uri": "douban:\/\/douban.com\/movie\/25845392",
      "status": null,
      "reaction_type": 0,
      "description": "",
      "sharing_url": "https:\/\/www.douban.com\/doubanapp\/dispatch?uri=\/photo\/2692150673\/",
      "likers_count": 0,
      "reply_limit": "A",
      "uri": "douban:\/\/douban.com\/photo\/2692150673",
      "subtype": "photo",
      "reactions_count": 0,
      "comments_count": 0,
      "position": 55
    },
    {
      "read_count": 93,
      "image": {
        "large": {
          "url": "https://img9.doubanio.com\/view\/photo\/l\/public\/p2692150524.jpg",
          "width": 1600,
          "height": 843,
          "size": 0
        },
        "raw": null,
        "small": {
          "url": "https://img9.doubanio.com\/view\/photo\/s\/public\/p2692150524.jpg",
          "width": 600,
          "height": 316,
          "size": 0
        },
        "is_animated": false,
        "normal": {
          "url": "https://img9.doubanio.com\/view\/photo\/m\/public\/p2692150524.jpg",
          "width": 600,
          "height": 316,
          "size": 0
        }
      },
      "create_time": "2021-10-08 01:34:25",
      "url": "https:\/\/movie.douban.com\/photos\/photo\/2692150524\/",
      "collections_count": 0,
      "reshares_count": 0,
      "id": "2692150524",
      "author": {
        "loc": null,
        "kind": "user",
        "name": "不安的传说",
        "url": "https:\/\/www.douban.com\/people\/4044848\/",
        "id": "4044848",
        "reg_time": "2009-04-22 20:01:14",
        "uri": "douban:\/\/douban.com\/user\/4044848",
        "avatar": "https://img1.doubanio.com\/icon\/up4044848-8.jpg",
        "is_club": false,
        "type": "user",
        "avatar_side_icon": "",
        "uid": "4044848"
      },
      "is_collected": false,
      "type": "photo",
      "owner_uri": "douban:\/\/douban.com\/movie\/25845392",
      "status": null,
      "reaction_type": 0,
      "description": "",
      "sharing_url": "https:\/\/www.douban.com\/doubanapp\/dispatch?uri=\/photo\/2692150524\/",
      "likers_count": 0,
      "reply_limit": "A",
      "uri": "douban:\/\/douban.com\/photo\/2692150524",
      "subtype": "photo",
      "reactions_count": 0,
      "comments_count": 0,
      "position": 56
    },
    {
      "read_count": 127,
      "image": {
        "large": {
          "url": "https://img2.doubanio.com\/view\/photo\/l\/public\/p2692150513.jpg",
          "width": 1600,
          "height": 843,
          "size": 0
        },
        "raw": null,
        "small": {
          "url": "https://img2.doubanio.com\/view\/photo\/s\/public\/p2692150513.jpg",
          "width": 600,
          "height": 316,
          "size": 0
        },
        "is_animated": false,
        "normal": {
          "url": "https://img2.doubanio.com\/view\/photo\/m\/public\/p2692150513.jpg",
          "width": 600,
          "height": 316,
          "size": 0
        }
      },
      "create_time": "2021-10-08 01:34:24",
      "url": "https:\/\/movie.douban.com\/photos\/photo\/2692150513\/",
      "collections_count": 0,
      "reshares_count": 0,
      "id": "2692150513",
      "author": {
        "loc": null,
        "kind": "user",
        "name": "不安的传说",
        "url": "https:\/\/www.douban.com\/people\/4044848\/",
        "id": "4044848",
        "reg_time": "2009-04-22 20:01:14",
        "uri": "douban:\/\/douban.com\/user\/4044848",
        "avatar": "https://img1.doubanio.com\/icon\/up4044848-8.jpg",
        "is_club": false,
        "type": "user",
        "avatar_side_icon": "",
        "uid": "4044848"
      },
      "is_collected": false,
      "type": "photo",
      "owner_uri": "douban:\/\/douban.com\/movie\/25845392",
      "status": null,
      "reaction_type": 0,
      "description": "",
      "sharing_url": "https:\/\/www.douban.com\/doubanapp\/dispatch?uri=\/photo\/2692150513\/",
      "likers_count": 0,
      "reply_limit": "A",
      "uri": "douban:\/\/douban.com\/photo\/2692150513",
      "subtype": "photo",
      "reactions_count": 0,
      "comments_count": 0,
      "position": 58
    },
    {
      "read_count": 159,
      "image": {
        "large": {
          "url": "https://img3.doubanio.com\/view\/photo\/l\/public\/p2692150510.jpg",
          "width": 1600,
          "height": 843,
          "size": 0
        },
        "raw": null,
        "small": {
          "url": "https://img3.doubanio.com\/view\/photo\/s\/public\/p2692150510.jpg",
          "width": 600,
          "height": 316,
          "size": 0
        },
        "is_animated": false,
        "normal": {
          "url": "https://img3.doubanio.com\/view\/photo\/m\/public\/p2692150510.jpg",
          "width": 600,
          "height": 316,
          "size": 0
        }
      },
      "create_time": "2021-10-08 01:34:24",
      "url": "https:\/\/movie.douban.com\/photos\/photo\/2692150510\/",
      "collections_count": 0,
      "reshares_count": 0,
      "id": "2692150510",
      "author": {
        "loc": null,
        "kind": "user",
        "name": "不安的传说",
        "url": "https:\/\/www.douban.com\/people\/4044848\/",
        "id": "4044848",
        "reg_time": "2009-04-22 20:01:14",
        "uri": "douban:\/\/douban.com\/user\/4044848",
        "avatar": "https://img1.doubanio.com\/icon\/up4044848-8.jpg",
        "is_club": false,
        "type": "user",
        "avatar_side_icon": "",
        "uid": "4044848"
      },
      "is_collected": false,
      "type": "photo",
      "owner_uri": "douban:\/\/douban.com\/movie\/25845392",
      "status": null,
      "reaction_type": 0,
      "description": "",
      "sharing_url": "https:\/\/www.douban.com\/doubanapp\/dispatch?uri=\/photo\/2692150510\/",
      "likers_count": 0,
      "reply_limit": "A",
      "uri": "douban:\/\/douban.com\/photo\/2692150510",
      "subtype": "photo",
      "reactions_count": 0,
      "comments_count": 0,
      "position": 59
    },
    {
      "read_count": 72,
      "image": {
        "large": {
          "url": "https://img1.doubanio.com\/view\/photo\/l\/public\/p2692150509.jpg",
          "width": 1600,
          "height": 843,
          "size": 0
        },
        "raw": null,
        "small": {
          "url": "https://img1.doubanio.com\/view\/photo\/s\/public\/p2692150509.jpg",
          "width": 600,
          "height": 316,
          "size": 0
        },
        "is_animated": false,
        "normal": {
          "url": "https://img1.doubanio.com\/view\/photo\/m\/public\/p2692150509.jpg",
          "width": 600,
          "height": 316,
          "size": 0
        }
      },
      "create_time": "2021-10-08 01:34:24",
      "url": "https:\/\/movie.douban.com\/photos\/photo\/2692150509\/",
      "collections_count": 0,
      "reshares_count": 0,
      "id": "2692150509",
      "author": {
        "loc": null,
        "kind": "user",
        "name": "不安的传说",
        "url": "https:\/\/www.douban.com\/people\/4044848\/",
        "id": "4044848",
        "reg_time": "2009-04-22 20:01:14",
        "uri": "douban:\/\/douban.com\/user\/4044848",
        "avatar": "https://img1.doubanio.com\/icon\/up4044848-8.jpg",
        "is_club": false,
        "type": "user",
        "avatar_side_icon": "",
        "uid": "4044848"
      },
      "is_collected": false,
      "type": "photo",
      "owner_uri": "douban:\/\/douban.com\/movie\/25845392",
      "status": null,
      "reaction_type": 0,
      "description": "",
      "sharing_url": "https:\/\/www.douban.com\/doubanapp\/dispatch?uri=\/photo\/2692150509\/",
      "likers_count": 0,
      "reply_limit": "A",
      "uri": "douban:\/\/douban.com\/photo\/2692150509",
      "subtype": "photo",
      "reactions_count": 0,
      "comments_count": 0,
      "position": 60
    },
    {
      "read_count": 96,
      "image": {
        "large": {
          "url": "https://img1.doubanio.com\/view\/photo\/l\/public\/p2692150508.jpg",
          "width": 1600,
          "height": 843,
          "size": 0
        },
        "raw": null,
        "small": {
          "url": "https://img1.doubanio.com\/view\/photo\/s\/public\/p2692150508.jpg",
          "width": 600,
          "height": 316,
          "size": 0
        },
        "is_animated": false,
        "normal": {
          "url": "https://img1.doubanio.com\/view\/photo\/m\/public\/p2692150508.jpg",
          "width": 600,
          "height": 316,
          "size": 0
        }
      },
      "create_time": "2021-10-08 01:34:24",
      "url": "https:\/\/movie.douban.com\/photos\/photo\/2692150508\/",
      "collections_count": 0,
      "reshares_count": 0,
      "id": "2692150508",
      "author": {
        "loc": null,
        "kind": "user",
        "name": "不安的传说",
        "url": "https:\/\/www.douban.com\/people\/4044848\/",
        "id": "4044848",
        "reg_time": "2009-04-22 20:01:14",
        "uri": "douban:\/\/douban.com\/user\/4044848",
        "avatar": "https://img1.doubanio.com\/icon\/up4044848-8.jpg",
        "is_club": false,
        "type": "user",
        "avatar_side_icon": "",
        "uid": "4044848"
      },
      "is_collected": false,
      "type": "photo",
      "owner_uri": "douban:\/\/douban.com\/movie\/25845392",
      "status": null,
      "reaction_type": 0,
      "description": "",
      "sharing_url": "https:\/\/www.douban.com\/doubanapp\/dispatch?uri=\/photo\/2692150508\/",
      "likers_count": 0,
      "reply_limit": "A",
      "uri": "douban:\/\/douban.com\/photo\/2692150508",
      "subtype": "photo",
      "reactions_count": 0,
      "comments_count": 1,
      "position": 61
    },
    {
      "read_count": 83,
      "image": {
        "large": {
          "url": "https://img1.doubanio.com\/view\/photo\/l\/public\/p2692150507.jpg",
          "width": 1600,
          "height": 843,
          "size": 0
        },
        "raw": null,
        "small": {
          "url": "https://img1.doubanio.com\/view\/photo\/s\/public\/p2692150507.jpg",
          "width": 600,
          "height": 316,
          "size": 0
        },
        "is_animated": false,
        "normal": {
          "url": "https://img1.doubanio.com\/view\/photo\/m\/public\/p2692150507.jpg",
          "width": 600,
          "height": 316,
          "size": 0
        }
      },
      "create_time": "2021-10-08 01:34:24",
      "url": "https:\/\/movie.douban.com\/photos\/photo\/2692150507\/",
      "collections_count": 0,
      "reshares_count": 0,
      "id": "2692150507",
      "author": {
        "loc": null,
        "kind": "user",
        "name": "不安的传说",
        "url": "https:\/\/www.douban.com\/people\/4044848\/",
        "id": "4044848",
        "reg_time": "2009-04-22 20:01:14",
        "uri": "douban:\/\/douban.com\/user\/4044848",
        "avatar": "https://img1.doubanio.com\/icon\/up4044848-8.jpg",
        "is_club": false,
        "type": "user",
        "avatar_side_icon": "",
        "uid": "4044848"
      },
      "is_collected": false,
      "type": "photo",
      "owner_uri": "douban:\/\/douban.com\/movie\/25845392",
      "status": null,
      "reaction_type": 0,
      "description": "",
      "sharing_url": "https:\/\/www.douban.com\/doubanapp\/dispatch?uri=\/photo\/2692150507\/",
      "likers_count": 0,
      "reply_limit": "A",
      "uri": "douban:\/\/douban.com\/photo\/2692150507",
      "subtype": "photo",
      "reactions_count": 0,
      "comments_count": 1,
      "position": 62
    },
    {
      "read_count": 82,
      "image": {
        "large": {
          "url": "https://img9.doubanio.com\/view\/photo\/l\/public\/p2692150506.jpg",
          "width": 1600,
          "height": 843,
          "size": 0
        },
        "raw": null,
        "small": {
          "url": "https://img9.doubanio.com\/view\/photo\/s\/public\/p2692150506.jpg",
          "width": 600,
          "height": 316,
          "size": 0
        },
        "is_animated": false,
        "normal": {
          "url": "https://img9.doubanio.com\/view\/photo\/m\/public\/p2692150506.jpg",
          "width": 600,
          "height": 316,
          "size": 0
        }
      },
      "create_time": "2021-10-08 01:34:24",
      "url": "https:\/\/movie.douban.com\/photos\/photo\/2692150506\/",
      "collections_count": 0,
      "reshares_count": 0,
      "id": "2692150506",
      "author": {
        "loc": null,
        "kind": "user",
        "name": "不安的传说",
        "url": "https:\/\/www.douban.com\/people\/4044848\/",
        "id": "4044848",
        "reg_time": "2009-04-22 20:01:14",
        "uri": "douban:\/\/douban.com\/user\/4044848",
        "avatar": "https://img1.doubanio.com\/icon\/up4044848-8.jpg",
        "is_club": false,
        "type": "user",
        "avatar_side_icon": "",
        "uid": "4044848"
      },
      "is_collected": false,
      "type": "photo",
      "owner_uri": "douban:\/\/douban.com\/movie\/25845392",
      "status": null,
      "reaction_type": 0,
      "description": "",
      "sharing_url": "https:\/\/www.douban.com\/doubanapp\/dispatch?uri=\/photo\/2692150506\/",
      "likers_count": 0,
      "reply_limit": "A",
      "uri": "douban:\/\/douban.com\/photo\/2692150506",
      "subtype": "photo",
      "reactions_count": 0,
      "comments_count": 0,
      "position": 63
    },
    {
      "read_count": 80,
      "image": {
        "large": {
          "url": "https://img3.doubanio.com\/view\/photo\/l\/public\/p2692150370.jpg",
          "width": 1600,
          "height": 843,
          "size": 0
        },
        "raw": null,
        "small": {
          "url": "https://img3.doubanio.com\/view\/photo\/s\/public\/p2692150370.jpg",
          "width": 600,
          "height": 316,
          "size": 0
        },
        "is_animated": false,
        "normal": {
          "url": "https://img3.doubanio.com\/view\/photo\/m\/public\/p2692150370.jpg",
          "width": 600,
          "height": 316,
          "size": 0
        }
      },
      "create_time": "2021-10-08 01:34:09",
      "url": "https:\/\/movie.douban.com\/photos\/photo\/2692150370\/",
      "collections_count": 0,
      "reshares_count": 0,
      "id": "2692150370",
      "author": {
        "loc": null,
        "kind": "user",
        "name": "不安的传说",
        "url": "https:\/\/www.douban.com\/people\/4044848\/",
        "id": "4044848",
        "reg_time": "2009-04-22 20:01:14",
        "uri": "douban:\/\/douban.com\/user\/4044848",
        "avatar": "https://img1.doubanio.com\/icon\/up4044848-8.jpg",
        "is_club": false,
        "type": "user",
        "avatar_side_icon": "",
        "uid": "4044848"
      },
      "is_collected": false,
      "type": "photo",
      "owner_uri": "douban:\/\/douban.com\/movie\/25845392",
      "status": null,
      "reaction_type": 0,
      "description": "",
      "sharing_url": "https:\/\/www.douban.com\/doubanapp\/dispatch?uri=\/photo\/2692150370\/",
      "likers_count": 0,
      "reply_limit": "A",
      "uri": "douban:\/\/douban.com\/photo\/2692150370",
      "subtype": "photo",
      "reactions_count": 0,
      "comments_count": 0,
      "position": 64
    },
    {
      "read_count": 60,
      "image": {
        "large": {
          "url": "https://img9.doubanio.com\/view\/photo\/l\/public\/p2692150325.jpg",
          "width": 1600,
          "height": 843,
          "size": 0
        },
        "raw": null,
        "small": {
          "url": "https://img9.doubanio.com\/view\/photo\/s\/public\/p2692150325.jpg",
          "width": 600,
          "height": 316,
          "size": 0
        },
        "is_animated": false,
        "normal": {
          "url": "https://img9.doubanio.com\/view\/photo\/m\/public\/p2692150325.jpg",
          "width": 600,
          "height": 316,
          "size": 0
        }
      },
      "create_time": "2021-10-08 01:34:04",
      "url": "https:\/\/movie.douban.com\/photos\/photo\/2692150325\/",
      "collections_count": 0,
      "reshares_count": 0,
      "id": "2692150325",
      "author": {
        "loc": null,
        "kind": "user",
        "name": "不安的传说",
        "url": "https:\/\/www.douban.com\/people\/4044848\/",
        "id": "4044848",
        "reg_time": "2009-04-22 20:01:14",
        "uri": "douban:\/\/douban.com\/user\/4044848",
        "avatar": "https://img1.doubanio.com\/icon\/up4044848-8.jpg",
        "is_club": false,
        "type": "user",
        "avatar_side_icon": "",
        "uid": "4044848"
      },
      "is_collected": false,
      "type": "photo",
      "owner_uri": "douban:\/\/douban.com\/movie\/25845392",
      "status": null,
      "reaction_type": 0,
      "description": "",
      "sharing_url": "https:\/\/www.douban.com\/doubanapp\/dispatch?uri=\/photo\/2692150325\/",
      "likers_count": 0,
      "reply_limit": "A",
      "uri": "douban:\/\/douban.com\/photo\/2692150325",
      "subtype": "photo",
      "reactions_count": 0,
      "comments_count": 0,
      "position": 65
    },
    {
      "read_count": 66,
      "image": {
        "large": {
          "url": "https://img9.doubanio.com\/view\/photo\/l\/public\/p2692150324.jpg",
          "width": 1600,
          "height": 843,
          "size": 0
        },
        "raw": null,
        "small": {
          "url": "https://img9.doubanio.com\/view\/photo\/s\/public\/p2692150324.jpg",
          "width": 600,
          "height": 316,
          "size": 0
        },
        "is_animated": false,
        "normal": {
          "url": "https://img9.doubanio.com\/view\/photo\/m\/public\/p2692150324.jpg",
          "width": 600,
          "height": 316,
          "size": 0
        }
      },
      "create_time": "2021-10-08 01:34:04",
      "url": "https:\/\/movie.douban.com\/photos\/photo\/2692150324\/",
      "collections_count": 0,
      "reshares_count": 0,
      "id": "2692150324",
      "author": {
        "loc": null,
        "kind": "user",
        "name": "不安的传说",
        "url": "https:\/\/www.douban.com\/people\/4044848\/",
        "id": "4044848",
        "reg_time": "2009-04-22 20:01:14",
        "uri": "douban:\/\/douban.com\/user\/4044848",
        "avatar": "https://img1.doubanio.com\/icon\/up4044848-8.jpg",
        "is_club": false,
        "type": "user",
        "avatar_side_icon": "",
        "uid": "4044848"
      },
      "is_collected": false,
      "type": "photo",
      "owner_uri": "douban:\/\/douban.com\/movie\/25845392",
      "status": null,
      "reaction_type": 0,
      "description": "",
      "sharing_url": "https:\/\/www.douban.com\/doubanapp\/dispatch?uri=\/photo\/2692150324\/",
      "likers_count": 0,
      "reply_limit": "A",
      "uri": "douban:\/\/douban.com\/photo\/2692150324",
      "subtype": "photo",
      "reactions_count": 0,
      "comments_count": 0,
      "position": 66
    },
    {
      "read_count": 57,
      "image": {
        "large": {
          "url": "https://img1.doubanio.com\/view\/photo\/l\/public\/p2692150319.jpg",
          "width": 1600,
          "height": 843,
          "size": 0
        },
        "raw": null,
        "small": {
          "url": "https://img1.doubanio.com\/view\/photo\/s\/public\/p2692150319.jpg",
          "width": 600,
          "height": 316,
          "size": 0
        },
        "is_animated": false,
        "normal": {
          "url": "https://img1.doubanio.com\/view\/photo\/m\/public\/p2692150319.jpg",
          "width": 600,
          "height": 316,
          "size": 0
        }
      },
      "create_time": "2021-10-08 01:34:04",
      "url": "https:\/\/movie.douban.com\/photos\/photo\/2692150319\/",
      "collections_count": 0,
      "reshares_count": 0,
      "id": "2692150319",
      "author": {
        "loc": null,
        "kind": "user",
        "name": "不安的传说",
        "url": "https:\/\/www.douban.com\/people\/4044848\/",
        "id": "4044848",
        "reg_time": "2009-04-22 20:01:14",
        "uri": "douban:\/\/douban.com\/user\/4044848",
        "avatar": "https://img1.doubanio.com\/icon\/up4044848-8.jpg",
        "is_club": false,
        "type": "user",
        "avatar_side_icon": "",
        "uid": "4044848"
      },
      "is_collected": false,
      "type": "photo",
      "owner_uri": "douban:\/\/douban.com\/movie\/25845392",
      "status": null,
      "reaction_type": 0,
      "description": "",
      "sharing_url": "https:\/\/www.douban.com\/doubanapp\/dispatch?uri=\/photo\/2692150319\/",
      "likers_count": 0,
      "reply_limit": "A",
      "uri": "douban:\/\/douban.com\/photo\/2692150319",
      "subtype": "photo",
      "reactions_count": 0,
      "comments_count": 0,
      "position": 67
    },
    {
      "read_count": 37,
      "image": {
        "large": {
          "url": "https://img1.doubanio.com\/view\/photo\/l\/public\/p2692150317.jpg",
          "width": 1600,
          "height": 843,
          "size": 0
        },
        "raw": null,
        "small": {
          "url": "https://img1.doubanio.com\/view\/photo\/s\/public\/p2692150317.jpg",
          "width": 600,
          "height": 316,
          "size": 0
        },
        "is_animated": false,
        "normal": {
          "url": "https://img1.doubanio.com\/view\/photo\/m\/public\/p2692150317.jpg",
          "width": 600,
          "height": 316,
          "size": 0
        }
      },
      "create_time": "2021-10-08 01:34:04",
      "url": "https:\/\/movie.douban.com\/photos\/photo\/2692150317\/",
      "collections_count": 0,
      "reshares_count": 0,
      "id": "2692150317",
      "author": {
        "loc": null,
        "kind": "user",
        "name": "不安的传说",
        "url": "https:\/\/www.douban.com\/people\/4044848\/",
        "id": "4044848",
        "reg_time": "2009-04-22 20:01:14",
        "uri": "douban:\/\/douban.com\/user\/4044848",
        "avatar": "https://img1.doubanio.com\/icon\/up4044848-8.jpg",
        "is_club": false,
        "type": "user",
        "avatar_side_icon": "",
        "uid": "4044848"
      },
      "is_collected": false,
      "type": "photo",
      "owner_uri": "douban:\/\/douban.com\/movie\/25845392",
      "status": null,
      "reaction_type": 0,
      "description": "",
      "sharing_url": "https:\/\/www.douban.com\/doubanapp\/dispatch?uri=\/photo\/2692150317\/",
      "likers_count": 0,
      "reply_limit": "A",
      "uri": "douban:\/\/douban.com\/photo\/2692150317",
      "subtype": "photo",
      "reactions_count": 0,
      "comments_count": 0,
      "position": 68
    },
    {
      "read_count": 19,
      "image": {
        "large": {
          "url": "https://img9.doubanio.com\/view\/photo\/l\/public\/p2692150316.jpg",
          "width": 1600,
          "height": 843,
          "size": 0
        },
        "raw": null,
        "small": {
          "url": "https://img9.doubanio.com\/view\/photo\/s\/public\/p2692150316.jpg",
          "width": 600,
          "height": 316,
          "size": 0
        },
        "is_animated": false,
        "normal": {
          "url": "https://img9.doubanio.com\/view\/photo\/m\/public\/p2692150316.jpg",
          "width": 600,
          "height": 316,
          "size": 0
        }
      },
      "create_time": "2021-10-08 01:34:04",
      "url": "https:\/\/movie.douban.com\/photos\/photo\/2692150316\/",
      "collections_count": 0,
      "reshares_count": 0,
      "id": "2692150316",
      "author": {
        "loc": null,
        "kind": "user",
        "name": "不安的传说",
        "url": "https:\/\/www.douban.com\/people\/4044848\/",
        "id": "4044848",
        "reg_time": "2009-04-22 20:01:14",
        "uri": "douban:\/\/douban.com\/user\/4044848",
        "avatar": "https://img1.doubanio.com\/icon\/up4044848-8.jpg",
        "is_club": false,
        "type": "user",
        "avatar_side_icon": "",
        "uid": "4044848"
      },
      "is_collected": false,
      "type": "photo",
      "owner_uri": "douban:\/\/douban.com\/movie\/25845392",
      "status": null,
      "reaction_type": 0,
      "description": "",
      "sharing_url": "https:\/\/www.douban.com\/doubanapp\/dispatch?uri=\/photo\/2692150316\/",
      "likers_count": 0,
      "reply_limit": "A",
      "uri": "douban:\/\/douban.com\/photo\/2692150316",
      "subtype": "photo",
      "reactions_count": 0,
      "comments_count": 0,
      "position": 69
    },
    {
      "read_count": 179,
      "image": {
        "large": {
          "url": "https://img9.doubanio.com\/view\/photo\/l\/public\/p2692150315.jpg",
          "width": 1600,
          "height": 843,
          "size": 0
        },
        "raw": null,
        "small": {
          "url": "https://img9.doubanio.com\/view\/photo\/s\/public\/p2692150315.jpg",
          "width": 600,
          "height": 316,
          "size": 0
        },
        "is_animated": false,
        "normal": {
          "url": "https://img9.doubanio.com\/view\/photo\/m\/public\/p2692150315.jpg",
          "width": 600,
          "height": 316,
          "size": 0
        }
      },
      "create_time": "2021-10-08 01:34:04",
      "url": "https:\/\/movie.douban.com\/photos\/photo\/2692150315\/",
      "collections_count": 0,
      "reshares_count": 0,
      "id": "2692150315",
      "author": {
        "loc": null,
        "kind": "user",
        "name": "不安的传说",
        "url": "https:\/\/www.douban.com\/people\/4044848\/",
        "id": "4044848",
        "reg_time": "2009-04-22 20:01:14",
        "uri": "douban:\/\/douban.com\/user\/4044848",
        "avatar": "https://img1.doubanio.com\/icon\/up4044848-8.jpg",
        "is_club": false,
        "type": "user",
        "avatar_side_icon": "",
        "uid": "4044848"
      },
      "is_collected": false,
      "type": "photo",
      "owner_uri": "douban:\/\/douban.com\/movie\/25845392",
      "status": null,
      "reaction_type": 0,
      "description": "",
      "sharing_url": "https:\/\/www.douban.com\/doubanapp\/dispatch?uri=\/photo\/2692150315\/",
      "likers_count": 0,
      "reply_limit": "A",
      "uri": "douban:\/\/douban.com\/photo\/2692150315",
      "subtype": "photo",
      "reactions_count": 0,
      "comments_count": 0,
      "position": 70
    }
  ],
  "w": 23,
  "total": 389,
  "start": 140
}