[
    {
      "original_price": null,
      "pubdate": [
        "2021-10-13"
      ],
      "rating": {
        "count": 190,
        "max": 10,
        "value": 6.64846,
        "star_count": 3.5
      },
      "actions": [],
      "year": null,
      "card_subtitle": "徐子未 \/ 2021",
      "recommend_comment": "他真的需要适合的歌  因为太知道他的潜力所以继续期待 —— Cetaceaa_的短评",
      "id": "35624569",
      "title": "模仿",
      "label": null,
      "interest": null,
      "type": "music",
      "description": "",
      "price": null,
      "date": null,
      "info": "徐子未\/流行\/2021-10-13",
      "singer": [
        "徐子未"
      ],
      "url": "https:\/\/music.douban.com\/subject\/35624569\/",
      "release_date": null,
      "cover": {
        "url": "https://img3.doubanio.com\/view\/subject\/m\/public\/s34016170.jpg",
        "width": 0,
        "shape": "square",
        "height": 0
      },
      "uri": "douban:\/\/douban.com\/music\/35624569",
      "subtype": "",
      "reviewer_name": "",
      "null_rating_reason": ""
    },
    {
      "original_price": null,
      "pubdate": [
        "2021-10-14"
      ],
      "rating": {
        "count": 158,
        "max": 10,
        "value": 7.72468,
        "star_count": 4.0
      },
      "actions": [],
      "year": null,
      "card_subtitle": "岑宁儿 Yoyo Sham \/ 2021",
      "recommend_comment": "1.5\/5 聽完＝無聽系列 —— 柑的短评",
      "id": "35625112",
      "title": "勿念",
      "label": null,
      "interest": null,
      "type": "music",
      "description": "",
      "price": null,
      "date": null,
      "info": "岑宁儿 Yoyo Sham\/流行\/2021-10-14",
      "singer": [
        "岑宁儿 Yoyo Sham"
      ],
      "url": "https:\/\/music.douban.com\/subject\/35625112\/",
      "release_date": null,
      "cover": {
        "url": "https://img9.doubanio.com\/view\/subject\/m\/public\/s34016754.jpg",
        "width": 0,
        "shape": "square",
        "height": 0
      },
      "uri": "douban:\/\/douban.com\/music\/35625112",
      "subtype": "",
      "reviewer_name": "",
      "null_rating_reason": ""
    },
    {
      "original_price": null,
      "pubdate": [
        "2021-10-06"
      ],
      "rating": {
        "count": 177,
        "max": 10,
        "value": 7.20052,
        "star_count": 3.5
      },
      "actions": [],
      "year": null,
      "card_subtitle": "LUNA \/ 2021",
      "recommend_comment": "过时、素材选取不到位但仍能凭借音乐剧式的质朴感染人的一个麦当娜致敬。 —— 乔伊的鬼魂的短评",
      "id": "35622173",
      "title": "Madonna",
      "label": null,
      "interest": null,
      "type": "music",
      "description": "",
      "price": null,
      "date": null,
      "info": "LUNA\/流行\/2021-10-06",
      "singer": [
        "LUNA"
      ],
      "url": "https:\/\/music.douban.com\/subject\/35622173\/",
      "release_date": null,
      "cover": {
        "url": "https://img2.doubanio.com\/view\/subject\/m\/public\/s34014643.jpg",
        "width": 0,
        "shape": "square",
        "height": 0
      },
      "uri": "douban:\/\/douban.com\/music\/35622173",
      "subtype": "",
      "reviewer_name": "",
      "null_rating_reason": ""
    },
    {
      "original_price": null,
      "pubdate": [
        "2021-10-15"
      ],
      "rating": {
        "count": 114,
        "max": 10,
        "value": 7.53384,
        "star_count": 4.0
      },
      "actions": [],
      "year": null,
      "card_subtitle": "酷玩 Coldplay 赛琳娜·戈麦斯 Selena Gomez \/ 2021",
      "recommend_comment": "伤感 —— 江湖骗子722的短评",
      "id": "35626781",
      "title": "Let Somebody Go",
      "label": null,
      "interest": null,
      "type": "music",
      "description": "",
      "price": null,
      "date": null,
      "info": "酷玩 Coldplay\/流行\/2021-10-15",
      "singer": [
        "酷玩 Coldplay"
      ],
      "url": "https:\/\/music.douban.com\/subject\/35626781\/",
      "release_date": null,
      "cover": {
        "url": "https://img9.doubanio.com\/view\/subject\/m\/public\/s34017955.jpg",
        "width": 0,
        "shape": "square",
        "height": 0
      },
      "uri": "douban:\/\/douban.com\/music\/35626781",
      "subtype": "",
      "reviewer_name": "",
      "null_rating_reason": ""
    },
    {
      "original_price": null,
      "pubdate": [
        "2021-09-22"
      ],
      "rating": {
        "count": 931,
        "max": 10,
        "value": 7.64816,
        "star_count": 4.0
      },
      "actions": [],
      "year": null,
      "card_subtitle": "王菲 Faye Wong \/ 2021",
      "recommend_comment": "唱腔有往昔的感觉 —— Dyingpluto的短评",
      "id": "35604868",
      "title": "湾",
      "label": null,
      "interest": null,
      "type": "music",
      "description": "",
      "price": null,
      "date": null,
      "info": "王菲 Faye Wong\/流行\/2021-09-22",
      "singer": [
        "王菲 Faye Wong"
      ],
      "url": "https:\/\/music.douban.com\/subject\/35604868\/",
      "release_date": null,
      "cover": {
        "url": "https://img2.doubanio.com\/view\/subject\/m\/public\/s34001271.jpg",
        "width": 0,
        "shape": "square",
        "height": 0
      },
      "uri": "douban:\/\/douban.com\/music\/35604868",
      "subtype": "",
      "reviewer_name": "",
      "null_rating_reason": ""
    },
    {
      "original_price": null,
      "pubdate": [
        "2021-10-07"
      ],
      "rating": {
        "count": 206,
        "max": 10,
        "value": 7.0263,
        "star_count": 3.5
      },
      "actions": [],
      "year": null,
      "card_subtitle": "张艺兴 Lay \/ 2021",
      "recommend_comment": "真是一点进步都没有，而且这首歌和这个名字有啥关系啊 —— Aaron゛的短评",
      "id": "35621622",
      "title": "三昧真火",
      "label": null,
      "interest": null,
      "type": "music",
      "description": "",
      "price": null,
      "date": null,
      "info": "张艺兴 Lay\/说唱\/2021-10-07",
      "singer": [
        "张艺兴 Lay"
      ],
      "url": "https:\/\/music.douban.com\/subject\/35621622\/",
      "release_date": null,
      "cover": {
        "url": "https://img3.doubanio.com\/view\/subject\/m\/public\/s34014130.jpg",
        "width": 0,
        "shape": "square",
        "height": 0
      },
      "uri": "douban:\/\/douban.com\/music\/35621622",
      "subtype": "",
      "reviewer_name": "",
      "null_rating_reason": ""
    },
    {
      "original_price": null,
      "pubdate": [
        "2021-10-18"
      ],
      "rating": {
        "count": 91,
        "max": 10,
        "value": 6.0813,
        "star_count": 3.0
      },
      "actions": [],
      "year": null,
      "card_subtitle": "谢安琪 Kay Tse \/ 2021",
      "recommend_comment": "未見過世面的歌词 —— Nuage☁的短评",
      "id": "35629111",
      "title": "未見過世面的招積",
      "label": null,
      "interest": null,
      "type": "music",
      "description": "",
      "price": null,
      "date": null,
      "info": "谢安琪 Kay Tse\/流行\/2021-10-18",
      "singer": [
        "谢安琪 Kay Tse"
      ],
      "url": "https:\/\/music.douban.com\/subject\/35629111\/",
      "release_date": null,
      "cover": {
        "url": "https://img3.doubanio.com\/view\/subject\/m\/public\/s34019220.jpg",
        "width": 0,
        "shape": "square",
        "height": 0
      },
      "uri": "douban:\/\/douban.com\/music\/35629111",
      "subtype": "",
      "reviewer_name": "",
      "null_rating_reason": ""
    },
    {
      "original_price": null,
      "pubdate": [
        "2021-09-28"
      ],
      "rating": {
        "count": 773,
        "max": 10,
        "value": 8.86368,
        "star_count": 4.5
      },
      "actions": [],
      "year": null,
      "card_subtitle": "周深 \/ 2021",
      "recommend_comment": "它有一种很微妙的天地灵秀感 —— 艾兰的短评",
      "id": "35611079",
      "title": "和光同春",
      "label": null,
      "interest": null,
      "type": "music",
      "description": "",
      "price": null,
      "date": null,
      "info": "周深\/2021-09-28",
      "singer": [
        "周深"
      ],
      "url": "https:\/\/music.douban.com\/subject\/35611079\/",
      "release_date": null,
      "cover": {
        "url": "https://img1.doubanio.com\/view\/subject\/m\/public\/s34005857.jpg",
        "width": 0,
        "shape": "square",
        "height": 0
      },
      "uri": "douban:\/\/douban.com\/music\/35611079",
      "subtype": "",
      "reviewer_name": "",
      "null_rating_reason": ""
    },
    {
      "original_price": null,
      "pubdate": [
        "2021-10-07"
      ],
      "rating": {
        "count": 341,
        "max": 10,
        "value": 6.24654,
        "star_count": 3.0
      },
      "actions": [],
      "year": null,
      "card_subtitle": "조유리 曺柔理 \/ 2021",
      "recommend_comment": "歌本身无功无过。但要知道，不是所有人都有solo的必要的。 —— 小区星之碎片✨的短评",
      "id": "35608847",
      "title": "GLASSY",
      "label": null,
      "interest": null,
      "type": "music",
      "description": "",
      "price": null,
      "date": null,
      "info": "조유리\/流行\/2021-10-07",
      "singer": [
        "조유리"
      ],
      "url": "https:\/\/music.douban.com\/subject\/35608847\/",
      "release_date": null,
      "cover": {
        "url": "https://img1.doubanio.com\/view\/subject\/m\/public\/s34010678.jpg",
        "width": 0,
        "shape": "square",
        "height": 0
      },
      "uri": "douban:\/\/douban.com\/music\/35608847",
      "subtype": "",
      "reviewer_name": "",
      "null_rating_reason": ""
    }
  ]