[
  {
    "episodes_info": "",
    "rate": "6.0",
    "cover_x": 1080,
    "title": "亚当斯一家2",
    "url": "https://movie.douban.com/subject/34857667/",
    "playable": false,
    "cover": "https://img1.doubanio.com/view/photo/s_ratio_poster/public/p2622369659.jpg",
    "id": "34857667",
    "cover_y": 1920,
    "is_new": false
  },
  {
    "episodes_info": "",
    "rate": "5.7",
    "cover_x": 4050,
    "title": "门徒",
    "url": "https://movie.douban.com/subject/34881663/",
    "playable": false,
    "cover": "https://img1.doubanio.com/view/photo/s_ratio_poster/public/p2661661947.jpg",
    "id": "34881663",
    "cover_y": 6000,
    "is_new": false
  },
  {
    "episodes_info": "",
    "rate": "7.8",
    "cover_x": 2000,
    "title": "小人物",
    "url": "https://movie.douban.com/subject/34865507/",
    "playable": false,
    "cover": "https://img1.doubanio.com/view/photo/s_ratio_poster/public/p2640615589.jpg",
    "id": "34865507",
    "cover_y": 3000,
    "is_new": false
  },
  {
    "episodes_info": "",
    "rate": "7.7",
    "cover_x": 2805,
    "title": "一秒钟",
    "url": "https://movie.douban.com/subject/30257787/",
    "playable": true,
    "cover": "https://img1.doubanio.com/view/photo/s_ratio_poster/public/p2628373757.jpg",
    "id": "30257787",
    "cover_y": 4134,
    "is_new": false
  },
  {
    "episodes_info": "",
    "rate": "5.3",
    "cover_x": 2143,
    "title": "唐人街探案3",
    "url": "https://movie.douban.com/subject/27619748/",
    "playable": true,
    "cover": "https://img2.doubanio.com/view/photo/s_ratio_poster/public/p2622388983.jpg",
    "id": "27619748",
    "cover_y": 3000,
    "is_new": false
  },
  {
    "episodes_info": "",
    "rate": "8.1",
    "cover_x": 2067,
    "title": "孤味",
    "url": "https://movie.douban.com/subject/34805873/",
    "playable": false,
    "cover": "https://img3.doubanio.com/view/photo/s_ratio_poster/public/p2623646280.jpg",
    "id": "34805873",
    "cover_y": 2953,
    "is_new": false
  },
  {
    "episodes_info": "",
    "rate": "6.6",
    "cover_x": 2160,
    "title": "哭泣的男人",
    "url": "https://movie.douban.com/subject/10523152/",
    "playable": false,
    "cover": "https://img3.doubanio.com/view/photo/s_ratio_poster/public/p2675376450.jpg",
    "id": "10523152",
    "cover_y": 3200,
    "is_new": false
  },
  {
    "episodes_info": "",
    "rate": "6.8",
    "cover_x": 1750,
    "title": "关于我妈的一切",
    "url": "https://movie.douban.com/subject/35196097/",
    "playable": false,
    "cover": "https://img3.doubanio.com/view/photo/s_ratio_poster/public/p2684251260.jpg",
    "id": "35196097",
    "cover_y": 2500,
    "is_new": false
  },
  {
    "episodes_info": "",
    "rate": "6.4",
    "cover_x": 1688,
    "title": "丛林奇航",
    "url": "https://movie.douban.com/subject/3692602/",
    "playable": false,
    "cover": "https://img9.doubanio.com/view/photo/s_ratio_poster/public/p2652691446.jpg",
    "id": "3692602",
    "cover_y": 2500,
    "is_new": false
  },
  {
    "episodes_info": "",
    "rate": "8.0",
    "cover_x": 8100,
    "title": "玫瑰岛的不可思议的历史",
    "url": "https://movie.douban.com/subject/34982759/",
    "playable": false,
    "cover": "https://img9.doubanio.com/view/photo/s_ratio_poster/public/p2624341545.jpg",
    "id": "34982759",
    "cover_y": 12000,
    "is_new": false
  },
  {
    "episodes_info": "",
    "rate": "7.0",
    "cover_x": 3484,
    "title": "安妮特",
    "url": "https://movie.douban.com/subject/26856202/",
    "playable": false,
    "cover": "https://img2.doubanio.com/view/photo/s_ratio_poster/public/p2654489281.jpg",
    "id": "26856202",
    "cover_y": 4724,
    "is_new": false
  },
  {
    "episodes_info": "",
    "rate": "7.8",
    "cover_x": 1000,
    "title": "浴火鸟",
    "url": "https://movie.douban.com/subject/30453797/",
    "playable": false,
    "cover": "https://img9.doubanio.com/view/photo/s_ratio_poster/public/p2633279574.jpg",
    "id": "30453797",
    "cover_y": 1404,
    "is_new": false
  },
  {
    "episodes_info": "",
    "rate": "6.3",
    "cover_x": 1090,
    "title": "东北警察故事",
    "url": "https://movie.douban.com/subject/35611465/",
    "playable": true,
    "cover": "https://img2.doubanio.com/view/photo/s_ratio_poster/public/p2687980991.jpg",
    "id": "35611465",
    "cover_y": 1938,
    "is_new": false
  },
  {
    "episodes_info": "",
    "rate": "6.1",
    "cover_x": 729,
    "title": "追忆迷局",
    "url": "https://movie.douban.com/subject/26615748/",
    "playable": false,
    "cover": "https://img9.doubanio.com/view/photo/s_ratio_poster/public/p2654959196.jpg",
    "id": "26615748",
    "cover_y": 1080,
    "is_new": false
  },
  {
    "episodes_info": "",
    "rate": "6.3",
    "cover_x": 2764,
    "title": "招魂3",
    "url": "https://movie.douban.com/subject/27077479/",
    "playable": false,
    "cover": "https://img2.doubanio.com/view/photo/s_ratio_poster/public/p2641811991.jpg",
    "id": "27077479",
    "cover_y": 4096,
    "is_new": false
  },
  {
    "episodes_info": "",
    "rate": "6.4",
    "cover_x": 3957,
    "title": "寂静之地2",
    "url": "https://movie.douban.com/subject/30206311/",
    "playable": true,
    "cover": "https://img1.doubanio.com/view/photo/s_ratio_poster/public/p2651298629.jpg",
    "id": "30206311",
    "cover_y": 5793,
    "is_new": false
  },
  {
    "episodes_info": "",
    "rate": "7.6",
    "cover_x": 1500,
    "title": "电话",
    "url": "https://movie.douban.com/subject/30346025/",
    "playable": false,
    "cover": "https://img1.doubanio.com/view/photo/s_ratio_poster/public/p2625879789.jpg",
    "id": "30346025",
    "cover_y": 2172,
    "is_new": false
  },
  {
    "episodes_info": "",
    "rate": "6.2",
    "cover_x": 1000,
    "title": "热带往事",
    "url": "https://movie.douban.com/subject/29984000/",
    "playable": true,
    "cover": "https://img9.doubanio.com/view/photo/s_ratio_poster/public/p2654729576.jpg",
    "id": "29984000",
    "cover_y": 1414,
    "is_new": false
  },
  {
    "episodes_info": "",
    "rate": "6.5",
    "cover_x": 1434,
    "title": "南巫",
    "url": "https://movie.douban.com/subject/30359340/",
    "playable": false,
    "cover": "https://img2.doubanio.com/view/photo/s_ratio_poster/public/p2635906761.jpg",
    "id": "30359340",
    "cover_y": 2048,
    "is_new": false
  },
  {
    "episodes_info": "",
    "rate": "7.3",
    "cover_x": 750,
    "title": "酷爱电影的庞波小姐",
    "url": "https://movie.douban.com/subject/30037194/",
    "playable": false,
    "cover": "https://img9.doubanio.com/view/photo/s_ratio_poster/public/p2629058776.jpg",
    "id": "30037194",
    "cover_y": 1065,
    "is_new": false
  }
]