[
  {
    "episodes_info": "",
    "rate": "6.3",
    "cover_x": 3158,
    "title": "老去",
    "url": "https://movie.douban.com/subject/35017064/",
    "playable": false,
    "cover": "https://img3.doubanio.com/view/photo/s_ratio_poster/public/p2652833060.jpg",
    "id": "35017064",
    "cover_y": 5000,
    "is_new": false
  },
  {
    "episodes_info": "",
    "rate": "7.5",
    "cover_x": 1500,
    "title": "犬之力",
    "url": "https://movie.douban.com/subject/33437152/",
    "playable": false,
    "cover": "https://img1.doubanio.com/view/photo/s_ratio_poster/public/p2678298618.jpg",
    "id": "33437152",
    "cover_y": 2222,
    "is_new": false
  },
  {
    "episodes_info": "",
    "rate": "6.8",
    "cover_x": 1200,
    "title": "致命感应",
    "url": "https://movie.douban.com/subject/25909236/",
    "playable": true,
    "cover": "https://img1.doubanio.com/view/photo/s_ratio_poster/public/p2672792129.jpg",
    "id": "25909236",
    "cover_y": 1778,
    "is_new": false
  },
  {
    "episodes_info": "",
    "rate": "6.9",
    "cover_x": 2126,
    "title": "中国医生",
    "url": "https://movie.douban.com/subject/35087699/",
    "playable": true,
    "cover": "https://img9.doubanio.com/view/photo/s_ratio_poster/public/p2666591984.jpg",
    "id": "35087699",
    "cover_y": 2976,
    "is_new": false
  },
  {
    "episodes_info": "",
    "rate": "8.3",
    "cover_x": 1535,
    "title": "偶然与想象",
    "url": "https://movie.douban.com/subject/35360296/",
    "playable": false,
    "cover": "https://img3.doubanio.com/view/photo/s_ratio_poster/public/p2633273330.jpg",
    "id": "35360296",
    "cover_y": 2126,
    "is_new": false
  },
  {
    "episodes_info": "",
    "rate": "8.0",
    "cover_x": 2160,
    "title": "永不消逝的电波",
    "url": "https://movie.douban.com/subject/1431694/",
    "playable": true,
    "cover": "https://img1.doubanio.com/view/photo/s_ratio_poster/public/p2693881679.jpg",
    "id": "1431694",
    "cover_y": 3030,
    "is_new": false
  },
  {
    "episodes_info": "",
    "rate": "6.6",
    "cover_x": 1400,
    "title": "密室逃生2",
    "url": "https://movie.douban.com/subject/30469922/",
    "playable": false,
    "cover": "https://img2.doubanio.com/view/photo/s_ratio_poster/public/p2657211583.jpg",
    "id": "30469922",
    "cover_y": 2100,
    "is_new": false
  },
  {
    "episodes_info": "",
    "rate": "8.4",
    "cover_x": 1000,
    "title": "浪客剑心 最终章 追忆篇",
    "url": "https://movie.douban.com/subject/33407124/",
    "playable": true,
    "cover": "https://img1.doubanio.com/view/photo/s_ratio_poster/public/p2641350668.jpg",
    "id": "33407124",
    "cover_y": 1416,
    "is_new": false
  },
  {
    "episodes_info": "",
    "rate": "6.2",
    "cover_x": 1000,
    "title": "致命录像带94",
    "url": "https://movie.douban.com/subject/35116325/",
    "playable": false,
    "cover": "https://img3.doubanio.com/view/photo/s_ratio_poster/public/p2691401250.jpg",
    "id": "35116325",
    "cover_y": 1500,
    "is_new": false
  },
  {
    "episodes_info": "",
    "rate": "7.9",
    "cover_x": 1152,
    "title": "援助",
    "url": "https://movie.douban.com/subject/35259282/",
    "playable": false,
    "cover": "https://img9.doubanio.com/view/photo/s_ratio_poster/public/p2683711566.jpg",
    "id": "35259282",
    "cover_y": 2048,
    "is_new": false
  },
  {
    "episodes_info": "",
    "rate": "7.1",
    "cover_x": 1131,
    "title": "我是你的人",
    "url": "https://movie.douban.com/subject/35202365/",
    "playable": false,
    "cover": "https://img9.doubanio.com/view/photo/s_ratio_poster/public/p2685374824.jpg",
    "id": "35202365",
    "cover_y": 1600,
    "is_new": false
  },
  {
    "episodes_info": "",
    "rate": "8.0",
    "cover_x": 1500,
    "title": "小妈妈",
    "url": "https://movie.douban.com/subject/35225859/",
    "playable": false,
    "cover": "https://img2.doubanio.com/view/photo/s_ratio_poster/public/p2677331311.jpg",
    "id": "35225859",
    "cover_y": 2222,
    "is_new": false
  },
  {
    "episodes_info": "",
    "rate": "5.3",
    "cover_x": 2000,
    "title": "一级指控",
    "url": "https://movie.douban.com/subject/30200973/",
    "playable": true,
    "cover": "https://img1.doubanio.com/view/photo/s_ratio_poster/public/p2691890349.jpg",
    "id": "30200973",
    "cover_y": 3556,
    "is_new": false
  },
  {
    "episodes_info": "",
    "rate": "6.8",
    "cover_x": 1500,
    "title": "偷窥者",
    "url": "https://movie.douban.com/subject/34981939/",
    "playable": false,
    "cover": "https://img2.doubanio.com/view/photo/s_ratio_poster/public/p2681328483.jpg",
    "id": "34981939",
    "cover_y": 2222,
    "is_new": false
  },
  {
    "episodes_info": "",
    "rate": "8.6",
    "cover_x": 1600,
    "title": "健听女孩",
    "url": "https://movie.douban.com/subject/35048413/",
    "playable": false,
    "cover": "https://img2.doubanio.com/view/photo/s_ratio_poster/public/p2665001891.jpg",
    "id": "35048413",
    "cover_y": 2400,
    "is_new": false
  },
  {
    "episodes_info": "",
    "rate": "7.2",
    "cover_x": 455,
    "title": "老亨利",
    "url": "https://movie.douban.com/subject/35442458/",
    "playable": false,
    "cover": "https://img2.doubanio.com/view/photo/s_ratio_poster/public/p2678672493.jpg",
    "id": "35442458",
    "cover_y": 674,
    "is_new": true
  },
  {
    "episodes_info": "",
    "rate": "8.0",
    "cover_x": 2765,
    "title": "X特遣队：全员集结",
    "url": "https://movie.douban.com/subject/26741632/",
    "playable": false,
    "cover": "https://img2.doubanio.com/view/photo/s_ratio_poster/public/p2637084112.jpg",
    "id": "26741632",
    "cover_y": 4096,
    "is_new": false
  },
  {
    "episodes_info": "",
    "rate": "5.0",
    "cover_x": 4370,
    "title": "日常幻想指南",
    "url": "https://movie.douban.com/subject/26823520/",
    "playable": true,
    "cover": "https://img2.doubanio.com/view/photo/s_ratio_poster/public/p2681329662.jpg",
    "id": "26823520",
    "cover_y": 6201,
    "is_new": false
  },
  {
    "episodes_info": "",
    "rate": "7.4",
    "cover_x": 2024,
    "title": "浪客剑心 最终章 人诛篇",
    "url": "https://movie.douban.com/subject/30167974/",
    "playable": true,
    "cover": "https://img2.doubanio.com/view/photo/s_ratio_poster/public/p2627551613.jpg",
    "id": "30167974",
    "cover_y": 2866,
    "is_new": false
  },
  {
    "episodes_info": "",
    "rate": "7.2",
    "cover_x": 1135,
    "title": "智齿",
    "url": "https://movie.douban.com/subject/27124695/",
    "playable": false,
    "cover": "https://img2.doubanio.com/view/photo/s_ratio_poster/public/p2706359781.jpg",
    "id": "27124695",
    "cover_y": 1585,
    "is_new": false
  }
]
