[
  {
    "episodes_info": "",
    "rate": "7.6",
    "cover_x": 5315,
    "title": "悬崖之上",
    "url": "https://movie.douban.com/subject/32493124/",
    "playable": true,
    "cover": "https://img2.doubanio.com/view/photo/s_ratio_poster/public/p2641614433.jpg",
    "id": "32493124",
    "cover_y": 7440,
    "is_new": false
  },
  {
    "episodes_info": "",
    "rate": "7.9",
    "cover_x": 992,
    "title": "同学麦娜丝",
    "url": "https://movie.douban.com/subject/34902639/",
    "playable": false,
    "cover": "https://img2.doubanio.com/view/photo/s_ratio_poster/public/p2623673142.jpg",
    "id": "34902639",
    "cover_y": 1418,
    "is_new": false
  },
  {
    "episodes_info": "",
    "rate": "7.2",
    "cover_x": 1313,
    "title": "倒霉性爱，发狂黄片",
    "url": "https://movie.douban.com/subject/35242942/",
    "playable": false,
    "cover": "https://img2.doubanio.com/view/photo/s_ratio_poster/public/p2638021971.jpg",
    "id": "35242942",
    "cover_y": 1875,
    "is_new": false
  },
  {
    "episodes_info": "",
    "rate": "5.4",
    "cover_x": 6213,
    "title": "秘密访客",
    "url": "https://movie.douban.com/subject/30378158/",
    "playable": true,
    "cover": "https://img3.doubanio.com/view/photo/s_ratio_poster/public/p2629408730.jpg",
    "id": "30378158",
    "cover_y": 9047,
    "is_new": false
  },
  {
    "episodes_info": "",
    "rate": "7.3",
    "cover_x": 2000,
    "title": "第十一回",
    "url": "https://movie.douban.com/subject/30279836/",
    "playable": true,
    "cover": "https://img9.doubanio.com/view/photo/s_ratio_poster/public/p2637603645.jpg",
    "id": "30279836",
    "cover_y": 2800,
    "is_new": false
  },
  {
    "episodes_info": "",
    "rate": "6.7",
    "cover_x": 2765,
    "title": "人之怒",
    "url": "https://movie.douban.com/subject/27046740/",
    "playable": true,
    "cover": "https://img2.doubanio.com/view/photo/s_ratio_poster/public/p2642842673.jpg",
    "id": "27046740",
    "cover_y": 4096,
    "is_new": false
  },
  {
    "episodes_info": "",
    "rate": "6.9",
    "cover_x": 5000,
    "title": "我的姐姐",
    "url": "https://movie.douban.com/subject/35158160/",
    "playable": true,
    "cover": "https://img3.doubanio.com/view/photo/s_ratio_poster/public/p2630463690.jpg",
    "id": "35158160",
    "cover_y": 7478,
    "is_new": false
  },
  {
    "episodes_info": "",
    "rate": "6.9",
    "cover_x": 6759,
    "title": "黑白魔女库伊拉",
    "url": "https://movie.douban.com/subject/26703121/",
    "playable": true,
    "cover": "https://img9.doubanio.com/view/photo/s_ratio_poster/public/p2653946775.jpg",
    "id": "26703121",
    "cover_y": 10160,
    "is_new": false
  },
  {
    "episodes_info": "",
    "rate": "7.0",
    "cover_x": 2048,
    "title": "王国：北方的阿信",
    "url": "https://movie.douban.com/subject/35151297/",
    "playable": false,
    "cover": "https://img1.doubanio.com/view/photo/s_ratio_poster/public/p2669957808.jpg",
    "id": "35151297",
    "cover_y": 1152,
    "is_new": false
  },
  {
    "episodes_info": "",
    "rate": "7.8",
    "cover_x": 1841,
    "title": "有答案的男子",
    "url": "https://movie.douban.com/subject/35287558/",
    "playable": false,
    "cover": "https://img9.doubanio.com/view/photo/s_ratio_poster/public/p2642244414.jpg",
    "id": "35287558",
    "cover_y": 2560,
    "is_new": false
  },
  {
    "episodes_info": "",
    "rate": "7.8",
    "cover_x": 3000,
    "title": "你好，李焕英",
    "url": "https://movie.douban.com/subject/34841067/",
    "playable": true,
    "cover": "https://img1.doubanio.com/view/photo/s_ratio_poster/public/p2629056068.jpg",
    "id": "34841067",
    "cover_y": 4292,
    "is_new": false
  },
  {
    "episodes_info": "",
    "rate": "7.1",
    "cover_x": 729,
    "title": "疯女人的舞会",
    "url": "https://movie.douban.com/subject/34943349/",
    "playable": false,
    "cover": "https://img1.doubanio.com/view/photo/s_ratio_poster/public/p2667391667.jpg",
    "id": "34943349",
    "cover_y": 1080,
    "is_new": false
  },
  {
    "episodes_info": "",
    "rate": "6.0",
    "cover_x": 1080,
    "title": "我要我们在一起",
    "url": "https://movie.douban.com/subject/25881778/",
    "playable": true,
    "cover": "https://img2.doubanio.com/view/photo/s_ratio_poster/public/p2641399262.jpg",
    "id": "25881778",
    "cover_y": 1512,
    "is_new": false
  },
  {
    "episodes_info": "",
    "rate": "6.7",
    "cover_x": 4217,
    "title": "宝可梦：皮卡丘和可可的冒险",
    "url": "https://movie.douban.com/subject/34943015/",
    "playable": false,
    "cover": "https://img3.doubanio.com/view/photo/s_ratio_poster/public/p2681086310.jpg",
    "id": "34943015",
    "cover_y": 6043,
    "is_new": false
  },
  {
    "episodes_info": "",
    "rate": "5.2",
    "cover_x": 1946,
    "title": "电锯惊魂9：漩涡",
    "url": "https://movie.douban.com/subject/33450426/",
    "playable": false,
    "cover": "https://img9.doubanio.com/view/photo/s_ratio_poster/public/p2637809736.jpg",
    "id": "33450426",
    "cover_y": 3000,
    "is_new": false
  },
  {
    "episodes_info": "",
    "rate": "7.8",
    "cover_x": 1500,
    "title": "猎魔人：狼之噩梦",
    "url": "https://movie.douban.com/subject/34955909/",
    "playable": false,
    "cover": "https://img1.doubanio.com/view/photo/s_ratio_poster/public/p2675863739.jpg",
    "id": "34955909",
    "cover_y": 2222,
    "is_new": false
  },
  {
    "episodes_info": "",
    "rate": "6.3",
    "cover_x": 4320,
    "title": "王牌保镖2",
    "url": "https://movie.douban.com/subject/30216729/",
    "playable": false,
    "cover": "https://img9.doubanio.com/view/photo/s_ratio_poster/public/p2647131304.jpg",
    "id": "30216729",
    "cover_y": 6660,
    "is_new": false
  },
  {
    "episodes_info": "",
    "rate": "7.2",
    "cover_x": 5781,
    "title": "哆啦A梦：伴我同行2",
    "url": "https://movie.douban.com/subject/34913671/",
    "playable": true,
    "cover": "https://img2.doubanio.com/view/photo/s_ratio_poster/public/p2641407963.jpg",
    "id": "34913671",
    "cover_y": 8206,
    "is_new": false
  },
  {
    "episodes_info": "",
    "rate": "7.4",
    "cover_x": 1080,
    "title": "夏日友晴天",
    "url": "https://movie.douban.com/subject/35161768/",
    "playable": false,
    "cover": "https://img1.doubanio.com/view/photo/s_ratio_poster/public/p2675958609.jpg",
    "id": "35161768",
    "cover_y": 1542,
    "is_new": false
  },
  {
    "episodes_info": "",
    "rate": "7.1",
    "cover_x": 960,
    "title": "硬汉枪神",
    "url": "https://movie.douban.com/subject/35464967/",
    "playable": true,
    "cover": "https://img9.doubanio.com/view/photo/s_ratio_poster/public/p2673396594.jpg",
    "id": "35464967",
    "cover_y": 1440,
    "is_new": false
  }
]
