[
  {
    "episodes_info": "",
    "rate": "7.9",
    "cover_x": 2764,
    "title": "沙丘",
    "url": "https://movie.douban.com/subject/3001114/",
    "playable": false,
    "cover": "https://img9.doubanio.com/view/photo/s_ratio_poster/public/p2687443734.jpg",
    "id": "3001114",
    "cover_y": 4096,
    "is_new": false
  },
  {
    "episodes_info": "",
    "rate": "8.1",
    "cover_x": 2000,
    "title": "摩加迪沙",
    "url": "https://movie.douban.com/subject/33457594/",
    "playable": false,
    "cover": "https://img9.doubanio.com/view/photo/s_ratio_poster/public/p2697816056.jpg",
    "id": "33457594",
    "cover_y": 2865,
    "is_new": false
  },
  {
    "episodes_info": "",
    "rate": "7.7",
    "cover_x": 1070,
    "title": "风信子之恋",
    "url": "https://movie.douban.com/subject/35419225/",
    "playable": false,
    "cover": "https://img2.doubanio.com/view/photo/s_ratio_poster/public/p2707359633.jpg",
    "id": "35419225",
    "cover_y": 1500,
    "is_new": true
  },
  {
    "episodes_info": "",
    "rate": "6.1",
    "cover_x": 750,
    "title": "明天的餐桌",
    "url": "https://movie.douban.com/subject/35284431/",
    "playable": false,
    "cover": "https://img2.doubanio.com/view/photo/s_ratio_poster/public/p2639299281.jpg",
    "id": "35284431",
    "cover_y": 1060,
    "is_new": true
  },
  {
    "episodes_info": "",
    "rate": "7.6",
    "cover_x": 1276,
    "title": "疯神",
    "url": "https://movie.douban.com/subject/35516745/",
    "playable": false,
    "cover": "https://img1.doubanio.com/view/photo/s_ratio_poster/public/p2674392637.jpg",
    "id": "35516745",
    "cover_y": 1884,
    "is_new": true
  },
  {
    "episodes_info": "",
    "rate": "6.6",
    "cover_x": 1938,
    "title": "钛",
    "url": "https://movie.douban.com/subject/34820925/",
    "playable": false,
    "cover": "https://img9.doubanio.com/view/photo/s_ratio_poster/public/p2663190044.jpg",
    "id": "34820925",
    "cover_y": 2880,
    "is_new": false
  },
  {
    "episodes_info": "",
    "rate": "7.5",
    "cover_x": 2126,
    "title": "五个扑水的少年",
    "url": "https://movie.douban.com/subject/35030151/",
    "playable": true,
    "cover": "https://img1.doubanio.com/view/photo/s_ratio_poster/public/p2682685788.jpg",
    "id": "35030151",
    "cover_y": 2976,
    "is_new": false
  },
  {
    "episodes_info": "",
    "rate": "8.1",
    "cover_x": 2000,
    "title": "驾驶我的车",
    "url": "https://movie.douban.com/subject/35235502/",
    "playable": false,
    "cover": "https://img2.doubanio.com/view/photo/s_ratio_poster/public/p2639821491.jpg",
    "id": "35235502",
    "cover_y": 2829,
    "is_new": false
  },
  {
    "episodes_info": "",
    "rate": "8.7",
    "cover_x": 1448,
    "title": "花束般的恋爱",
    "url": "https://movie.douban.com/subject/34874432/",
    "playable": false,
    "cover": "https://img9.doubanio.com/view/photo/s_ratio_poster/public/p2623936924.jpg",
    "id": "34874432",
    "cover_y": 2048,
    "is_new": false
  },
  {
    "episodes_info": "",
    "rate": "7.2",
    "cover_x": 1500,
    "title": "盛夏未来",
    "url": "https://movie.douban.com/subject/35158124/",
    "playable": true,
    "cover": "https://img1.doubanio.com/view/photo/s_ratio_poster/public/p2673420377.jpg",
    "id": "35158124",
    "cover_y": 2175,
    "is_new": false
  },
  {
    "episodes_info": "",
    "rate": "7.7",
    "cover_x": 2865,
    "title": "浊水漂流",
    "url": "https://movie.douban.com/subject/30359468/",
    "playable": false,
    "cover": "https://img2.doubanio.com/view/photo/s_ratio_poster/public/p2670489232.jpg",
    "id": "30359468",
    "cover_y": 4032,
    "is_new": false
  },
  {
    "episodes_info": "",
    "rate": "6.2",
    "cover_x": 1446,
    "title": "龙和雀斑公主",
    "url": "https://movie.douban.com/subject/35287908/",
    "playable": false,
    "cover": "https://img9.doubanio.com/view/photo/s_ratio_poster/public/p2672428635.jpg",
    "id": "35287908",
    "cover_y": 2048,
    "is_new": false
  },
  {
    "episodes_info": "",
    "rate": "7.5",
    "cover_x": 1000,
    "title": "在糟糕的日子里",
    "url": "https://movie.douban.com/subject/35293160/",
    "playable": false,
    "cover": "https://img2.doubanio.com/view/photo/s_ratio_poster/public/p2690943591.jpg",
    "id": "35293160",
    "cover_y": 1423,
    "is_new": true
  },
  {
    "episodes_info": "",
    "rate": "7.0",
    "cover_x": 1819,
    "title": "妈妈的神奇小子",
    "url": "https://movie.douban.com/subject/32568661/",
    "playable": true,
    "cover": "https://img3.doubanio.com/view/photo/s_ratio_poster/public/p2676932860.jpg",
    "id": "32568661",
    "cover_y": 2547,
    "is_new": false
  },
  {
    "episodes_info": "",
    "rate": "6.5",
    "cover_x": 3508,
    "title": "平行森林",
    "url": "https://movie.douban.com/subject/35115642/",
    "playable": true,
    "cover": "https://img2.doubanio.com/view/photo/s_ratio_poster/public/p2692942421.jpg",
    "id": "35115642",
    "cover_y": 4961,
    "is_new": false
  },
  {
    "episodes_info": "",
    "rate": "6.4",
    "cover_x": 1500,
    "title": "灵媒",
    "url": "https://movie.douban.com/subject/35208823/",
    "playable": false,
    "cover": "https://img2.doubanio.com/view/photo/s_ratio_poster/public/p2661923862.jpg",
    "id": "35208823",
    "cover_y": 2149,
    "is_new": false
  },
  {
    "episodes_info": "",
    "rate": "7.6",
    "cover_x": 1080,
    "title": "失控玩家",
    "url": "https://movie.douban.com/subject/30337388/",
    "playable": false,
    "cover": "https://img9.doubanio.com/view/photo/s_ratio_poster/public/p2677520025.jpg",
    "id": "30337388",
    "cover_y": 1600,
    "is_new": false
  },
  {
    "episodes_info": "",
    "rate": "7.6",
    "cover_x": 1500,
    "title": "被遗忘的战役",
    "url": "https://movie.douban.com/subject/34803835/",
    "playable": false,
    "cover": "https://img1.doubanio.com/view/photo/s_ratio_poster/public/p2697678847.jpg",
    "id": "34803835",
    "cover_y": 2222,
    "is_new": false
  },
  {
    "episodes_info": "",
    "rate": "7.3",
    "cover_x": 1429,
    "title": "怒火·重案",
    "url": "https://movie.douban.com/subject/30174085/",
    "playable": true,
    "cover": "https://img1.doubanio.com/view/photo/s_ratio_poster/public/p2673412189.jpg",
    "id": "30174085",
    "cover_y": 2000,
    "is_new": false
  },
  {
    "episodes_info": "",
    "rate": "6.3",
    "cover_x": 864,
    "title": "黑寡妇",
    "url": "https://movie.douban.com/subject/25828589/",
    "playable": false,
    "cover": "https://img1.doubanio.com/view/photo/s_ratio_poster/public/p2665872718.jpg",
    "id": "25828589",
    "cover_y": 1280,
    "is_new": false
  }
]