[
  {
    "episodes_info": "",
    "rate": "9.0",
    "cover_x": 960,
    "title": "普吉岛的最后黄昏",
    "url": "https://movie.douban.com/subject/35472124/",
    "playable": false,
    "cover": "https://img9.doubanio.com/view/photo/s_ratio_poster/public/p2652268085.jpg",
    "id": "35472124",
    "cover_y": 1200,
    "is_new": false
  },
  {
    "episodes_info": "",
    "rate": "6.9",
    "cover_x": 1876,
    "title": "白蛇2：青蛇劫起",
    "url": "https://movie.douban.com/subject/30435124/",
    "playable": true,
    "cover": "https://img2.doubanio.com/view/photo/s_ratio_poster/public/p2676545572.jpg",
    "id": "30435124",
    "cover_y": 3000,
    "is_new": false
  },
  {
    "episodes_info": "",
    "rate": "6.5",
    "cover_x": 1500,
    "title": "罪人",
    "url": "https://movie.douban.com/subject/30400539/",
    "playable": false,
    "cover": "https://img9.doubanio.com/view/photo/s_ratio_poster/public/p2680985686.jpg",
    "id": "30400539",
    "cover_y": 2222,
    "is_new": false
  },
  {
    "episodes_info": "",
    "rate": "8.6",
    "cover_x": 2000,
    "title": "兹山鱼谱",
    "url": "https://movie.douban.com/subject/30409439/",
    "playable": false,
    "cover": "https://img2.doubanio.com/view/photo/s_ratio_poster/public/p2634952893.jpg",
    "id": "30409439",
    "cover_y": 2866,
    "is_new": false
  },
  {
    "episodes_info": "",
    "rate": "7.6",
    "cover_x": 1046,
    "title": "蓝色海湾",
    "url": "https://movie.douban.com/subject/34856590/",
    "playable": false,
    "cover": "https://img1.doubanio.com/view/photo/s_ratio_poster/public/p2670915379.jpg",
    "id": "34856590",
    "cover_y": 1500,
    "is_new": false
  },
  {
    "episodes_info": "",
    "rate": "5.4",
    "cover_x": 2587,
    "title": "糖果人",
    "url": "https://movie.douban.com/subject/30389627/",
    "playable": false,
    "cover": "https://img9.doubanio.com/view/photo/s_ratio_poster/public/p2662756946.jpg",
    "id": "30389627",
    "cover_y": 4096,
    "is_new": false
  },
  {
    "episodes_info": "",
    "rate": "9.0",
    "cover_x": 1780,
    "title": "来自远方",
    "url": "https://movie.douban.com/subject/27200859/",
    "playable": false,
    "cover": "https://img2.doubanio.com/view/photo/s_ratio_poster/public/p2678455893.jpg",
    "id": "27200859",
    "cover_y": 2670,
    "is_new": false
  },
  {
    "episodes_info": "",
    "rate": "5.9",
    "cover_x": 4370,
    "title": "兔子暴力",
    "url": "https://movie.douban.com/subject/30289828/",
    "playable": true,
    "cover": "https://img9.doubanio.com/view/photo/s_ratio_poster/public/p2675924254.jpg",
    "id": "30289828",
    "cover_y": 6201,
    "is_new": false
  },
  {
    "episodes_info": "",
    "rate": "6.7",
    "cover_x": 1500,
    "title": "怪奇宅",
    "url": "https://movie.douban.com/subject/35477218/",
    "playable": false,
    "cover": "https://img2.doubanio.com/view/photo/s_ratio_poster/public/p2670777611.jpg",
    "id": "35477218",
    "cover_y": 2138,
    "is_new": false
  },
  {
    "episodes_info": "",
    "rate": "6.4",
    "cover_x": 1400,
    "title": "当男人恋爱时",
    "url": "https://movie.douban.com/subject/35198827/",
    "playable": true,
    "cover": "https://img2.doubanio.com/view/photo/s_ratio_poster/public/p2656407373.jpg",
    "id": "35198827",
    "cover_y": 2100,
    "is_new": false
  },
  {
    "episodes_info": "",
    "rate": "5.7",
    "cover_x": 2000,
    "title": "地陷",
    "url": "https://movie.douban.com/subject/33446375/",
    "playable": false,
    "cover": "https://img1.doubanio.com/view/photo/s_ratio_poster/public/p2675546699.jpg",
    "id": "33446375",
    "cover_y": 2865,
    "is_new": false
  },
  {
    "episodes_info": "",
    "rate": "6.1",
    "cover_x": 1187,
    "title": "人质",
    "url": "https://movie.douban.com/subject/30422485/",
    "playable": false,
    "cover": "https://img1.doubanio.com/view/photo/s_ratio_poster/public/p2656934367.jpg",
    "id": "30422485",
    "cover_y": 1701,
    "is_new": false
  },
  {
    "episodes_info": "",
    "rate": "9.2",
    "cover_x": 1852,
    "title": "新·福音战士剧场版：终",
    "url": "https://movie.douban.com/subject/10428501/",
    "playable": false,
    "cover": "https://img1.doubanio.com/view/photo/s_ratio_poster/public/p2629054917.jpg",
    "id": "10428501",
    "cover_y": 2621,
    "is_new": false
  },
  {
    "episodes_info": "",
    "rate": "6.5",
    "cover_x": 1944,
    "title": "绿衣骑士",
    "url": "https://movie.douban.com/subject/30372022/",
    "playable": false,
    "cover": "https://img2.doubanio.com/view/photo/s_ratio_poster/public/p2659155163.jpg",
    "id": "30372022",
    "cover_y": 2880,
    "is_new": false
  },
  {
    "episodes_info": "",
    "rate": "6.5",
    "cover_x": 2763,
    "title": "屏住呼吸2",
    "url": "https://movie.douban.com/subject/26915921/",
    "playable": false,
    "cover": "https://img1.doubanio.com/view/photo/s_ratio_poster/public/p2675211748.jpg",
    "id": "26915921",
    "cover_y": 4096,
    "is_new": false
  },
  {
    "episodes_info": "",
    "rate": "7.1",
    "cover_x": 1013,
    "title": "静水城",
    "url": "https://movie.douban.com/subject/34614665/",
    "playable": false,
    "cover": "https://img2.doubanio.com/view/photo/s_ratio_poster/public/p2654990612.jpg",
    "id": "34614665",
    "cover_y": 1500,
    "is_new": false
  },
  {
    "episodes_info": "",
    "rate": "6.2",
    "cover_x": 1500,
    "title": "凯特",
    "url": "https://movie.douban.com/subject/27177908/",
    "playable": false,
    "cover": "https://img2.doubanio.com/view/photo/s_ratio_poster/public/p2675197481.jpg",
    "id": "27177908",
    "cover_y": 2222,
    "is_new": false
  },
  {
    "episodes_info": "",
    "rate": "8.2",
    "cover_x": 2025,
    "title": "扎克·施奈德版正义联盟",
    "url": "https://movie.douban.com/subject/35076714/",
    "playable": true,
    "cover": "https://img9.doubanio.com/view/photo/s_ratio_poster/public/p2634360594.jpg",
    "id": "35076714",
    "cover_y": 3000,
    "is_new": false
  },
  {
    "episodes_info": "",
    "rate": "5.2",
    "cover_x": 1080,
    "title": "速度与激情9",
    "url": "https://movie.douban.com/subject/25728006/",
    "playable": true,
    "cover": "https://img9.doubanio.com/view/photo/s_ratio_poster/public/p2640611704.jpg",
    "id": "25728006",
    "cover_y": 1596,
    "is_new": false
  },
  {
    "episodes_info": "",
    "rate": "6.7",
    "cover_x": 5379,
    "title": "1921",
    "url": "https://movie.douban.com/subject/35125443/",
    "playable": true,
    "cover": "https://img9.doubanio.com/view/photo/s_ratio_poster/public/p2665014115.jpg",
    "id": "35125443",
    "cover_y": 7530,
    "is_new": false
  }
]
