{
  "count": 20,
  "start": 120,
  "total": 182605,
  "wechat_timeline_share": "screenshot",
  "interests": [
    {
      "comment": "近两年从金刚川，到1950，到长津湖。这次感触最深。外公也是19岁上的现场，也会怕疼，也会调皮，也会想家。",
      "rating": {
        "count": 1,
        "max": 5,
        "star_count": 5,
        "value": 5
      },
      "sharing_url": "https:\/\/www.douban.com\/doubanapp\/dispatch?uri=\/movie\/25845392\/interest\/3057738217",
      "is_voted": false,
      "uri": "douban:\/\/douban.com\/movie\/25845392\/interest\/3057738217",
      "platforms": [],
      "vote_count": 258,
      "create_time": "2021-10-02 18:50:53",
      "status": "done",
      "user": {
        "loc": {
          "id": "118281",
          "name": "广州",
          "uid": "guangzhou"
        },
        "reg_time": "2016-11-01 00:54:32",
        "followed": false,
        "name": "ssss219",
        "avatar_side_icon": "",
        "url": "https:\/\/www.douban.com\/people\/153258307\/",
        "gender": "F",
        "uri": "douban:\/\/douban.com\/user\/153258307",
        "avatar": "https://img1.doubanio.com\/icon\/up153258307-7.jpg",
        "id": "153258307",
        "remark": "",
        "in_blacklist": false,
        "is_club": false,
        "type": "user",
        "kind": "user",
        "uid": "153258307"
      },
      "recommend_reason": "",
      "user_done_desc": "",
      "id": "3057738217",
      "wechat_timeline_share": "screenshot"
    },
    {
      "comment": "画面出现在感恩节，我军战士只能躲在冰冷雪山沟里啃冻的邦邦硬硌掉牙的土豆时，万恶的美军却在温暖的阵地里开快乐而酒肉满足的派对。这个前后画面对比异常强烈。这就是长津湖战役，我们的先辈与当时美军各方面的悬殊差距，看到雷爸喊疼说不要留下他自己最后死去的片段时，更深刻的感受了什么是前仆后继，电影或精彩或激烈或好笑的片段很多，但让我始终紧张和恐慌的，是那未休止的枪炮声和美军飞机的呜呜声，试想下我只是坐在影院里听声音就对炮弹爆炸、美机不时的轰炸而惊慌和害怕，揪着的心从未放下，那当年那些踏上战场，真真切切面对战争的祖祖辈辈们又该有怎样怎样怎样我们想象不到的经历和感受。我们活在他们希望的未来里，有什么理由不珍惜？永怀感恩，感恩你们",
      "rating": {
        "count": 1,
        "max": 5,
        "star_count": 5,
        "value": 5
      },
      "sharing_url": "https:\/\/www.douban.com\/doubanapp\/dispatch?uri=\/movie\/25845392\/interest\/3057887246",
      "is_voted": false,
      "uri": "douban:\/\/douban.com\/movie\/25845392\/interest\/3057887246",
      "platforms": [],
      "vote_count": 299,
      "create_time": "2021-10-02 23:39:35",
      "status": "done",
      "user": {
        "loc": null,
        "reg_time": "2019-02-12 14:32:13",
        "followed": false,
        "name": "Herry·Stark",
        "avatar_side_icon": "",
        "url": "https:\/\/www.douban.com\/people\/191550928\/",
        "gender": "",
        "uri": "douban:\/\/douban.com\/user\/191550928",
        "avatar": "https://img2.doubanio.com\/icon\/up191550928-1.jpg",
        "id": "191550928",
        "remark": "",
        "in_blacklist": false,
        "is_club": false,
        "type": "user",
        "kind": "user",
        "uid": "191550928"
      },
      "recommend_reason": "",
      "user_done_desc": "",
      "id": "3057887246",
      "wechat_timeline_share": "screenshot"
    },
    {
      "comment": "怎么讲呢，之前看影评说很多人都哭啦，我泪点高，一次都没哭过，电影质量没得说。对于抗美援朝我是没有什么情怀的，这只存在于教科书上，但是梅生说的那句话，他们打，是为了后辈以后不打。我感受到了，感谢中国人民志愿军，你们永远是最可爱的人。",
      "rating": {
        "count": 1,
        "max": 5,
        "star_count": 5,
        "value": 5
      },
      "sharing_url": "https:\/\/www.douban.com\/doubanapp\/dispatch?uri=\/movie\/25845392\/interest\/2912733725",
      "is_voted": false,
      "uri": "douban:\/\/douban.com\/movie\/25845392\/interest\/2912733725",
      "platforms": [],
      "vote_count": 759,
      "create_time": "2021-09-30 14:35:02",
      "status": "done",
      "user": {
        "loc": {
          "id": "118172",
          "name": "杭州",
          "uid": "hangzhou"
        },
        "reg_time": "2018-09-18 15:09:47",
        "followed": false,
        "name": "Kristen",
        "avatar_side_icon": "",
        "url": "https:\/\/www.douban.com\/people\/184701694\/",
        "gender": "M",
        "uri": "douban:\/\/douban.com\/user\/184701694",
        "avatar": "https://img9.doubanio.com\/icon\/up184701694-4.jpg",
        "id": "184701694",
        "remark": "",
        "in_blacklist": false,
        "is_club": false,
        "type": "user",
        "kind": "user",
        "uid": "184701694"
      },
      "recommend_reason": "",
      "user_done_desc": "",
      "id": "2912733725",
      "wechat_timeline_share": "screenshot"
    },
    {
      "comment": "每一个志愿军都是值得我们记住和致敬的最可爱的人！易烊千玺就是伍万里，他就是我们的眼睛，带领我们去参与那段历史。",
      "rating": {
        "count": 1,
        "max": 5,
        "star_count": 5,
        "value": 5
      },
      "sharing_url": "https:\/\/www.douban.com\/doubanapp\/dispatch?uri=\/movie\/25845392\/interest\/2769102931",
      "is_voted": false,
      "uri": "douban:\/\/douban.com\/movie\/25845392\/interest\/2769102931",
      "platforms": [],
      "vote_count": 1265,
      "create_time": "2021-09-30 06:18:33",
      "status": "done",
      "user": {
        "loc": null,
        "reg_time": "2019-07-04 08:31:19",
        "followed": false,
        "name": "壹贰叁肆伍",
        "avatar_side_icon": "",
        "url": "https:\/\/www.douban.com\/people\/199037863\/",
        "gender": "",
        "uri": "douban:\/\/douban.com\/user\/199037863",
        "avatar": "https://img2.doubanio.com\/icon\/up199037863-2.jpg",
        "id": "199037863",
        "remark": "",
        "in_blacklist": false,
        "is_club": false,
        "type": "user",
        "kind": "user",
        "uid": "199037863"
      },
      "recommend_reason": "",
      "user_done_desc": "",
      "id": "2769102931",
      "wechat_timeline_share": "screenshot"
    },
    {
      "comment": "林超贤所设计的部分 音乐很熟悉。不得不说林超贤对战争的把控很到位呀。",
      "rating": {
        "count": 1,
        "max": 5,
        "star_count": 3,
        "value": 3
      },
      "sharing_url": "https:\/\/www.douban.com\/doubanapp\/dispatch?uri=\/movie\/25845392\/interest\/2943011338",
      "is_voted": false,
      "uri": "douban:\/\/douban.com\/movie\/25845392\/interest\/2943011338",
      "platforms": [],
      "vote_count": 251,
      "create_time": "2021-09-25 18:36:34",
      "status": "done",
      "user": {
        "loc": {
          "id": "118088",
          "name": "石家庄",
          "uid": "shijiazhuang"
        },
        "reg_time": "2018-01-20 02:02:23",
        "followed": false,
        "name": "电影与孤独",
        "avatar_side_icon": "",
        "url": "https:\/\/www.douban.com\/people\/172829773\/",
        "gender": "M",
        "uri": "douban:\/\/douban.com\/user\/172829773",
        "avatar": "https://img2.doubanio.com\/icon\/up172829773-1.jpg",
        "id": "172829773",
        "remark": "",
        "in_blacklist": false,
        "is_club": false,
        "type": "user",
        "kind": "user",
        "uid": "172829773"
      },
      "recommend_reason": "",
      "user_done_desc": "",
      "id": "2943011338",
      "wechat_timeline_share": "screenshot"
    },
    {
      "comment": "战争场面震撼我妈，叹为观止，看完后好想哭，伍千里拿出那个记录牺牲的战士们的小本本的时候我真的哭到泪崩",
      "rating": {
        "count": 1,
        "max": 5,
        "star_count": 5,
        "value": 5
      },
      "sharing_url": "https:\/\/www.douban.com\/doubanapp\/dispatch?uri=\/movie\/25845392\/interest\/3054791271",
      "is_voted": false,
      "uri": "douban:\/\/douban.com\/movie\/25845392\/interest\/3054791271",
      "platforms": [],
      "vote_count": 746,
      "create_time": "2021-09-30 14:18:49",
      "status": "done",
      "user": {
        "loc": {
          "id": "118281",
          "name": "广州",
          "uid": "guangzhou"
        },
        "reg_time": "2012-02-29 16:38:11",
        "followed": false,
        "name": "三金影后",
        "avatar_side_icon": "",
        "url": "https:\/\/www.douban.com\/people\/59041503\/",
        "gender": "F",
        "uri": "douban:\/\/douban.com\/user\/59041503",
        "avatar": "https://img1.doubanio.com\/icon\/up59041503-28.jpg",
        "id": "59041503",
        "remark": "",
        "in_blacklist": false,
        "is_club": false,
        "type": "user",
        "kind": "user",
        "uid": "hanhanstar"
      },
      "recommend_reason": "",
      "user_done_desc": "",
      "id": "3054791271",
      "wechat_timeline_share": "screenshot"
    },
    {
      "comment": "虽然不是五星的电影，但五星送给抗美援朝的战士们，唯有感恩和尊敬",
      "rating": {
        "count": 1,
        "max": 5,
        "star_count": 5,
        "value": 5
      },
      "sharing_url": "https:\/\/www.douban.com\/doubanapp\/dispatch?uri=\/movie\/25845392\/interest\/3062047998",
      "is_voted": false,
      "uri": "douban:\/\/douban.com\/movie\/25845392\/interest\/3062047998",
      "platforms": [],
      "vote_count": 159,
      "create_time": "2021-10-05 17:01:21",
      "status": "done",
      "user": {
        "loc": {
          "id": "118230",
          "name": "日照",
          "uid": "rizhao"
        },
        "reg_time": "2017-04-20 00:20:24",
        "followed": false,
        "name": "小南与莉香",
        "avatar_side_icon": "",
        "url": "https:\/\/www.douban.com\/people\/160493540\/",
        "gender": "M",
        "uri": "douban:\/\/douban.com\/user\/160493540",
        "avatar": "https://img9.doubanio.com\/icon\/up160493540-6.jpg",
        "id": "160493540",
        "remark": "",
        "in_blacklist": false,
        "is_club": false,
        "type": "user",
        "kind": "user",
        "uid": "160493540"
      },
      "recommend_reason": "",
      "user_done_desc": "",
      "id": "3062047998",
      "wechat_timeline_share": "screenshot"
    },
    {
      "comment": "我妈妈说：“主要是陈凯歌”我觉得难看但是我很开心希望不要忘记他们。",
      "rating": {
        "count": 1,
        "max": 5,
        "star_count": 2,
        "value": 2
      },
      "sharing_url": "https:\/\/www.douban.com\/doubanapp\/dispatch?uri=\/movie\/25845392\/interest\/3039082452",
      "is_voted": false,
      "uri": "douban:\/\/douban.com\/movie\/25845392\/interest\/3039082452",
      "platforms": [],
      "vote_count": 144,
      "create_time": "2021-10-02 19:38:25",
      "status": "done",
      "user": {
        "loc": null,
        "reg_time": "2019-02-02 13:28:14",
        "followed": false,
        "name": "Arc_U",
        "avatar_side_icon": "",
        "url": "https:\/\/www.douban.com\/people\/190930485\/",
        "gender": "U",
        "uri": "douban:\/\/douban.com\/user\/190930485",
        "avatar": "https://img2.doubanio.com\/icon\/up190930485-1.jpg",
        "id": "190930485",
        "remark": "",
        "in_blacklist": false,
        "is_club": false,
        "type": "user",
        "kind": "user",
        "uid": "190930485"
      },
      "recommend_reason": "",
      "user_done_desc": "",
      "id": "3039082452",
      "wechat_timeline_share": "screenshot"
    },
    {
      "comment": "样板戏吧",
      "rating": {
        "count": 1,
        "max": 5,
        "star_count": 3,
        "value": 3
      },
      "sharing_url": "https:\/\/www.douban.com\/doubanapp\/dispatch?uri=\/movie\/25845392\/interest\/3058510256",
      "is_voted": false,
      "uri": "douban:\/\/douban.com\/movie\/25845392\/interest\/3058510256",
      "platforms": [],
      "vote_count": 170,
      "create_time": "2021-10-03 09:04:39",
      "status": "done",
      "user": {
        "loc": {
          "id": "118221",
          "name": "青岛",
          "uid": "qingdao"
        },
        "reg_time": "2011-03-21 00:39:50",
        "followed": false,
        "name": "鲸虱",
        "avatar_side_icon": "",
        "url": "https:\/\/www.douban.com\/people\/50263790\/",
        "gender": "F",
        "uri": "douban:\/\/douban.com\/user\/50263790",
        "avatar": "https://img1.doubanio.com\/icon\/up50263790-27.jpg",
        "id": "50263790",
        "remark": "",
        "in_blacklist": false,
        "is_club": false,
        "type": "user",
        "kind": "user",
        "uid": "nafill"
      },
      "recommend_reason": "",
      "user_done_desc": "",
      "id": "3058510256",
      "wechat_timeline_share": "screenshot"
    },
    {
      "comment": "制作水准肯定是有的，但是我觉得真的不需要这么多的大范围移动的镜头。有的情节全都是大范围移动的镜头连屏幕内容都看不出来是什么。本来电影就只有24帧，而且我本人对帧率也不算敏感，但是镜头又卡又难受。看三小时的电影不累，但是看这个真的很累。",
      "rating": {
        "count": 1,
        "max": 5,
        "star_count": 2,
        "value": 2
      },
      "sharing_url": "https:\/\/www.douban.com\/doubanapp\/dispatch?uri=\/movie\/25845392\/interest\/3057628832",
      "is_voted": false,
      "uri": "douban:\/\/douban.com\/movie\/25845392\/interest\/3057628832",
      "platforms": [],
      "vote_count": 149,
      "create_time": "2021-10-02 17:18:10",
      "status": "done",
      "user": {
        "loc": null,
        "reg_time": "2017-03-01 12:50:14",
        "followed": false,
        "name": "Vin",
        "avatar_side_icon": "",
        "url": "https:\/\/www.douban.com\/people\/158473465\/",
        "gender": "M",
        "uri": "douban:\/\/douban.com\/user\/158473465",
        "avatar": "https://img2.doubanio.com\/icon\/up158473465-3.jpg",
        "id": "158473465",
        "remark": "",
        "in_blacklist": false,
        "is_club": false,
        "type": "user",
        "kind": "user",
        "uid": "158473465"
      },
      "recommend_reason": "",
      "user_done_desc": "",
      "id": "3057628832",
      "wechat_timeline_share": "screenshot"
    },
    {
      "comment": "残酷的战争，使19万7千多战士死于异国他乡，毛岸英、黄继光、杨根思……人民不会忘记！",
      "rating": {
        "count": 1,
        "max": 5,
        "star_count": 5,
        "value": 5
      },
      "sharing_url": "https:\/\/www.douban.com\/doubanapp\/dispatch?uri=\/movie\/25845392\/interest\/3053909147",
      "is_voted": false,
      "uri": "douban:\/\/douban.com\/movie\/25845392\/interest\/3053909147",
      "platforms": [],
      "vote_count": 1230,
      "create_time": "2021-09-29 19:22:56",
      "status": "done",
      "user": {
        "loc": {
          "id": "108288",
          "name": "北京",
          "uid": "beijing"
        },
        "reg_time": "2019-08-21 21:26:50",
        "followed": false,
        "name": "段段",
        "avatar_side_icon": "",
        "url": "https:\/\/www.douban.com\/people\/202472290\/",
        "gender": "F",
        "uri": "douban:\/\/douban.com\/user\/202472290",
        "avatar": "https://img2.doubanio.com\/icon\/up202472290-2.jpg",
        "id": "202472290",
        "remark": "",
        "in_blacklist": false,
        "is_club": false,
        "type": "user",
        "kind": "user",
        "uid": "202472290"
      },
      "recommend_reason": "",
      "user_done_desc": "",
      "id": "3053909147",
      "wechat_timeline_share": "screenshot"
    },
    {
      "comment": "终于看到了心心念念，期待已久的长津湖。无论场面，音效和特效都特别的棒，把抗美援朝这段波澜壮观的历史很好的呈现在观众面前。“没有冻不死的英雄，也没有打不死的英雄，有的只是军人的荣耀”，“如果我们不打这一仗，我们的下一代就要打，我希望我们的下一代能生活在一个没有硝烟的世界”，一句句台词震撼人心，引起共鸣。感谢前人的牺牲付出，才换来没有硝烟的和平年代。",
      "rating": {
        "count": 1,
        "max": 5,
        "star_count": 5,
        "value": 5
      },
      "sharing_url": "https:\/\/www.douban.com\/doubanapp\/dispatch?uri=\/movie\/25845392\/interest\/3054806839",
      "is_voted": false,
      "uri": "douban:\/\/douban.com\/movie\/25845392\/interest\/3054806839",
      "platforms": [],
      "vote_count": 743,
      "create_time": "2021-09-30 14:33:57",
      "status": "done",
      "user": {
        "loc": null,
        "reg_time": "2021-03-31 12:13:48",
        "followed": false,
        "name": "milk",
        "avatar_side_icon": "",
        "url": "https:\/\/www.douban.com\/people\/235351060\/",
        "gender": "",
        "uri": "douban:\/\/douban.com\/user\/235351060",
        "avatar": "https://img2.doubanio.com\/icon\/up235351060-1.jpg",
        "id": "235351060",
        "remark": "",
        "in_blacklist": false,
        "is_club": false,
        "type": "user",
        "kind": "user",
        "uid": "235351060"
      },
      "recommend_reason": "",
      "user_done_desc": "",
      "id": "3054806839",
      "wechat_timeline_share": "screenshot"
    },
    {
      "comment": "2021国庆即将到来，刚才有盗梦组织带着看完在子弹横飞如雨般落下的战场长津湖电影，志愿军仍毫不退缩誓守疆土的模样让人无比感动。历史英雄的仗是为我们这一代以及日后的千万代人打的这场战役从未在好莱坞的战争类影片中被提及，所以这次由我们中国人把这段历史正式搬上大荧幕，让大众识我国军人无所畏惧的牺牲精神电影的每一位演员都透过精湛的演技，无一分钟不调动着观影人的情感。吴京老师的实力肯定是不容置疑的，因此大众的目光将聚焦到年轻演员易烊千玺身上。而他的表现绝对会让人赞不绝口、刮目相看。千玺把万里第一次上真枪实弹的战场，画面是极为震撼的，战场里的炮火连天绝对是中国电影之最，观众可以很好地融入在战场的激烈和残酷当中，甚至觉得自己就站在战场上。在国泰民安的时代，我们看着眼前的大好河山，珍惜一切来之不易的和平",
      "rating": {
        "count": 1,
        "max": 5,
        "star_count": 5,
        "value": 5
      },
      "sharing_url": "https:\/\/www.douban.com\/doubanapp\/dispatch?uri=\/movie\/25845392\/interest\/3054254821",
      "is_voted": false,
      "uri": "douban:\/\/douban.com\/movie\/25845392\/interest\/3054254821",
      "platforms": [],
      "vote_count": 1376,
      "create_time": "2021-09-29 23:44:46",
      "status": "done",
      "user": {
        "loc": {
          "id": "118281",
          "name": "广州",
          "uid": "guangzhou"
        },
        "reg_time": "2018-12-26 19:58:29",
        "followed": false,
        "name": "小幸运",
        "avatar_side_icon": "",
        "url": "https:\/\/www.douban.com\/people\/189208492\/",
        "gender": "F",
        "uri": "douban:\/\/douban.com\/user\/189208492",
        "avatar": "https://img2.doubanio.com\/icon\/up189208492-1.jpg",
        "id": "189208492",
        "remark": "",
        "in_blacklist": false,
        "is_club": false,
        "type": "user",
        "kind": "user",
        "uid": "189208492"
      },
      "recommend_reason": "",
      "user_done_desc": "",
      "id": "3054254821",
      "wechat_timeline_share": "screenshot"
    },
    {
      "comment": "作为东北最北边的孩子最知道那种零下40度的天气有多冷，不夸张会冷到钻心和刺骨，那些被冻僵而牺牲的志愿军不应该被忘记，他们也是人民的英雄，和平年代来之不易，我们这一代太幸福了。（附一句主旋律电影拍成这样还是挺爱看的，虽然坐的腰疼 ：）",
      "rating": {
        "count": 1,
        "max": 5,
        "star_count": 5,
        "value": 5
      },
      "sharing_url": "https:\/\/www.douban.com\/doubanapp\/dispatch?uri=\/movie\/25845392\/interest\/3053921468",
      "is_voted": false,
      "uri": "douban:\/\/douban.com\/movie\/25845392\/interest\/3053921468",
      "platforms": [],
      "vote_count": 1247,
      "create_time": "2021-09-29 18:33:07",
      "status": "done",
      "user": {
        "loc": {
          "id": "108288",
          "name": "北京",
          "uid": "beijing"
        },
        "reg_time": "2016-12-29 09:12:48",
        "followed": false,
        "name": "有好事发生",
        "avatar_side_icon": "",
        "url": "https:\/\/www.douban.com\/people\/155669087\/",
        "gender": "U",
        "uri": "douban:\/\/douban.com\/user\/155669087",
        "avatar": "https://img9.doubanio.com\/icon\/up155669087-16.jpg",
        "id": "155669087",
        "remark": "",
        "in_blacklist": false,
        "is_club": false,
        "type": "user",
        "kind": "user",
        "uid": "155669087"
      },
      "recommend_reason": "",
      "user_done_desc": "",
      "id": "3053921468",
      "wechat_timeline_share": "screenshot"
    },
    {
      "comment": "岂曰无声山河既名",
      "rating": {
        "count": 1,
        "max": 5,
        "star_count": 5,
        "value": 5
      },
      "sharing_url": "https:\/\/www.douban.com\/doubanapp\/dispatch?uri=\/movie\/25845392\/interest\/2977613113",
      "is_voted": false,
      "uri": "douban:\/\/douban.com\/movie\/25845392\/interest\/2977613113",
      "platforms": [],
      "vote_count": 462,
      "create_time": "2021-09-30 23:09:38",
      "status": "done",
      "user": {
        "loc": {
          "id": "108296",
          "name": "上海",
          "uid": "shanghai"
        },
        "reg_time": "2017-07-16 08:17:59",
        "followed": false,
        "name": "折柳",
        "avatar_side_icon": "",
        "url": "https:\/\/www.douban.com\/people\/163840718\/",
        "gender": "M",
        "uri": "douban:\/\/douban.com\/user\/163840718",
        "avatar": "https://img3.doubanio.com\/icon\/up163840718-20.jpg",
        "id": "163840718",
        "remark": "",
        "in_blacklist": false,
        "is_club": false,
        "type": "user",
        "kind": "user",
        "uid": "163840718"
      },
      "recommend_reason": "",
      "user_done_desc": "",
      "id": "2977613113",
      "wechat_timeline_share": "screenshot"
    },
    {
      "comment": "接受爱国主义教育 但描写长津湖的战役拍摄的太匮乏了 还没有一开始炸通信塔那一段精彩 感觉重点有点没抓对  最煽情的地方莫过于胡军饰演的雷爹牺牲和冻死的战士们了吧",
      "rating": {
        "count": 1,
        "max": 5,
        "star_count": 3,
        "value": 3
      },
      "sharing_url": "https:\/\/www.douban.com\/doubanapp\/dispatch?uri=\/movie\/25845392\/interest\/3058280565",
      "is_voted": false,
      "uri": "douban:\/\/douban.com\/movie\/25845392\/interest\/3058280565",
      "platforms": [],
      "vote_count": 144,
      "create_time": "2021-10-03 00:43:48",
      "status": "done",
      "user": {
        "loc": {
          "id": "131591",
          "name": "Quebec",
          "uid": "quebec"
        },
        "reg_time": "2016-10-11 09:28:38",
        "followed": false,
        "name": "。",
        "avatar_side_icon": "",
        "url": "https:\/\/www.douban.com\/people\/152345237\/",
        "gender": "F",
        "uri": "douban:\/\/douban.com\/user\/152345237",
        "avatar": "https://img9.doubanio.com\/icon\/up152345237-14.jpg",
        "id": "152345237",
        "remark": "",
        "in_blacklist": false,
        "is_club": false,
        "type": "user",
        "kind": "user",
        "uid": "152345237"
      },
      "recommend_reason": "",
      "user_done_desc": "",
      "id": "3058280565",
      "wechat_timeline_share": "screenshot"
    },
    {
      "comment": "《长津湖》全片时长近3个小时，全篇都是讲战争，美帝主义万恶不赦。攻占美军司令部后，吴京阻止易烊千玺朝美军官开最后一枪，展现了志愿军高尚的人道主义精神，片尾结束前，美国军队看到冻死的志愿军依然保留端正的卧姿，向他们肃然起敬，又变相展现了全世界军人面对战争的无奈。但讲故事手法太生硬直白。没有《八佰》《敦刻尔克》让人深思，也没有《悬崖之上》扣人心弦，特别是最后欧豪客串的太突然，明显是来送人头。说是耗资13亿大制作，但顶多在特效上算是高配版《金刚川》。题材挺好，但编剧、剪辑还可以做到更好。整部电影最大赢家是易烊千玺，又一次让人眼前一亮。",
      "rating": {
        "count": 1,
        "max": 5,
        "star_count": 3,
        "value": 3
      },
      "sharing_url": "https:\/\/www.douban.com\/doubanapp\/dispatch?uri=\/movie\/25845392\/interest\/3052315054",
      "is_voted": false,
      "uri": "douban:\/\/douban.com\/movie\/25845392\/interest\/3052315054",
      "platforms": [],
      "vote_count": 188,
      "create_time": "2021-09-28 07:11:57",
      "status": "done",
      "user": {
        "loc": null,
        "reg_time": "2013-04-07 20:43:06",
        "followed": false,
        "name": "口水多过浪花",
        "avatar_side_icon": "",
        "url": "https:\/\/www.douban.com\/people\/70963172\/",
        "gender": "",
        "uri": "douban:\/\/douban.com\/user\/70963172",
        "avatar": "https://img2.doubanio.com\/icon\/up70963172-1.jpg",
        "id": "70963172",
        "remark": "",
        "in_blacklist": false,
        "is_club": false,
        "type": "user",
        "kind": "user",
        "uid": "70963172"
      },
      "recommend_reason": "",
      "user_done_desc": "",
      "id": "3052315054",
      "wechat_timeline_share": "screenshot"
    },
    {
      "comment": "这导演绝了！陈凯歌＋徐克 演员也是实力派 都是有演技有拼劲的 电影值得一看",
      "rating": {
        "count": 1,
        "max": 5,
        "star_count": 5,
        "value": 5
      },
      "sharing_url": "https:\/\/www.douban.com\/doubanapp\/dispatch?uri=\/movie\/25845392\/interest\/2980331536",
      "is_voted": false,
      "uri": "douban:\/\/douban.com\/movie\/25845392\/interest\/2980331536",
      "platforms": [],
      "vote_count": 710,
      "create_time": "2021-09-30 20:32:04",
      "status": "done",
      "user": {
        "loc": null,
        "reg_time": "2020-08-13 16:40:13",
        "followed": false,
        "name": "词",
        "avatar_side_icon": "",
        "url": "https:\/\/www.douban.com\/people\/221202494\/",
        "gender": "M",
        "uri": "douban:\/\/douban.com\/user\/221202494",
        "avatar": "https://img9.doubanio.com\/icon\/up221202494-5.jpg",
        "id": "221202494",
        "remark": "",
        "in_blacklist": false,
        "is_club": false,
        "type": "user",
        "kind": "user",
        "uid": "221202494"
      },
      "recommend_reason": "",
      "user_done_desc": "",
      "id": "2980331536",
      "wechat_timeline_share": "screenshot"
    },
    {
      "comment": "剧情拖沓，煽情部分较多",
      "rating": {
        "count": 1,
        "max": 5,
        "star_count": 3,
        "value": 3
      },
      "sharing_url": "https:\/\/www.douban.com\/doubanapp\/dispatch?uri=\/movie\/25845392\/interest\/3057288241",
      "is_voted": false,
      "uri": "douban:\/\/douban.com\/movie\/25845392\/interest\/3057288241",
      "platforms": [],
      "vote_count": 183,
      "create_time": "2021-10-02 12:30:13",
      "status": "done",
      "user": {
        "loc": {
          "id": "118373",
          "name": "宝鸡",
          "uid": "baoji"
        },
        "reg_time": "2014-12-20 15:19:32",
        "followed": false,
        "name": "影",
        "avatar_side_icon": "",
        "url": "https:\/\/www.douban.com\/people\/115698034\/",
        "gender": "",
        "uri": "douban:\/\/douban.com\/user\/115698034",
        "avatar": "https://img2.doubanio.com\/icon\/user_large.jpg",
        "id": "115698034",
        "remark": "",
        "in_blacklist": false,
        "is_club": false,
        "type": "user",
        "kind": "user",
        "uid": "115698034"
      },
      "recommend_reason": "",
      "user_done_desc": "",
      "id": "3057288241",
      "wechat_timeline_share": "screenshot"
    },
    {
      "comment": "3.5 开头实在是太冗长了，结尾也没有落回吴京和易烊千玺身上，有头没尾。战争部分节奏紧张，两场大型的爆破对抗戏份有很多细节展现，中间缓冲过渡做得也比较明显，但就凸显出本来没几句台词，一说台词根本不是在角色对话，而是说给银幕外的第三者听的……或许等等第二部",
      "rating": {
        "count": 1,
        "max": 5,
        "star_count": 4,
        "value": 4
      },
      "sharing_url": "https:\/\/www.douban.com\/doubanapp\/dispatch?uri=\/movie\/25845392\/interest\/3053613214",
      "is_voted": false,
      "uri": "douban:\/\/douban.com\/movie\/25845392\/interest\/3053613214",
      "platforms": [],
      "vote_count": 122,
      "create_time": "2021-09-29 12:40:38",
      "status": "done",
      "user": {
        "loc": {
          "id": "118111",
          "name": "呼和浩特",
          "uid": "huhehaote"
        },
        "reg_time": "2017-10-15 19:32:25",
        "followed": false,
        "name": "周琥珀",
        "avatar_side_icon": "",
        "url": "https:\/\/www.douban.com\/people\/168218792\/",
        "gender": "F",
        "uri": "douban:\/\/douban.com\/user\/168218792",
        "avatar": "https://img9.doubanio.com\/icon\/up168218792-6.jpg",
        "id": "168218792",
        "remark": "",
        "in_blacklist": false,
        "is_club": false,
        "type": "user",
        "kind": "user",
        "uid": "168218792"
      },
      "recommend_reason": "",
      "user_done_desc": "",
      "id": "3053613214",
      "wechat_timeline_share": "screenshot"
    }
  ]
}