{
  "count": 20,
  "start": 20,
  "total": 182605,
  "wechat_timeline_share": "screenshot",
  "interests": [
    {
      "comment": "篇幅可以删减一半。",
      "rating": {
        "count": 1,
        "max": 5,
        "star_count": 3,
        "value": 3
      },
      "sharing_url": "https:\/\/www.douban.com\/doubanapp\/dispatch?uri=\/movie\/25845392\/interest\/3054737671",
      "is_voted": false,
      "uri": "douban:\/\/douban.com\/movie\/25845392\/interest\/3054737671",
      "platforms": [],
      "vote_count": 4975,
      "create_time": "2021-09-30 13:26:49",
      "status": "done",
      "user": {
        "loc": {
          "id": "118137",
          "name": "长春",
          "uid": "changchun"
        },
        "reg_time": "2006-05-11 11:54:01",
        "followed": false,
        "name": "国士",
        "avatar_side_icon": "",
        "url": "https:\/\/www.douban.com\/people\/1164472\/",
        "gender": "",
        "uri": "douban:\/\/douban.com\/user\/1164472",
        "avatar": "https://img3.doubanio.com\/icon\/up1164472-40.jpg",
        "id": "1164472",
        "remark": "",
        "in_blacklist": false,
        "is_club": false,
        "type": "user",
        "kind": "user",
        "uid": "mywildheart"
      },
      "recommend_reason": "",
      "user_done_desc": "",
      "id": "3054737671",
      "wechat_timeline_share": "screenshot"
    },
    {
      "comment": "人物情感突如其来，没有任何铺垫的悲伤真的很难让人入戏。镜头剪辑细碎，你不知道这是多线叙事还是单线，突然插入的很多镜头跟主线剧情毫无关系。动作戏太差，陈凯歌加徐克加林超贤三大导演化身迈克尔•贝，轰轰轰不停的炸。浮夸的台词被油腻的演法端上了天。镜头调度毫无美感。感觉又是一部政治任务片。红海行动还是这几年最佳战争片。",
      "rating": {
        "count": 1,
        "max": 5,
        "star_count": 3,
        "value": 3
      },
      "sharing_url": "https:\/\/www.douban.com\/doubanapp\/dispatch?uri=\/movie\/25845392\/interest\/3054845823",
      "is_voted": false,
      "uri": "douban:\/\/douban.com\/movie\/25845392\/interest\/3054845823",
      "platforms": [],
      "vote_count": 4320,
      "create_time": "2021-09-30 15:14:34",
      "status": "done",
      "user": {
        "loc": null,
        "reg_time": "2015-04-19 21:06:52",
        "followed": false,
        "name": "甜茶推广大使！",
        "avatar_side_icon": "",
        "url": "https:\/\/www.douban.com\/people\/125783624\/",
        "gender": "M",
        "uri": "douban:\/\/douban.com\/user\/125783624",
        "avatar": "https://img9.doubanio.com\/icon\/up125783624-5.jpg",
        "id": "125783624",
        "remark": "",
        "in_blacklist": false,
        "is_club": false,
        "type": "user",
        "kind": "user",
        "uid": "125783624"
      },
      "recommend_reason": "",
      "user_done_desc": "",
      "id": "3054845823",
      "wechat_timeline_share": "screenshot"
    },
    {
      "comment": "2颗星给拍摄场面、给志愿军战士们，其他没法更多了。",
      "rating": {
        "count": 1,
        "max": 5,
        "star_count": 2,
        "value": 2
      },
      "sharing_url": "https:\/\/www.douban.com\/doubanapp\/dispatch?uri=\/movie\/25845392\/interest\/3056230429",
      "is_voted": false,
      "uri": "douban:\/\/douban.com\/movie\/25845392\/interest\/3056230429",
      "platforms": [],
      "vote_count": 2097,
      "create_time": "2021-10-01 17:05:42",
      "status": "done",
      "user": {
        "loc": {
          "id": "108309",
          "name": "重庆",
          "uid": "chongqing"
        },
        "reg_time": "2017-02-17 14:50:15",
        "followed": false,
        "name": "呵呵哈",
        "avatar_side_icon": "",
        "url": "https:\/\/www.douban.com\/people\/157929555\/",
        "gender": "U",
        "uri": "douban:\/\/douban.com\/user\/157929555",
        "avatar": "https://img9.doubanio.com\/icon\/up157929555-4.jpg",
        "id": "157929555",
        "remark": "",
        "in_blacklist": false,
        "is_club": false,
        "type": "user",
        "kind": "user",
        "uid": "smdbsh"
      },
      "recommend_reason": "",
      "user_done_desc": "",
      "id": "3056230429",
      "wechat_timeline_share": "screenshot"
    },
    {
      "comment": "人物，从正派到反派，全都是脸谱化的、功能性的。北极熊团的boss，全程一副我不知道自己是谁、我不知道自己在哪里、我不知道自己该干什么的表情。四字版伍万里一眼看去就是个（20）00后时代少年，像是来参加沉浸式主题教育的。主人公依然对战争不会产生一丝质疑。战争也依然不会对主人公的心理健康产生一丝影响。特效塑料感极强，部分大场景，真实感还不如《冰雪奇缘》。情节稀碎，主要靠铺得满满的爆炸音效和背景音乐吸引注意力。没想到国内战争片的天花板居然是拍喜剧出身的冯小刚导演。《集结号》和《芳华》虽然由于可以理解的原因存在这样那样的暧昧和局限，起码塑造的主人公都是有血有肉真实可感的，具有一定的人性深度。陈凯歌导演不该是这个水平，希望他能拿出写《少年凯歌》的真诚来拍战争片，以更好地铭记历史、缅怀先烈。",
      "rating": {
        "count": 1,
        "max": 5,
        "star_count": 3,
        "value": 3
      },
      "sharing_url": "https:\/\/www.douban.com\/doubanapp\/dispatch?uri=\/movie\/25845392\/interest\/3058509529",
      "is_voted": false,
      "uri": "douban:\/\/douban.com\/movie\/25845392\/interest\/3058509529",
      "platforms": [],
      "vote_count": 1306,
      "create_time": "2021-10-03 09:03:34",
      "status": "done",
      "user": {
        "loc": {
          "id": "131575",
          "name": "五指山",
          "uid": "131575"
        },
        "reg_time": "2008-06-23 14:38:50",
        "followed": false,
        "name": "胡弃暗",
        "avatar_side_icon": "",
        "url": "https:\/\/www.douban.com\/people\/2629298\/",
        "gender": "M",
        "uri": "douban:\/\/douban.com\/user\/2629298",
        "avatar": "https://img1.doubanio.com\/icon\/up2629298-7.jpg",
        "id": "2629298",
        "remark": "",
        "in_blacklist": false,
        "is_club": false,
        "type": "user",
        "kind": "user",
        "uid": "huzhuang"
      },
      "recommend_reason": "",
      "user_done_desc": "",
      "id": "3058509529",
      "wechat_timeline_share": "screenshot"
    },
    {
      "comment": "“我们不打，下一代就得打”",
      "rating": {
        "count": 1,
        "max": 5,
        "star_count": 5,
        "value": 5
      },
      "sharing_url": "https:\/\/www.douban.com\/doubanapp\/dispatch?uri=\/movie\/25845392\/interest\/3054984401",
      "is_voted": false,
      "uri": "douban:\/\/douban.com\/movie\/25845392\/interest\/3054984401",
      "platforms": [],
      "vote_count": 6084,
      "create_time": "2021-09-30 17:30:36",
      "status": "done",
      "user": {
        "loc": null,
        "reg_time": "2020-06-23 15:48:48",
        "followed": false,
        "name": "江湖骗子",
        "avatar_side_icon": "",
        "url": "https:\/\/www.douban.com\/people\/218491262\/",
        "gender": "",
        "uri": "douban:\/\/douban.com\/user\/218491262",
        "avatar": "https://img9.doubanio.com\/icon\/up218491262-5.jpg",
        "id": "218491262",
        "remark": "",
        "in_blacklist": false,
        "is_club": false,
        "type": "user",
        "kind": "user",
        "uid": "218491262"
      },
      "recommend_reason": "",
      "user_done_desc": "",
      "id": "3054984401",
      "wechat_timeline_share": "screenshot"
    },
    {
      "comment": "只感受到了林超贤拉满的肾上腺素，但确定要在电影院里坐3个小时吗？",
      "rating": {
        "count": 1,
        "max": 5,
        "star_count": 3,
        "value": 3
      },
      "sharing_url": "https:\/\/www.douban.com\/doubanapp\/dispatch?uri=\/movie\/25845392\/interest\/2663317727",
      "is_voted": false,
      "uri": "douban:\/\/douban.com\/movie\/25845392\/interest\/2663317727",
      "platforms": [],
      "vote_count": 1349,
      "create_time": "2021-09-30 16:02:14",
      "status": "done",
      "user": {
        "loc": {
          "id": "118254",
          "name": "武汉",
          "uid": "wuhan"
        },
        "reg_time": "2011-08-09 00:16:39",
        "followed": false,
        "name": "Mr.zhous",
        "avatar_side_icon": "",
        "url": "https:\/\/www.douban.com\/people\/53659554\/",
        "gender": "M",
        "uri": "douban:\/\/douban.com\/user\/53659554",
        "avatar": "https://img3.doubanio.com\/icon\/up53659554-10.jpg",
        "id": "53659554",
        "remark": "",
        "in_blacklist": false,
        "is_club": false,
        "type": "user",
        "kind": "user",
        "uid": "stay-real"
      },
      "recommend_reason": "",
      "user_done_desc": "",
      "id": "2663317727",
      "wechat_timeline_share": "screenshot"
    },
    {
      "comment": "看了点映，有笑有泪才是最刀的先说战争场面，真的巨牛逼！！！和美军正面刚真的看的我脚趾抓地（紧张的）美军和我们志愿军的装备差别大概是三级头和还没捡到头盔的差别 真的看了才能体会到志愿军们的伟大。整部电影胡军老师的那一段我真的要哭疯了，胡老师有一句催泪台词大家可以期待一下。志愿军们除了在战场上是英勇无畏的英雄，在战场下也是一个个鲜活而可爱的人啊最喜欢打开火车车门那一幕，万里河山的美好出现在眼前我们为何在这里，为的就是守护这般美好的祖国，为的就是我们下一代的生活不再战火纷飞。",
      "rating": {
        "count": 1,
        "max": 5,
        "star_count": 5,
        "value": 5
      },
      "sharing_url": "https:\/\/www.douban.com\/doubanapp\/dispatch?uri=\/movie\/25845392\/interest\/3054197740",
      "is_voted": false,
      "uri": "douban:\/\/douban.com\/movie\/25845392\/interest\/3054197740",
      "platforms": [],
      "vote_count": 6756,
      "create_time": "2021-09-29 23:01:27",
      "status": "done",
      "user": {
        "loc": {
          "id": "118254",
          "name": "武汉",
          "uid": "wuhan"
        },
        "reg_time": "2018-07-31 10:15:35",
        "followed": false,
        "name": "毛硬币",
        "avatar_side_icon": "",
        "url": "https:\/\/www.douban.com\/people\/182037307\/",
        "gender": "F",
        "uri": "douban:\/\/douban.com\/user\/182037307",
        "avatar": "https://img1.doubanio.com\/icon\/up182037307-9.jpg",
        "id": "182037307",
        "remark": "",
        "in_blacklist": false,
        "is_club": false,
        "type": "user",
        "kind": "user",
        "uid": "182037307"
      },
      "recommend_reason": "",
      "user_done_desc": "",
      "id": "3054197740",
      "wechat_timeline_share": "screenshot"
    },
    {
      "comment": "你说它没剧情吧，但战争就是这样打打停停然后继续推塔，就是这样的残酷和枯燥。然而这是一部电影啊，这也太平了吧，在战火的轰鸣中平铺直叙，毫无讲故事的技巧可言，像一部没有详略安排的流水账，情节还碎。人物群像塑造得也粗糙、浮于表面，大部分角色几乎可以套用到任何战争片里。镜头语言一般，能留下深刻印象的镜头寥寥无几，是我苛求商业片的艺术性了。三小时太长了，某些部分情节内核相似度太高，特别是后半部，还有一些碎片情节莫名其妙，有割裂剧情的，有情感推不到位靠回忆来强推的，依然是剧本的问题，而且什么都想放上去，就容易样样落个蜻蜓点水。这样一个催泪题材都没让我暴哭，导演也是属实厉害。另外这是这些年来我见过的解说字幕最多的电影。后来一看导演有谁，哦，明白了。",
      "rating": {
        "count": 1,
        "max": 5,
        "star_count": 3,
        "value": 3
      },
      "sharing_url": "https:\/\/www.douban.com\/doubanapp\/dispatch?uri=\/movie\/25845392\/interest\/3056763797",
      "is_voted": false,
      "uri": "douban:\/\/douban.com\/movie\/25845392\/interest\/3056763797",
      "platforms": [],
      "vote_count": 1132,
      "create_time": "2021-10-01 23:32:57",
      "status": "done",
      "user": {
        "loc": null,
        "reg_time": "2018-10-17 12:30:28",
        "followed": false,
        "name": "手可摘星辰",
        "avatar_side_icon": "",
        "url": "https:\/\/www.douban.com\/people\/186016861\/",
        "gender": "",
        "uri": "douban:\/\/douban.com\/user\/186016861",
        "avatar": "https://img2.doubanio.com\/icon\/up186016861-1.jpg",
        "id": "186016861",
        "remark": "",
        "in_blacklist": false,
        "is_club": false,
        "type": "user",
        "kind": "user",
        "uid": "186016861"
      },
      "recommend_reason": "",
      "user_done_desc": "",
      "id": "3056763797",
      "wechat_timeline_share": "screenshot"
    },
    {
      "comment": "非常合格的献礼片，3个小时略长但是看点满满。节奏情感战争场面都处理的恰到好处。虽然是三个大导拍的片，但是好像分不太清每个人拍摄的part，只知道战争场面大概是林超贤。（我想知道徐克是哪段，我猜是景色多的片段）唯一美中不足的是这部剧没有女性角色，只有两个，一个易烊千玺一面之缘的小妹妹和吴京他妈，只有几秒，实在是太少了。。男人戏还是要看吴京胡军段奕宏，此外再预言一下：易烊千玺以后会是非常非常好的演员（影帝级别）。",
      "rating": {
        "count": 1,
        "max": 5,
        "star_count": 5,
        "value": 5
      },
      "sharing_url": "https:\/\/www.douban.com\/doubanapp\/dispatch?uri=\/movie\/25845392\/interest\/3054163936",
      "is_voted": false,
      "uri": "douban:\/\/douban.com\/movie\/25845392\/interest\/3054163936",
      "platforms": [],
      "vote_count": 5763,
      "create_time": "2021-09-29 22:34:32",
      "status": "done",
      "user": {
        "loc": null,
        "reg_time": "2019-02-05 20:37:44",
        "followed": false,
        "name": "驀然一渡",
        "avatar_side_icon": "",
        "url": "https:\/\/www.douban.com\/people\/191079155\/",
        "gender": "",
        "uri": "douban:\/\/douban.com\/user\/191079155",
        "avatar": "https://img2.doubanio.com\/icon\/up191079155-3.jpg",
        "id": "191079155",
        "remark": "",
        "in_blacklist": false,
        "is_club": false,
        "type": "user",
        "kind": "user",
        "uid": "191079155"
      },
      "recommend_reason": "",
      "user_done_desc": "",
      "id": "3054163936",
      "wechat_timeline_share": "screenshot"
    },
    {
      "comment": "看了点映，第七穿插连的故事有血有肉有笑有泪，很是动人。其中恢宏大场面相当有气势，虽然制作时间紧但特效超级震撼。祖国大好河山壮丽风景穿插其中也很是漂亮。另外各位演员让我在这三小时里完全忘了他们是谁，在我眼里就是角色本身，伍万里的成长线和哥哥、雷爹的情感线都让我几度哽咽。让我印象'最深的是胡军和朱亚文太出彩了。大家演技都在线看的过瘾。        说实话之前并不了解这段历史，看了这部影片才知道先辈们面对战争的残忍，洒血刚毅前行，用他们的生命才换来今天的和平安康，致敬这些最可爱的人，愿如今繁华盛世，如你所想。",
      "rating": {
        "count": 1,
        "max": 5,
        "star_count": 5,
        "value": 5
      },
      "sharing_url": "https:\/\/www.douban.com\/doubanapp\/dispatch?uri=\/movie\/25845392\/interest\/2911609401",
      "is_voted": false,
      "uri": "douban:\/\/douban.com\/movie\/25845392\/interest\/2911609401",
      "platforms": [],
      "vote_count": 5019,
      "create_time": "2021-09-25 20:37:48",
      "status": "done",
      "user": {
        "loc": {
          "id": "118318",
          "name": "成都",
          "uid": "chengdu"
        },
        "reg_time": "2016-11-03 00:07:37",
        "followed": false,
        "name": "自闭了",
        "avatar_side_icon": "",
        "url": "https:\/\/www.douban.com\/people\/153338770\/",
        "gender": "F",
        "uri": "douban:\/\/douban.com\/user\/153338770",
        "avatar": "https://img2.doubanio.com\/icon\/up153338770-1.jpg",
        "id": "153338770",
        "remark": "",
        "in_blacklist": false,
        "is_club": false,
        "type": "user",
        "kind": "user",
        "uid": "153338770"
      },
      "recommend_reason": "",
      "user_done_desc": "",
      "id": "2911609401",
      "wechat_timeline_share": "screenshot"
    },
    {
      "comment": "拍不出特色，感觉就是这样了",
      "rating": {
        "count": 1,
        "max": 5,
        "star_count": 3,
        "value": 3
      },
      "sharing_url": "https:\/\/www.douban.com\/doubanapp\/dispatch?uri=\/movie\/25845392\/interest\/3054845374",
      "is_voted": false,
      "uri": "douban:\/\/douban.com\/movie\/25845392\/interest\/3054845374",
      "platforms": [],
      "vote_count": 1110,
      "create_time": "2021-09-30 15:14:08",
      "status": "done",
      "user": {
        "loc": null,
        "reg_time": "2020-01-10 11:33:37",
        "followed": false,
        "name": "海马与美人鱼",
        "avatar_side_icon": "",
        "url": "https:\/\/www.douban.com\/people\/209118418\/",
        "gender": "M",
        "uri": "douban:\/\/douban.com\/user\/209118418",
        "avatar": "https://img2.doubanio.com\/icon\/up209118418-1.jpg",
        "id": "209118418",
        "remark": "",
        "in_blacklist": false,
        "is_club": false,
        "type": "user",
        "kind": "user",
        "uid": "209118418"
      },
      "recommend_reason": "",
      "user_done_desc": "",
      "id": "3054845374",
      "wechat_timeline_share": "screenshot"
    },
    {
      "comment": "（写在前面：我不知道为什么会有人觉得不过3个小时的电影有点长？如此惨烈的战役，革命先辈用鲜血和生命换来的和平，你只看了3个小时就觉得长？）从电影视角来说，可能没有那么完美，但因为是讲述革命先辈，所以我一定要给五星。没有特别煽情，看有的人说一些他们打打闹闹的片段可以删减，我想说，战士也是人，他们是活生生的人，他们有老兵，有十几岁的孩子，如此艰苦的的岁月里，他们可能就是靠这些打打闹闹来缓解战争的残酷和失去队友的悲痛情绪。这才是一支充满希望的队伍，能打胜仗的队伍。永远向这些革命先烈致敬，愿世界再无战争。",
      "rating": {
        "count": 1,
        "max": 5,
        "star_count": 5,
        "value": 5
      },
      "sharing_url": "https:\/\/www.douban.com\/doubanapp\/dispatch?uri=\/movie\/25845392\/interest\/3060286737",
      "is_voted": false,
      "uri": "douban:\/\/douban.com\/movie\/25845392\/interest\/3060286737",
      "platforms": [],
      "vote_count": 1999,
      "create_time": "2021-10-04 13:34:18",
      "status": "done",
      "user": {
        "loc": {
          "id": "118162",
          "name": "常州",
          "uid": "changzhou"
        },
        "reg_time": "2019-05-17 18:37:08",
        "followed": false,
        "name": "那又怎么样呢？",
        "avatar_side_icon": "",
        "url": "https:\/\/www.douban.com\/people\/196656613\/",
        "gender": "F",
        "uri": "douban:\/\/douban.com\/user\/196656613",
        "avatar": "https://img3.doubanio.com\/icon\/up196656613-10.jpg",
        "id": "196656613",
        "remark": "",
        "in_blacklist": false,
        "is_club": false,
        "type": "user",
        "kind": "user",
        "uid": "196656613"
      },
      "recommend_reason": "",
      "user_done_desc": "",
      "id": "3060286737",
      "wechat_timeline_share": "screenshot"
    },
    {
      "comment": "“《长津湖》最好的彩蛋，便是今日繁荣昌盛的祖国”",
      "rating": {
        "count": 1,
        "max": 5,
        "star_count": 5,
        "value": 5
      },
      "sharing_url": "https:\/\/www.douban.com\/doubanapp\/dispatch?uri=\/movie\/25845392\/interest\/2734276474",
      "is_voted": false,
      "uri": "douban:\/\/douban.com\/movie\/25845392\/interest\/2734276474",
      "platforms": [],
      "vote_count": 1420,
      "create_time": "2021-10-04 23:15:10",
      "status": "done",
      "user": {
        "loc": {
          "id": "118282",
          "name": "深圳",
          "uid": "shenzhen"
        },
        "reg_time": "2018-07-07 23:06:25",
        "followed": false,
        "name": "Ronit",
        "avatar_side_icon": "",
        "url": "https:\/\/www.douban.com\/people\/180836787\/",
        "gender": "U",
        "uri": "douban:\/\/douban.com\/user\/180836787",
        "avatar": "https://img9.doubanio.com\/icon\/up180836787-5.jpg",
        "id": "180836787",
        "remark": "",
        "in_blacklist": false,
        "is_club": false,
        "type": "user",
        "kind": "user",
        "uid": "180836787"
      },
      "recommend_reason": "",
      "user_done_desc": "",
      "id": "2734276474",
      "wechat_timeline_share": "screenshot"
    },
    {
      "comment": "看过点映之后心潮澎湃，写了篇长评，结果告诉我不符合社区指导原则，到现在也没审核出来，行叭。电影把志愿军战士为了祖国和人民的利益与尊严而奋不顾身的爱国主义精神，英勇顽强、舍生忘死的革命英雄主义精神，不畏艰难困苦、始终保持高昂士气的革命乐观主义精神展现得淋漓尽致，没有强上价值观，没有喊口号，没有硬煽情，只是把我们国家为什么做出“抗美援朝”的决策、我们的志愿军战士进行了怎样艰苦卓绝的浴血奋战如实地展现了出来。文戏是真的好，尤其是伍万里拉开火车门，看到巍峨长城，山川壮丽，真的是直击人心，一下子就明白了我们为什么要抗美援朝保家卫国。陈凯歌不愧是去竞选奥运开幕式导演能朗诵《闻官军收河南河北》的人，搞情怀还是有一套。",
      "rating": null,
      "sharing_url": "https:\/\/www.douban.com\/doubanapp\/dispatch?uri=\/movie\/25845392\/interest\/3052389601",
      "is_voted": false,
      "uri": "douban:\/\/douban.com\/movie\/25845392\/interest\/3052389601",
      "platforms": [],
      "vote_count": 1469,
      "create_time": "2021-09-28 09:36:50",
      "status": "done",
      "user": {
        "loc": null,
        "reg_time": "2007-12-22 17:39:00",
        "followed": false,
        "name": "葱花花花花",
        "avatar_side_icon": "",
        "url": "https:\/\/www.douban.com\/people\/2116147\/",
        "gender": "",
        "uri": "douban:\/\/douban.com\/user\/2116147",
        "avatar": "https://img1.doubanio.com\/icon\/up2116147-19.jpg",
        "id": "2116147",
        "remark": "",
        "in_blacklist": false,
        "is_club": false,
        "type": "user",
        "kind": "user",
        "uid": "conghuasiyue"
      },
      "recommend_reason": "",
      "user_done_desc": "",
      "id": "3052389601",
      "wechat_timeline_share": "screenshot"
    },
    {
      "comment": "这是中国人民志愿军，不是普通意义的战争片，不是搞一堆坦克飞机和冲锋时人山人海就能够拍好的。说是《长津湖》，但是影片几乎没有体现出长津湖这个战役的特点和战略意义，实质拍的还是战狼式的个人英雄主义，而且战斗场面那种爆炸真的看的我信仰砰砰砰受不了。",
      "rating": {
        "count": 1,
        "max": 5,
        "star_count": 2,
        "value": 2
      },
      "sharing_url": "https:\/\/www.douban.com\/doubanapp\/dispatch?uri=\/movie\/25845392\/interest\/3058000760",
      "is_voted": false,
      "uri": "douban:\/\/douban.com\/movie\/25845392\/interest\/3058000760",
      "platforms": [],
      "vote_count": 1619,
      "create_time": "2021-10-02 22:02:36",
      "status": "done",
      "user": {
        "loc": null,
        "reg_time": "2017-02-01 12:23:36",
        "followed": false,
        "name": "lbx锨",
        "avatar_side_icon": "",
        "url": "https:\/\/www.douban.com\/people\/157128965\/",
        "gender": "",
        "uri": "douban:\/\/douban.com\/user\/157128965",
        "avatar": "https://img2.doubanio.com\/icon\/up157128965-1.jpg",
        "id": "157128965",
        "remark": "",
        "in_blacklist": false,
        "is_club": false,
        "type": "user",
        "kind": "user",
        "uid": "157128965"
      },
      "recommend_reason": "",
      "user_done_desc": "",
      "id": "3058000760",
      "wechat_timeline_share": "screenshot"
    },
    {
      "comment": "感谢影协点映，完美诠释了什么是最可爱的人！",
      "rating": {
        "count": 1,
        "max": 5,
        "star_count": 5,
        "value": 5
      },
      "sharing_url": "https:\/\/www.douban.com\/doubanapp\/dispatch?uri=\/movie\/25845392\/interest\/3053942571",
      "is_voted": false,
      "uri": "douban:\/\/douban.com\/movie\/25845392\/interest\/3053942571",
      "platforms": [],
      "vote_count": 3484,
      "create_time": "2021-09-29 19:00:04",
      "status": "done",
      "user": {
        "loc": null,
        "reg_time": "2017-08-14 05:03:56",
        "followed": false,
        "name": "Sharkwww",
        "avatar_side_icon": "",
        "url": "https:\/\/www.douban.com\/people\/165342673\/",
        "gender": "F",
        "uri": "douban:\/\/douban.com\/user\/165342673",
        "avatar": "https://img9.doubanio.com\/icon\/up165342673-5.jpg",
        "id": "165342673",
        "remark": "",
        "in_blacklist": false,
        "is_club": false,
        "type": "user",
        "kind": "user",
        "uid": "165342673"
      },
      "recommend_reason": "",
      "user_done_desc": "",
      "id": "3053942571",
      "wechat_timeline_share": "screenshot"
    },
    {
      "comment": "我觉得下次别设置这种任性小孩形象了，战争不是儿戏。",
      "rating": {
        "count": 1,
        "max": 5,
        "star_count": 3,
        "value": 3
      },
      "sharing_url": "https:\/\/www.douban.com\/doubanapp\/dispatch?uri=\/movie\/25845392\/interest\/3060932362",
      "is_voted": false,
      "uri": "douban:\/\/douban.com\/movie\/25845392\/interest\/3060932362",
      "platforms": [],
      "vote_count": 523,
      "create_time": "2021-10-04 21:34:23",
      "status": "done",
      "user": {
        "loc": {
          "id": "118126",
          "name": "抚顺",
          "uid": "fushun"
        },
        "reg_time": "2014-11-08 10:46:38",
        "followed": false,
        "name": "跳广场舞的大叔",
        "avatar_side_icon": "",
        "url": "https:\/\/www.douban.com\/people\/106214194\/",
        "gender": "M",
        "uri": "douban:\/\/douban.com\/user\/106214194",
        "avatar": "https://img2.doubanio.com\/icon\/up106214194-1.jpg",
        "id": "106214194",
        "remark": "",
        "in_blacklist": false,
        "is_club": false,
        "type": "user",
        "kind": "user",
        "uid": "106214194"
      },
      "recommend_reason": "",
      "user_done_desc": "",
      "id": "3060932362",
      "wechat_timeline_share": "screenshot"
    },
    {
      "comment": "这拍的是动作片…美军除了空军，陆军就是屑。无语，真当抗美神剧在拍。不少画面甚至没制作完成，色调都没统一。战争场面又多又长。完全没有轻重设计。中国就没导演会拍战争戏吗？再，北方人演南方人能不能认真点，一口北方强调不说行为也完全看不出南方人",
      "rating": {
        "count": 1,
        "max": 5,
        "star_count": 2,
        "value": 2
      },
      "sharing_url": "https:\/\/www.douban.com\/doubanapp\/dispatch?uri=\/movie\/25845392\/interest\/3057926628",
      "is_voted": false,
      "uri": "douban:\/\/douban.com\/movie\/25845392\/interest\/3057926628",
      "platforms": [],
      "vote_count": 744,
      "create_time": "2021-10-02 21:14:22",
      "status": "done",
      "user": {
        "loc": {
          "id": "118172",
          "name": "杭州",
          "uid": "hangzhou"
        },
        "reg_time": "2012-09-28 17:49:28",
        "followed": false,
        "name": "王玦",
        "avatar_side_icon": "",
        "url": "https:\/\/www.douban.com\/people\/64996139\/",
        "gender": "M",
        "uri": "douban:\/\/douban.com\/user\/64996139",
        "avatar": "https://img2.doubanio.com\/icon\/up64996139-2.jpg",
        "id": "64996139",
        "remark": "",
        "in_blacklist": false,
        "is_club": false,
        "type": "user",
        "kind": "user",
        "uid": "64996139"
      },
      "recommend_reason": "",
      "user_done_desc": "",
      "id": "3057926628",
      "wechat_timeline_share": "screenshot"
    },
    {
      "comment": "事无巨细的开头，仓促升华的结尾。人物算是立住了，但追到最后他们的命运全无交代，甚至不知道究竟是生是死，简直让人一口气上不来。或许不该找三个人来导演。",
      "rating": {
        "count": 1,
        "max": 5,
        "star_count": 3,
        "value": 3
      },
      "sharing_url": "https:\/\/www.douban.com\/doubanapp\/dispatch?uri=\/movie\/25845392\/interest\/3050538104",
      "is_voted": false,
      "uri": "douban:\/\/douban.com\/movie\/25845392\/interest\/3050538104",
      "platforms": [],
      "vote_count": 673,
      "create_time": "2021-09-26 16:34:17",
      "status": "done",
      "user": {
        "loc": {
          "id": "108288",
          "name": "北京",
          "uid": "beijing"
        },
        "reg_time": "2010-08-19 10:28:37",
        "followed": false,
        "name": "su",
        "avatar_side_icon": "",
        "url": "https:\/\/www.douban.com\/people\/44963525\/",
        "gender": "U",
        "uri": "douban:\/\/douban.com\/user\/44963525",
        "avatar": "https://img1.doubanio.com\/icon\/up44963525-38.jpg",
        "id": "44963525",
        "remark": "",
        "in_blacklist": false,
        "is_club": false,
        "type": "user",
        "kind": "user",
        "uid": "44963525"
      },
      "recommend_reason": "",
      "user_done_desc": "",
      "id": "3050538104",
      "wechat_timeline_share": "screenshot"
    },
    {
      "comment": "没想到自己看战争片也可以如此入神，千里阻止万里枪杀美军基地指挥官时，严重破防了，这就是中国军人，这就是中国之魂，仁之本位，今日份思想觉悟get！",
      "rating": {
        "count": 1,
        "max": 5,
        "star_count": 5,
        "value": 5
      },
      "sharing_url": "https:\/\/www.douban.com\/doubanapp\/dispatch?uri=\/movie\/25845392\/interest\/3054177376",
      "is_voted": false,
      "uri": "douban:\/\/douban.com\/movie\/25845392\/interest\/3054177376",
      "platforms": [],
      "vote_count": 3734,
      "create_time": "2021-09-29 22:45:09",
      "status": "done",
      "user": {
        "loc": {
          "id": "118282",
          "name": "深圳",
          "uid": "shenzhen"
        },
        "reg_time": "2013-04-22 17:05:05",
        "followed": false,
        "name": "请叫我三水萨玛",
        "avatar_side_icon": "",
        "url": "https:\/\/www.douban.com\/people\/71541853\/",
        "gender": "",
        "uri": "douban:\/\/douban.com\/user\/71541853",
        "avatar": "https://img2.doubanio.com\/icon\/up71541853-3.jpg",
        "id": "71541853",
        "remark": "",
        "in_blacklist": false,
        "is_club": false,
        "type": "user",
        "kind": "user",
        "uid": "71541853"
      },
      "recommend_reason": "",
      "user_done_desc": "",
      "id": "3054177376",
      "wechat_timeline_share": "screenshot"
    }
  ]
}