{
  "count": 20,
  "start": 0,
  "total": 182579,
  "wechat_timeline_share": "screenshot",
  "interests": [
    {
      "comment": "那些牺牲在冰雪中的战士，不应该被遗忘",
      "rating": {
        "count": 1,
        "max": 5,
        "value": 4,
        "star_count": 4
      },
      "sharing_url": "https:\/\/www.douban.com\/doubanapp\/dispatch?uri=\/movie\/25845392\/interest\/2573422896",
      "is_voted": false,
      "uri": "douban:\/\/douban.com\/movie\/25845392\/interest\/2573422896",
      "platforms": [],
      "vote_count": 15296,
      "create_time": "2021-09-30 19:02:14",
      "status": "done",
      "user": {
        "loc": {
          "uid": "guangzhou",
          "id": "118281",
          "name": "广州"
        },
        "reg_time": "2008-06-05 23:10:36",
        "followed": false,
        "name": "摩诃曼珠沙华",
        "uid": "cn_panda",
        "url": "https:\/\/www.douban.com\/people\/2561289\/",
        "gender": "M",
        "uri": "douban:\/\/douban.com\/user\/2561289",
        "kind": "user",
        "id": "2561289",
        "remark": "",
        "avatar": "https://img1.doubanio.com\/icon\/up2561289-8.jpg",
        "is_club": false,
        "type": "user",
        "avatar_side_icon": "",
        "in_blacklist": false
      },
      "recommend_reason": "",
      "user_done_desc": "",
      "id": "2573422896",
      "wechat_timeline_share": "screenshot"
    },
    {
      "comment": "看完三个小时只想说以为高潮要来了结果戛然而止，有点头重脚轻了，水门桥的部分是要单独再拿出来整一部电影么，任务片怎么也要搞成连续剧式的了……吴京的故事线感觉都还没有完整，倒是胡军这个角色演得真不错，也有亮点泪点。",
      "rating": {
        "count": 1,
        "max": 5,
        "value": 2,
        "star_count": 2
      },
      "sharing_url": "https:\/\/www.douban.com\/doubanapp\/dispatch?uri=\/movie\/25845392\/interest\/3054844911",
      "is_voted": false,
      "uri": "douban:\/\/douban.com\/movie\/25845392\/interest\/3054844911",
      "platforms": [],
      "vote_count": 10747,
      "create_time": "2021-09-30 15:13:40",
      "status": "done",
      "user": {
        "loc": null,
        "reg_time": "2019-07-29 16:21:24",
        "followed": false,
        "name": "奥利奥小饼干",
        "uid": "200682979",
        "url": "https:\/\/www.douban.com\/people\/200682979\/",
        "gender": "U",
        "uri": "douban:\/\/douban.com\/user\/200682979",
        "kind": "user",
        "id": "200682979",
        "remark": "",
        "avatar": "https://img2.doubanio.com\/icon\/up200682979-1.jpg",
        "is_club": false,
        "type": "user",
        "avatar_side_icon": "",
        "in_blacklist": false
      },
      "recommend_reason": "",
      "user_done_desc": "",
      "id": "3054844911",
      "wechat_timeline_share": "screenshot"
    },
    {
      "comment": "只说实话：1、片长太长，对观众非常不友好。战争戏完全可以减少，士兵互相闹着玩的戏完全可以删减一部分，三个小时的电影，都开始两个小时了，才出发到长津湖；2、万里这个角色很不讨喜。明白导演想让观众看到一个小男孩成长为一个战士的蜕变，但是放在那样的战争环境下，两次三番耍性子，太过胡闹；3、再现神片段。敌我坦克射出的炮弹空中对撞，这概率估计不会很大；4、电脑特效出戏。电影刚开始就抠图，后面战争场面的特效也是显得很粗糙，说真的，如此重要的一部影片确最终呈现出来时这个效果，还是很意外的。以上是看完电影后我个人的一点观后感，不喜勿喷。",
      "rating": {
        "count": 1,
        "max": 5,
        "value": 3,
        "star_count": 3
      },
      "sharing_url": "https:\/\/www.douban.com\/doubanapp\/dispatch?uri=\/movie\/25845392\/interest\/3051766379",
      "is_voted": false,
      "uri": "douban:\/\/douban.com\/movie\/25845392\/interest\/3051766379",
      "platforms": [],
      "vote_count": 18682,
      "create_time": "2021-09-27 18:16:24",
      "status": "done",
      "user": {
        "loc": {
          "uid": "shenzhen",
          "id": "118282",
          "name": "深圳"
        },
        "reg_time": "2016-08-13 23:12:26",
        "followed": false,
        "name": "吴点半",
        "uid": "149734118",
        "url": "https:\/\/www.douban.com\/people\/149734118\/",
        "gender": "",
        "uri": "douban:\/\/douban.com\/user\/149734118",
        "kind": "user",
        "id": "149734118",
        "remark": "",
        "avatar": "https://img9.doubanio.com\/icon\/up149734118-4.jpg",
        "is_club": false,
        "type": "user",
        "avatar_side_icon": "",
        "in_blacklist": false
      },
      "recommend_reason": "",
      "user_done_desc": "",
      "id": "3051766379",
      "wechat_timeline_share": "screenshot"
    },
    {
      "comment": "沂蒙山小调一出，仿佛回到了很多年我的家乡，山东省临沂市沂水县下虎峪村，我在听外公讲他抗战时候的故事。他总是说，战场上枪林弹雨，而他的头里一直有一块炮弹弹片，他的耳朵有一只听不见，但他说，比起战友，已经是最幸运的人。",
      "rating": {
        "count": 1,
        "max": 5,
        "value": 5,
        "star_count": 5
      },
      "sharing_url": "https:\/\/www.douban.com\/doubanapp\/dispatch?uri=\/movie\/25845392\/interest\/3048449868",
      "is_voted": false,
      "uri": "douban:\/\/douban.com\/movie\/25845392\/interest\/3048449868",
      "platforms": [],
      "vote_count": 12345,
      "create_time": "2021-09-29 14:35:14",
      "status": "done",
      "user": {
        "loc": {
          "uid": "beijing",
          "id": "108288",
          "name": "北京"
        },
        "reg_time": "2006-08-03 20:55:25",
        "followed": false,
        "name": "苏樱",
        "uid": "bestfaye9916",
        "url": "https:\/\/www.douban.com\/people\/1227045\/",
        "gender": "",
        "uri": "douban:\/\/douban.com\/user\/1227045",
        "kind": "user",
        "id": "1227045",
        "remark": "",
        "avatar": "https://img2.doubanio.com\/icon\/up1227045-21.jpg",
        "is_club": false,
        "type": "user",
        "avatar_side_icon": "",
        "in_blacklist": false
      },
      "recommend_reason": "",
      "user_done_desc": "",
      "id": "3048449868",
      "wechat_timeline_share": "screenshot"
    }
  ]
}