{
  "count": 20,
  "start": 160,
  "total": 182605,
  "wechat_timeline_share": "screenshot",
  "interests": [
    {
      "comment": "全程三个小时几乎无尿点，就是有尿意。真的震撼，建议去看IMAX",
      "rating": {
        "count": 1,
        "max": 5,
        "star_count": 5,
        "value": 5
      },
      "sharing_url": "https:\/\/www.douban.com\/doubanapp\/dispatch?uri=\/movie\/25845392\/interest\/3056762885",
      "is_voted": false,
      "uri": "douban:\/\/douban.com\/movie\/25845392\/interest\/3056762885",
      "platforms": [],
      "vote_count": 280,
      "create_time": "2021-10-01 23:32:27",
      "status": "done",
      "user": {
        "loc": null,
        "reg_time": "2018-02-09 12:11:49",
        "followed": false,
        "name": "咖喱牛排",
        "avatar_side_icon": "",
        "url": "https:\/\/www.douban.com\/people\/173771690\/",
        "gender": "F",
        "uri": "douban:\/\/douban.com\/user\/173771690",
        "avatar": "https://img2.doubanio.com\/icon\/up173771690-2.jpg",
        "id": "173771690",
        "remark": "",
        "in_blacklist": false,
        "is_club": false,
        "type": "user",
        "kind": "user",
        "uid": "173771690"
      },
      "recommend_reason": "",
      "user_done_desc": "",
      "id": "3056762885",
      "wechat_timeline_share": "screenshot"
    },
    {
      "comment": "山河已无恙，光影敬英雄。如果你看完电影，你就会知道，这绝不是电影宣传的一句空话。无论是和平年代的老兵，还是那场战役的亲历者，都告诉我们，这部电影值得去看。",
      "rating": {
        "count": 1,
        "max": 5,
        "star_count": 5,
        "value": 5
      },
      "sharing_url": "https:\/\/www.douban.com\/doubanapp\/dispatch?uri=\/movie\/25845392\/interest\/2578346583",
      "is_voted": false,
      "uri": "douban:\/\/douban.com\/movie\/25845392\/interest\/2578346583",
      "platforms": [],
      "vote_count": 1096,
      "create_time": "2021-09-30 06:18:48",
      "status": "done",
      "user": {
        "loc": null,
        "reg_time": "2020-08-14 10:38:44",
        "followed": false,
        "name": "",
        "avatar_side_icon": "",
        "url": "https:\/\/www.douban.com\/people\/221278456\/",
        "gender": "F",
        "uri": "douban:\/\/douban.com\/user\/221278456",
        "avatar": "https://img9.doubanio.com\/icon\/up221278456-6.jpg",
        "id": "221278456",
        "remark": "",
        "in_blacklist": false,
        "is_club": false,
        "type": "user",
        "kind": "user",
        "uid": "221278456"
      },
      "recommend_reason": "",
      "user_done_desc": "",
      "id": "2578346583",
      "wechat_timeline_share": "screenshot"
    },
    {
      "comment": "热血！劲爆！大手笔！",
      "rating": {
        "count": 1,
        "max": 5,
        "star_count": 5,
        "value": 5
      },
      "sharing_url": "https:\/\/www.douban.com\/doubanapp\/dispatch?uri=\/movie\/25845392\/interest\/3054624568",
      "is_voted": false,
      "uri": "douban:\/\/douban.com\/movie\/25845392\/interest\/3054624568",
      "platforms": [],
      "vote_count": 764,
      "create_time": "2021-09-30 11:29:33",
      "status": "done",
      "user": {
        "loc": {
          "id": "108288",
          "name": "北京",
          "uid": "beijing"
        },
        "reg_time": "2016-08-25 16:05:45",
        "followed": false,
        "name": "蒙太奇",
        "avatar_side_icon": "",
        "url": "https:\/\/www.douban.com\/people\/150274608\/",
        "gender": "M",
        "uri": "douban:\/\/douban.com\/user\/150274608",
        "avatar": "https://img2.doubanio.com\/icon\/up150274608-1.jpg",
        "id": "150274608",
        "remark": "",
        "in_blacklist": false,
        "is_club": false,
        "type": "user",
        "kind": "user",
        "uid": "150274608"
      },
      "recommend_reason": "",
      "user_done_desc": "",
      "id": "3054624568",
      "wechat_timeline_share": "screenshot"
    },
    {
      "comment": "寸土寸血的主题，满满当当的战斗，偶一细腻的情感，互不兼容的败笔。",
      "rating": {
        "count": 1,
        "max": 5,
        "star_count": 3,
        "value": 3
      },
      "sharing_url": "https:\/\/www.douban.com\/doubanapp\/dispatch?uri=\/movie\/25845392\/interest\/2937950738",
      "is_voted": false,
      "uri": "douban:\/\/douban.com\/movie\/25845392\/interest\/2937950738",
      "platforms": [],
      "vote_count": 108,
      "create_time": "2021-10-01 23:32:37",
      "status": "done",
      "user": {
        "loc": {
          "id": "131610",
          "name": "American Samoa",
          "uid": "131610"
        },
        "reg_time": "2013-03-02 18:09:27",
        "followed": false,
        "name": "braandbra",
        "avatar_side_icon": "",
        "url": "https:\/\/www.douban.com\/people\/69688068\/",
        "gender": "M",
        "uri": "douban:\/\/douban.com\/user\/69688068",
        "avatar": "https://img1.doubanio.com\/icon\/up69688068-8.jpg",
        "id": "69688068",
        "remark": "",
        "in_blacklist": false,
        "is_club": false,
        "type": "user",
        "kind": "user",
        "uid": "69688068"
      },
      "recommend_reason": "",
      "user_done_desc": "",
      "id": "2937950738",
      "wechat_timeline_share": "screenshot"
    },
    {
      "comment": "好看！节奏紧凑，看的都快把携带的流苏包揪秃了。",
      "rating": {
        "count": 1,
        "max": 5,
        "star_count": 5,
        "value": 5
      },
      "sharing_url": "https:\/\/www.douban.com\/doubanapp\/dispatch?uri=\/movie\/25845392\/interest\/3054167048",
      "is_voted": false,
      "uri": "douban:\/\/douban.com\/movie\/25845392\/interest\/3054167048",
      "platforms": [],
      "vote_count": 968,
      "create_time": "2021-09-29 22:37:01",
      "status": "done",
      "user": {
        "loc": {
          "id": "118282",
          "name": "深圳",
          "uid": "shenzhen"
        },
        "reg_time": "2013-10-14 21:16:10",
        "followed": false,
        "name": "Jolie",
        "avatar_side_icon": "",
        "url": "https:\/\/www.douban.com\/people\/79010359\/",
        "gender": "U",
        "uri": "douban:\/\/douban.com\/user\/79010359",
        "avatar": "https://img3.doubanio.com\/icon\/up79010359-10.jpg",
        "id": "79010359",
        "remark": "",
        "in_blacklist": false,
        "is_club": false,
        "type": "user",
        "kind": "user",
        "uid": "79010359"
      },
      "recommend_reason": "",
      "user_done_desc": "",
      "id": "3054167048",
      "wechat_timeline_share": "screenshot"
    },
    {
      "comment": "就像为了完成任务而完成任务的任务剧。一般般。有感人，也有高潮，但是感觉没有层次。看到中间有点无聊。致敬那些在抗美援朝战役中牺牲的有名与无名英雄们！",
      "rating": {
        "count": 1,
        "max": 5,
        "star_count": 3,
        "value": 3
      },
      "sharing_url": "https:\/\/www.douban.com\/doubanapp\/dispatch?uri=\/movie\/25845392\/interest\/3056762690",
      "is_voted": false,
      "uri": "douban:\/\/douban.com\/movie\/25845392\/interest\/3056762690",
      "platforms": [],
      "vote_count": 131,
      "create_time": "2021-10-01 23:32:22",
      "status": "done",
      "user": {
        "loc": {
          "id": "118159",
          "name": "南京",
          "uid": "nanjing"
        },
        "reg_time": "2019-11-18 16:31:07",
        "followed": false,
        "name": "Taro",
        "avatar_side_icon": "",
        "url": "https:\/\/www.douban.com\/people\/206897542\/",
        "gender": "F",
        "uri": "douban:\/\/douban.com\/user\/206897542",
        "avatar": "https://img9.doubanio.com\/icon\/up206897542-145.jpg",
        "id": "206897542",
        "remark": "",
        "in_blacklist": false,
        "is_club": false,
        "type": "user",
        "kind": "user",
        "uid": "206897542"
      },
      "recommend_reason": "",
      "user_done_desc": "",
      "id": "3056762690",
      "wechat_timeline_share": "screenshot"
    },
    {
      "comment": "最喜欢的两个场景1. 七连第一次遇到美军在石头上静静趴着2. 雷公带领炮连小分队在山坡伏击美军增援部队回头看看是哪一位导演出手。",
      "rating": {
        "count": 1,
        "max": 5,
        "star_count": 4,
        "value": 4
      },
      "sharing_url": "https:\/\/www.douban.com\/doubanapp\/dispatch?uri=\/movie\/25845392\/interest\/3054180829",
      "is_voted": false,
      "uri": "douban:\/\/douban.com\/movie\/25845392\/interest\/3054180829",
      "platforms": [],
      "vote_count": 98,
      "create_time": "2021-09-29 22:47:57",
      "status": "done",
      "user": {
        "loc": {
          "id": "118282",
          "name": "深圳",
          "uid": "shenzhen"
        },
        "reg_time": "2010-02-07 19:35:53",
        "followed": false,
        "name": "午夜乱成章",
        "avatar_side_icon": "",
        "url": "https:\/\/www.douban.com\/people\/34719762\/",
        "gender": "",
        "uri": "douban:\/\/douban.com\/user\/34719762",
        "avatar": "https://img1.doubanio.com\/icon\/up34719762-8.jpg",
        "id": "34719762",
        "remark": "",
        "in_blacklist": false,
        "is_club": false,
        "type": "user",
        "kind": "user",
        "uid": "godsinger"
      },
      "recommend_reason": "",
      "user_done_desc": "",
      "id": "3054180829",
      "wechat_timeline_share": "screenshot"
    },
    {
      "comment": "一部对绝大部分观众来说都非常有观影快感的影片。无论是紧凑的剧情、有血有肉的每个战士，还是震撼的场面和音效。从来没觉得电影院的时间过得那么快过，结局依然意犹未尽。四字弟弟饰演的伍万里眼神戏精准，从小混混成长成不屈战士的过程让人动容，不愧是新生代扛把子。吴京胡军发挥精彩，对手戏看点十足。",
      "rating": {
        "count": 1,
        "max": 5,
        "star_count": 5,
        "value": 5
      },
      "sharing_url": "https:\/\/www.douban.com\/doubanapp\/dispatch?uri=\/movie\/25845392\/interest\/3050792134",
      "is_voted": false,
      "uri": "douban:\/\/douban.com\/movie\/25845392\/interest\/3050792134",
      "platforms": [],
      "vote_count": 1208,
      "create_time": "2021-09-26 21:05:25",
      "status": "done",
      "user": {
        "loc": {
          "id": "118282",
          "name": "深圳",
          "uid": "shenzhen"
        },
        "reg_time": "2012-09-22 13:59:40",
        "followed": false,
        "name": "",
        "avatar_side_icon": "",
        "url": "https:\/\/www.douban.com\/people\/64845244\/",
        "gender": "F",
        "uri": "douban:\/\/douban.com\/user\/64845244",
        "avatar": "https://img2.doubanio.com\/icon\/up64845244-13.jpg",
        "id": "64845244",
        "remark": "",
        "in_blacklist": false,
        "is_club": false,
        "type": "user",
        "kind": "user",
        "uid": "fangshixie"
      },
      "recommend_reason": "",
      "user_done_desc": "",
      "id": "3050792134",
      "wechat_timeline_share": "screenshot"
    },
    {
      "comment": "铭记历史。无论是场景还是演技都没得说，近年来最好最真实的战争片。展示的不光是英雄主义，战士们也是会怕的。很真实。",
      "rating": {
        "count": 1,
        "max": 5,
        "star_count": 5,
        "value": 5
      },
      "sharing_url": "https:\/\/www.douban.com\/doubanapp\/dispatch?uri=\/movie\/25845392\/interest\/2767928087",
      "is_voted": false,
      "uri": "douban:\/\/douban.com\/movie\/25845392\/interest\/2767928087",
      "platforms": [],
      "vote_count": 709,
      "create_time": "2021-09-30 10:26:28",
      "status": "done",
      "user": {
        "loc": {
          "id": "108288",
          "name": "北京",
          "uid": "beijing"
        },
        "reg_time": "2019-08-03 06:57:31",
        "followed": false,
        "name": "kilig",
        "avatar_side_icon": "",
        "url": "https:\/\/www.douban.com\/people\/200997578\/",
        "gender": "F",
        "uri": "douban:\/\/douban.com\/user\/200997578",
        "avatar": "https://img3.doubanio.com\/icon\/up200997578-10.jpg",
        "id": "200997578",
        "remark": "",
        "in_blacklist": false,
        "is_club": false,
        "type": "user",
        "kind": "user",
        "uid": "200997578"
      },
      "recommend_reason": "",
      "user_done_desc": "",
      "id": "2767928087",
      "wechat_timeline_share": "screenshot"
    },
    {
      "comment": "本来只想三星，多一星给先辈。三个小时讲故事都没讲明白的感觉，剧情流水账得和我朋友圈一样，以为高潮要开始了结果电影结束了。。？？",
      "rating": {
        "count": 1,
        "max": 5,
        "star_count": 4,
        "value": 4
      },
      "sharing_url": "https:\/\/www.douban.com\/doubanapp\/dispatch?uri=\/movie\/25845392\/interest\/3067168350",
      "is_voted": false,
      "uri": "douban:\/\/douban.com\/movie\/25845392\/interest\/3067168350",
      "platforms": [],
      "vote_count": 56,
      "create_time": "2021-10-09 11:19:50",
      "status": "done",
      "user": {
        "loc": null,
        "reg_time": "2018-05-25 03:20:56",
        "followed": false,
        "name": "超级毛仔",
        "avatar_side_icon": "",
        "url": "https:\/\/www.douban.com\/people\/179081868\/",
        "gender": "",
        "uri": "douban:\/\/douban.com\/user\/179081868",
        "avatar": "https://img9.doubanio.com\/icon\/up179081868-5.jpg",
        "id": "179081868",
        "remark": "",
        "in_blacklist": false,
        "is_club": false,
        "type": "user",
        "kind": "user",
        "uid": "179081868"
      },
      "recommend_reason": "",
      "user_done_desc": "",
      "id": "3067168350",
      "wechat_timeline_share": "screenshot"
    },
    {
      "comment": "不是冲着悲壮的历史现实致敬我及格分都给不到…三小时到底拍了些什么？真正的长津湖战役放在最后没几分钟，前面手撕美国鬼子拍俩个多小时；真正的吃土豆、成冰雕等志愿军群像写实的感人事实没拍出心路历程，个人打不死的英雄煽情拍了半天；充满毅力和智慧的战略过程我没看到，只有一些冲冲冲和开车诱导敌军轰炸的离谱情节；刻意的台词、造作的情节、琐碎的人物，这是我对本片的总结。",
      "rating": {
        "count": 1,
        "max": 5,
        "star_count": 3,
        "value": 3
      },
      "sharing_url": "https:\/\/www.douban.com\/doubanapp\/dispatch?uri=\/movie\/25845392\/interest\/3059984602",
      "is_voted": false,
      "uri": "douban:\/\/douban.com\/movie\/25845392\/interest\/3059984602",
      "platforms": [],
      "vote_count": 121,
      "create_time": "2021-10-04 08:42:03",
      "status": "done",
      "user": {
        "loc": null,
        "reg_time": "2017-10-07 08:23:02",
        "followed": false,
        "name": "浅疏叠影",
        "avatar_side_icon": "",
        "url": "https:\/\/www.douban.com\/people\/167764962\/",
        "gender": "",
        "uri": "douban:\/\/douban.com\/user\/167764962",
        "avatar": "https://img2.doubanio.com\/icon\/up167764962-1.jpg",
        "id": "167764962",
        "remark": "",
        "in_blacklist": false,
        "is_club": false,
        "type": "user",
        "kind": "user",
        "uid": "167764962"
      },
      "recommend_reason": "",
      "user_done_desc": "",
      "id": "3059984602",
      "wechat_timeline_share": "screenshot"
    },
    {
      "comment": "真实性？不存在的",
      "rating": {
        "count": 1,
        "max": 5,
        "star_count": 3,
        "value": 3
      },
      "sharing_url": "https:\/\/www.douban.com\/doubanapp\/dispatch?uri=\/movie\/25845392\/interest\/3062307967",
      "is_voted": false,
      "uri": "douban:\/\/douban.com\/movie\/25845392\/interest\/3062307967",
      "platforms": [],
      "vote_count": 97,
      "create_time": "2021-10-05 20:24:32",
      "status": "done",
      "user": {
        "loc": {
          "id": "118123",
          "name": "沈阳",
          "uid": "shenyang"
        },
        "reg_time": "2017-11-19 07:57:25",
        "followed": false,
        "name": "fzf",
        "avatar_side_icon": "",
        "url": "https:\/\/www.douban.com\/people\/169857273\/",
        "gender": "M",
        "uri": "douban:\/\/douban.com\/user\/169857273",
        "avatar": "https://img1.doubanio.com\/icon\/up169857273-9.jpg",
        "id": "169857273",
        "remark": "",
        "in_blacklist": false,
        "is_club": false,
        "type": "user",
        "kind": "user",
        "uid": "169857273"
      },
      "recommend_reason": "",
      "user_done_desc": "",
      "id": "3062307967",
      "wechat_timeline_share": "screenshot"
    },
    {
      "comment": "题材很好，武戏太差，音乐想强行煽情，叙事逻辑勉强",
      "rating": {
        "count": 1,
        "max": 5,
        "star_count": 2,
        "value": 2
      },
      "sharing_url": "https:\/\/www.douban.com\/doubanapp\/dispatch?uri=\/movie\/25845392\/interest\/3058993516",
      "is_voted": false,
      "uri": "douban:\/\/douban.com\/movie\/25845392\/interest\/3058993516",
      "platforms": [],
      "vote_count": 114,
      "create_time": "2021-10-03 16:05:13",
      "status": "done",
      "user": {
        "loc": {
          "id": "108296",
          "name": "上海",
          "uid": "shanghai"
        },
        "reg_time": "2016-01-27 00:02:30",
        "followed": false,
        "name": "乌鸦",
        "avatar_side_icon": "",
        "url": "https:\/\/www.douban.com\/people\/141143591\/",
        "gender": "",
        "uri": "douban:\/\/douban.com\/user\/141143591",
        "avatar": "https://img9.doubanio.com\/icon\/up141143591-5.jpg",
        "id": "141143591",
        "remark": "",
        "in_blacklist": false,
        "is_club": false,
        "type": "user",
        "kind": "user",
        "uid": "141143591"
      },
      "recommend_reason": "",
      "user_done_desc": "",
      "id": "3058993516",
      "wechat_timeline_share": "screenshot"
    },
    {
      "comment": "期待演员易烊千玺！！万物皆甜，而你胜过万物✨",
      "rating": {
        "count": 1,
        "max": 5,
        "star_count": 5,
        "value": 5
      },
      "sharing_url": "https:\/\/www.douban.com\/doubanapp\/dispatch?uri=\/movie\/25845392\/interest\/2977773421",
      "is_voted": false,
      "uri": "douban:\/\/douban.com\/movie\/25845392\/interest\/2977773421",
      "platforms": [],
      "vote_count": 507,
      "create_time": "2021-09-30 19:56:15",
      "status": "done",
      "user": {
        "loc": {
          "id": "108288",
          "name": "北京",
          "uid": "beijing"
        },
        "reg_time": "2019-12-26 00:42:44",
        "followed": false,
        "name": "紫璇宝宝",
        "avatar_side_icon": "",
        "url": "https:\/\/www.douban.com\/people\/208493321\/",
        "gender": "F",
        "uri": "douban:\/\/douban.com\/user\/208493321",
        "avatar": "https://img9.doubanio.com\/icon\/up208493321-6.jpg",
        "id": "208493321",
        "remark": "",
        "in_blacklist": false,
        "is_club": false,
        "type": "user",
        "kind": "user",
        "uid": "208493321"
      },
      "recommend_reason": "",
      "user_done_desc": "",
      "id": "2977773421",
      "wechat_timeline_share": "screenshot"
    },
    {
      "comment": "整个故事叙事线拉的太长，前因后果没必要交代得那么清楚。太讲求画面的美感，画面的饱和度高得吓人，颜色艳得出奇，感觉缺少一点纪实感，缺少了影片的纪实感，也缺少了人物的纪实感，对英雄人物的歌颂还是过多了点。既然是史诗片，那还是得要点纪实感的。电脑特效真的太出戏了，还不如一些游戏的cg，可以学习一下《铁雨》投核弹的cg部分。庄内cqb 那场戏节奏不错，但是仿佛在看复仇者联盟",
      "rating": {
        "count": 1,
        "max": 5,
        "star_count": 3,
        "value": 3
      },
      "sharing_url": "https:\/\/www.douban.com\/doubanapp\/dispatch?uri=\/movie\/25845392\/interest\/3056424243",
      "is_voted": false,
      "uri": "douban:\/\/douban.com\/movie\/25845392\/interest\/3056424243",
      "platforms": [],
      "vote_count": 99,
      "create_time": "2021-10-01 19:52:41",
      "status": "done",
      "user": {
        "loc": {
          "id": "118204",
          "name": "泉州",
          "uid": "quanzhou"
        },
        "reg_time": "2018-03-04 00:10:17",
        "followed": false,
        "name": "",
        "avatar_side_icon": "",
        "url": "https:\/\/www.douban.com\/people\/174906834\/",
        "gender": "M",
        "uri": "douban:\/\/douban.com\/user\/174906834",
        "avatar": "https://img2.doubanio.com\/icon\/up174906834-3.jpg",
        "id": "174906834",
        "remark": "",
        "in_blacklist": false,
        "is_club": false,
        "type": "user",
        "kind": "user",
        "uid": "174906834"
      },
      "recommend_reason": "",
      "user_done_desc": "",
      "id": "3056424243",
      "wechat_timeline_share": "screenshot"
    },
    {
      "comment": "家里老人参加过抗美援朝，小时候就常听那时候的故事，听说拍了相关的电影，一直很期待，趁着假期去贡献了一下票房，整场看下来，说实话有点失望，篇幅真的太长了，看下来好累，关键剧情撑不起来这个时长，衔接的不够好，可能是我期望太高了吧。",
      "rating": {
        "count": 1,
        "max": 5,
        "star_count": 3,
        "value": 3
      },
      "sharing_url": "https:\/\/www.douban.com\/doubanapp\/dispatch?uri=\/movie\/25845392\/interest\/3056674854",
      "is_voted": false,
      "uri": "douban:\/\/douban.com\/movie\/25845392\/interest\/3056674854",
      "platforms": [],
      "vote_count": 154,
      "create_time": "2021-10-01 22:42:43",
      "status": "done",
      "user": {
        "loc": {
          "id": "108288",
          "name": "北京",
          "uid": "beijing"
        },
        "reg_time": "2016-11-28 00:11:28",
        "followed": false,
        "name": "",
        "avatar_side_icon": "",
        "url": "https:\/\/www.douban.com\/people\/154378738\/",
        "gender": "F",
        "uri": "douban:\/\/douban.com\/user\/154378738",
        "avatar": "https://img1.doubanio.com\/icon\/up154378738-9.jpg",
        "id": "154378738",
        "remark": "",
        "in_blacklist": false,
        "is_club": false,
        "type": "user",
        "kind": "user",
        "uid": "154378738"
      },
      "recommend_reason": "",
      "user_done_desc": "",
      "id": "3056674854",
      "wechat_timeline_share": "screenshot"
    },
    {
      "comment": "不是主旋律里最煽情的，但说是主旋律的NO.1也不为过",
      "rating": {
        "count": 1,
        "max": 5,
        "star_count": 5,
        "value": 5
      },
      "sharing_url": "https:\/\/www.douban.com\/doubanapp\/dispatch?uri=\/movie\/25845392\/interest\/3054891873",
      "is_voted": false,
      "uri": "douban:\/\/douban.com\/movie\/25845392\/interest\/3054891873",
      "platforms": [],
      "vote_count": 385,
      "create_time": "2021-09-30 16:01:46",
      "status": "done",
      "user": {
        "loc": null,
        "reg_time": "2017-09-19 21:13:01",
        "followed": false,
        "name": "Hilda",
        "avatar_side_icon": "",
        "url": "https:\/\/www.douban.com\/people\/166968326\/",
        "gender": "",
        "uri": "douban:\/\/douban.com\/user\/166968326",
        "avatar": "https://img2.doubanio.com\/icon\/up166968326-1.jpg",
        "id": "166968326",
        "remark": "",
        "in_blacklist": false,
        "is_club": false,
        "type": "user",
        "kind": "user",
        "uid": "166968326"
      },
      "recommend_reason": "",
      "user_done_desc": "",
      "id": "3054891873",
      "wechat_timeline_share": "screenshot"
    },
    {
      "comment": "他们永远都是最可爱的人",
      "rating": {
        "count": 1,
        "max": 5,
        "star_count": 5,
        "value": 5
      },
      "sharing_url": "https:\/\/www.douban.com\/doubanapp\/dispatch?uri=\/movie\/25845392\/interest\/3055002334",
      "is_voted": false,
      "uri": "douban:\/\/douban.com\/movie\/25845392\/interest\/3055002334",
      "platforms": [],
      "vote_count": 529,
      "create_time": "2021-09-30 17:50:35",
      "status": "done",
      "user": {
        "loc": {
          "id": "118281",
          "name": "广州",
          "uid": "guangzhou"
        },
        "reg_time": "2018-08-17 22:29:55",
        "followed": false,
        "name": "秋和",
        "avatar_side_icon": "",
        "url": "https:\/\/www.douban.com\/people\/183152354\/",
        "gender": "F",
        "uri": "douban:\/\/douban.com\/user\/183152354",
        "avatar": "https://img2.doubanio.com\/icon\/up183152354-11.jpg",
        "id": "183152354",
        "remark": "",
        "in_blacklist": false,
        "is_club": false,
        "type": "user",
        "kind": "user",
        "uid": "183152354"
      },
      "recommend_reason": "",
      "user_done_desc": "",
      "id": "3055002334",
      "wechat_timeline_share": "screenshot"
    },
    {
      "comment": "真的太震撼了！！千里在火车上敬礼的时候我也默默的撑了下头，敬了个礼。我同火车下面的士兵想的一样，希望他们能平安归来。美军在雪山顶上朝被厚雪覆盖的志愿军们敬礼，我也再次撑了下头。应了雷公对万里说的那句：“被敌人瞧得起才叫本事！”伟大的中国人民志愿军万岁！！",
      "rating": {
        "count": 1,
        "max": 5,
        "star_count": 5,
        "value": 5
      },
      "sharing_url": "https:\/\/www.douban.com\/doubanapp\/dispatch?uri=\/movie\/25845392\/interest\/2719181861",
      "is_voted": false,
      "uri": "douban:\/\/douban.com\/movie\/25845392\/interest\/2719181861",
      "platforms": [],
      "vote_count": 179,
      "create_time": "2021-10-01 21:53:57",
      "status": "done",
      "user": {
        "loc": null,
        "reg_time": "2019-01-18 16:30:25",
        "followed": false,
        "name": "青衫忆笙333",
        "avatar_side_icon": "",
        "url": "https:\/\/www.douban.com\/people\/190227020\/",
        "gender": "",
        "uri": "douban:\/\/douban.com\/user\/190227020",
        "avatar": "https://img1.doubanio.com\/icon\/up190227020-7.jpg",
        "id": "190227020",
        "remark": "",
        "in_blacklist": false,
        "is_club": false,
        "type": "user",
        "kind": "user",
        "uid": "190227020"
      },
      "recommend_reason": "",
      "user_done_desc": "",
      "id": "2719181861",
      "wechat_timeline_share": "screenshot"
    },
    {
      "comment": "战斗场面确实震撼精彩，不过文戏方便稍微弱点",
      "rating": {
        "count": 1,
        "max": 5,
        "star_count": 4,
        "value": 4
      },
      "sharing_url": "https:\/\/www.douban.com\/doubanapp\/dispatch?uri=\/movie\/25845392\/interest\/3055073618",
      "is_voted": false,
      "uri": "douban:\/\/douban.com\/movie\/25845392\/interest\/3055073618",
      "platforms": [],
      "vote_count": 118,
      "create_time": "2021-09-30 19:12:08",
      "status": "done",
      "user": {
        "loc": null,
        "reg_time": "2019-02-19 12:29:45",
        "followed": false,
        "name": "Bou1evard",
        "avatar_side_icon": "",
        "url": "https:\/\/www.douban.com\/people\/192040814\/",
        "gender": "",
        "uri": "douban:\/\/douban.com\/user\/192040814",
        "avatar": "https://img2.doubanio.com\/icon\/up192040814-2.jpg",
        "id": "192040814",
        "remark": "",
        "in_blacklist": false,
        "is_club": false,
        "type": "user",
        "kind": "user",
        "uid": "192040814"
      },
      "recommend_reason": "",
      "user_done_desc": "",
      "id": "3055073618",
      "wechat_timeline_share": "screenshot"
    }
  ]
}