{
  "count": 20,
  "start": 140,
  "total": 182605,
  "wechat_timeline_share": "screenshot",
  "interests": [
    {
      "comment": "绝对封神的抗战片！！！影史留名！",
      "rating": {
        "count": 1,
        "max": 5,
        "star_count": 5,
        "value": 5
      },
      "sharing_url": "https:\/\/www.douban.com\/doubanapp\/dispatch?uri=\/movie\/25845392\/interest\/3054621711",
      "is_voted": false,
      "uri": "douban:\/\/douban.com\/movie\/25845392\/interest\/3054621711",
      "platforms": [],
      "vote_count": 1056,
      "create_time": "2021-09-30 11:26:19",
      "status": "done",
      "user": {
        "loc": {
          "id": "108309",
          "name": "重庆",
          "uid": "chongqing"
        },
        "reg_time": "2018-04-07 12:09:29",
        "followed": false,
        "name": "不过秋",
        "avatar_side_icon": "",
        "url": "https:\/\/www.douban.com\/people\/176677113\/",
        "gender": "F",
        "uri": "douban:\/\/douban.com\/user\/176677113",
        "avatar": "https://img2.doubanio.com\/icon\/up176677113-3.jpg",
        "id": "176677113",
        "remark": "",
        "in_blacklist": false,
        "is_club": false,
        "type": "user",
        "kind": "user",
        "uid": "176677113"
      },
      "recommend_reason": "",
      "user_done_desc": "",
      "id": "3054621711",
      "wechat_timeline_share": "screenshot"
    },
    {
      "comment": "25号有幸看了点映，想了这么多天发现确实不知道怎么用语言正确的去描述自己的感受。（因为是个语言匮乏的人）抗美援朝战役是只存在在我脑子里一个词，而长津湖把抗美援朝立体化在我脑子里了。谁是最可爱的人？这部电影告诉了我们答案，他不是一个具体的人，而是我们的志愿军们。影片全程高能，战争场面很刺激宏伟，当然也打的很艰辛。（现实应该更残酷）影片结束的时候，全场观众自发的掌声，让我久久无法平息。",
      "rating": {
        "count": 1,
        "max": 5,
        "star_count": 5,
        "value": 5
      },
      "sharing_url": "https:\/\/www.douban.com\/doubanapp\/dispatch?uri=\/movie\/25845392\/interest\/2879836971",
      "is_voted": false,
      "uri": "douban:\/\/douban.com\/movie\/25845392\/interest\/2879836971",
      "platforms": [],
      "vote_count": 1037,
      "create_time": "2021-09-30 11:29:13",
      "status": "done",
      "user": {
        "loc": null,
        "reg_time": "2018-10-29 20:59:56",
        "followed": false,
        "name": "阳小喵要快乐",
        "avatar_side_icon": "",
        "url": "https:\/\/www.douban.com\/people\/186595047\/",
        "gender": "",
        "uri": "douban:\/\/douban.com\/user\/186595047",
        "avatar": "https://img2.doubanio.com\/icon\/up186595047-2.jpg",
        "id": "186595047",
        "remark": "",
        "in_blacklist": false,
        "is_club": false,
        "type": "user",
        "kind": "user",
        "uid": "186595047"
      },
      "recommend_reason": "",
      "user_done_desc": "",
      "id": "2879836971",
      "wechat_timeline_share": "screenshot"
    },
    {
      "comment": "史诗级战争片就需要大的投资，才能撑得起大的场面与史诗感，《长津湖》就是一部史诗级战争片，让人有一种置身战场的感觉，每颗子弹都仿佛从我身边划过，不自觉的为里面的演员咬紧了牙关，攥紧了拳头，每位演员都可圈可点，将当时中国人的军人气质展露无遗，虽然是战争片，但内核却有另一种反战的思想，这场仗我们为何而打，我们不得不抗美援朝；我们努力将仗打完了未来下一代甚至下下代就不用打仗了。",
      "rating": {
        "count": 1,
        "max": 5,
        "star_count": 5,
        "value": 5
      },
      "sharing_url": "https:\/\/www.douban.com\/doubanapp\/dispatch?uri=\/movie\/25845392\/interest\/3054519629",
      "is_voted": false,
      "uri": "douban:\/\/douban.com\/movie\/25845392\/interest\/3054519629",
      "platforms": [],
      "vote_count": 826,
      "create_time": "2021-09-30 09:23:27",
      "status": "done",
      "user": {
        "loc": {
          "id": "108288",
          "name": "北京",
          "uid": "beijing"
        },
        "reg_time": "2011-11-22 22:21:37",
        "followed": false,
        "name": "贪吃的米其林",
        "avatar_side_icon": "",
        "url": "https:\/\/www.douban.com\/people\/56277834\/",
        "gender": "",
        "uri": "douban:\/\/douban.com\/user\/56277834",
        "avatar": "https://img1.doubanio.com\/icon\/up56277834-8.jpg",
        "id": "56277834",
        "remark": "",
        "in_blacklist": false,
        "is_club": false,
        "type": "user",
        "kind": "user",
        "uid": "56277834"
      },
      "recommend_reason": "",
      "user_done_desc": "",
      "id": "3054519629",
      "wechat_timeline_share": "screenshot"
    },
    {
      "comment": "有这么一群人，他们不是一寸也没挪动过，却是生生克制住了摇晃，守住了自己内心的“阵地”。",
      "rating": {
        "count": 1,
        "max": 5,
        "star_count": 4,
        "value": 4
      },
      "sharing_url": "https:\/\/www.douban.com\/doubanapp\/dispatch?uri=\/movie\/25845392\/interest\/3054989015",
      "is_voted": false,
      "uri": "douban:\/\/douban.com\/movie\/25845392\/interest\/3054989015",
      "platforms": [],
      "vote_count": 124,
      "create_time": "2021-09-30 17:35:41",
      "status": "done",
      "user": {
        "loc": {
          "id": "118282",
          "name": "深圳",
          "uid": "shenzhen"
        },
        "reg_time": "2016-03-30 20:57:44",
        "followed": false,
        "name": "一棵竹子",
        "avatar_side_icon": "",
        "url": "https:\/\/www.douban.com\/people\/143928359\/",
        "gender": "F",
        "uri": "douban:\/\/douban.com\/user\/143928359",
        "avatar": "https://img9.doubanio.com\/icon\/up143928359-26.jpg",
        "id": "143928359",
        "remark": "",
        "in_blacklist": false,
        "is_club": false,
        "type": "user",
        "kind": "user",
        "uid": "143928359"
      },
      "recommend_reason": "",
      "user_done_desc": "",
      "id": "3054989015",
      "wechat_timeline_share": "screenshot"
    },
    {
      "comment": "国内投资最大电影，战争场面宏大，同时刻画了角色鲜明的人物，时长3小时，情节紧凑，参演人员众多，片尾人员字幕走了十分钟，没有彩蛋。看得出导演和演员投入了巨大的心力，可以作为战争片的教科书。几个不足的点，第一场战斗过于冗长，打了半了多小时，实际推动的剧情很少，使影片整体重心偏前。二是CG敷衍，细看都是没打磨的模型。电影精彩的主要原因是抗美援朝战争的残酷，实际上当年的战争远比电影展现的残酷，包括物资与美军的差距比电影展现的更大，战术甚至是自杀式的。结尾概括性地草草结束宣告肯定有续集，可能导演想在下一部展现近乎绝望的战场和更惨烈的牺牲。",
      "rating": {
        "count": 1,
        "max": 5,
        "star_count": 5,
        "value": 5
      },
      "sharing_url": "https:\/\/www.douban.com\/doubanapp\/dispatch?uri=\/movie\/25845392\/interest\/3054184407",
      "is_voted": false,
      "uri": "douban:\/\/douban.com\/movie\/25845392\/interest\/3054184407",
      "platforms": [],
      "vote_count": 1207,
      "create_time": "2021-09-29 22:50:46",
      "status": "done",
      "user": {
        "loc": {
          "id": "118282",
          "name": "深圳",
          "uid": "shenzhen"
        },
        "reg_time": "2014-03-05 11:44:59",
        "followed": false,
        "name": "Ben",
        "avatar_side_icon": "",
        "url": "https:\/\/www.douban.com\/people\/84413609\/",
        "gender": "M",
        "uri": "douban:\/\/douban.com\/user\/84413609",
        "avatar": "https://img9.doubanio.com\/icon\/up84413609-24.jpg",
        "id": "84413609",
        "remark": "",
        "in_blacklist": false,
        "is_club": false,
        "type": "user",
        "kind": "user",
        "uid": "bensmt"
      },
      "recommend_reason": "",
      "user_done_desc": "",
      "id": "3054184407",
      "wechat_timeline_share": "screenshot"
    },
    {
      "comment": "革命先烈永垂不朽！！！！！",
      "rating": {
        "count": 1,
        "max": 5,
        "star_count": 5,
        "value": 5
      },
      "sharing_url": "https:\/\/www.douban.com\/doubanapp\/dispatch?uri=\/movie\/25845392\/interest\/3055002628",
      "is_voted": false,
      "uri": "douban:\/\/douban.com\/movie\/25845392\/interest\/3055002628",
      "platforms": [],
      "vote_count": 644,
      "create_time": "2021-09-30 17:50:53",
      "status": "done",
      "user": {
        "loc": {
          "id": "118220",
          "name": "济南",
          "uid": "jinan"
        },
        "reg_time": "2015-09-29 09:18:27",
        "followed": false,
        "name": "刘达达",
        "avatar_side_icon": "",
        "url": "https:\/\/www.douban.com\/people\/135247839\/",
        "gender": "F",
        "uri": "douban:\/\/douban.com\/user\/135247839",
        "avatar": "https://img2.doubanio.com\/icon\/up135247839-1.jpg",
        "id": "135247839",
        "remark": "",
        "in_blacklist": false,
        "is_club": false,
        "type": "user",
        "kind": "user",
        "uid": "135247839"
      },
      "recommend_reason": "",
      "user_done_desc": "",
      "id": "3055002628",
      "wechat_timeline_share": "screenshot"
    },
    {
      "comment": "其实陈凯歌拍的电影只有两星，三个小时的电影拍的支离破碎。另外两星是中国人民志愿军加成。最可爱的人！",
      "rating": {
        "count": 1,
        "max": 5,
        "star_count": 4,
        "value": 4
      },
      "sharing_url": "https:\/\/www.douban.com\/doubanapp\/dispatch?uri=\/movie\/25845392\/interest\/2768346171",
      "is_voted": false,
      "uri": "douban:\/\/douban.com\/movie\/25845392\/interest\/2768346171",
      "platforms": [],
      "vote_count": 70,
      "create_time": "2021-10-04 18:32:34",
      "status": "done",
      "user": {
        "loc": {
          "id": "118183",
          "name": "合肥",
          "uid": "hefei"
        },
        "reg_time": "2010-06-21 00:14:22",
        "followed": false,
        "name": "米兰米兰",
        "avatar_side_icon": "",
        "url": "https:\/\/www.douban.com\/people\/42400952\/",
        "gender": "",
        "uri": "douban:\/\/douban.com\/user\/42400952",
        "avatar": "https://img9.doubanio.com\/icon\/up42400952-6.jpg",
        "id": "42400952",
        "remark": "",
        "in_blacklist": false,
        "is_club": false,
        "type": "user",
        "kind": "user",
        "uid": "42400952"
      },
      "recommend_reason": "",
      "user_done_desc": "",
      "id": "2768346171",
      "wechat_timeline_share": "screenshot"
    },
    {
      "comment": "好拖沓，在看得昏昏欲睡的时候就来一阵枪林弹雨，跟朋友吐槽看完我就得聋了晚上做梦估计都是枪声时长太长坐到最后腰酸背痛还头疼到泪点就哭不出来了已经",
      "rating": {
        "count": 1,
        "max": 5,
        "star_count": 3,
        "value": 3
      },
      "sharing_url": "https:\/\/www.douban.com\/doubanapp\/dispatch?uri=\/movie\/25845392\/interest\/3058679463",
      "is_voted": false,
      "uri": "douban:\/\/douban.com\/movie\/25845392\/interest\/3058679463",
      "platforms": [],
      "vote_count": 210,
      "create_time": "2021-10-03 11:30:03",
      "status": "done",
      "user": {
        "loc": {
          "id": "118159",
          "name": "南京",
          "uid": "nanjing"
        },
        "reg_time": "2018-04-02 18:12:29",
        "followed": false,
        "name": "啵米",
        "avatar_side_icon": "",
        "url": "https:\/\/www.douban.com\/people\/176317060\/",
        "gender": "F",
        "uri": "douban:\/\/douban.com\/user\/176317060",
        "avatar": "https://img9.doubanio.com\/icon\/up176317060-5.jpg",
        "id": "176317060",
        "remark": "",
        "in_blacklist": false,
        "is_club": false,
        "type": "user",
        "kind": "user",
        "uid": "176317060"
      },
      "recommend_reason": "",
      "user_done_desc": "",
      "id": "3058679463",
      "wechat_timeline_share": "screenshot"
    },
    {
      "comment": "长津湖真的！！！！！我要好好珍惜现在的安定，可以想象当时肯定比电影还要难很多倍。谢谢先辈们！四字弟弟真的是靠谱的演员，起码还没电影让我失望过。尤其小红花我电影院刷了四遍，手机看了两遍。打算二刷长津湖！三个小时远远不够！！！！ ",
      "rating": {
        "count": 1,
        "max": 5,
        "star_count": 5,
        "value": 5
      },
      "sharing_url": "https:\/\/www.douban.com\/doubanapp\/dispatch?uri=\/movie\/25845392\/interest\/3055305381",
      "is_voted": false,
      "uri": "douban:\/\/douban.com\/movie\/25845392\/interest\/3055305381",
      "platforms": [],
      "vote_count": 474,
      "create_time": "2021-09-30 22:27:19",
      "status": "done",
      "user": {
        "loc": null,
        "reg_time": "2020-01-22 20:52:07",
        "followed": false,
        "name": "小小",
        "avatar_side_icon": "",
        "url": "https:\/\/www.douban.com\/people\/209611609\/",
        "gender": "",
        "uri": "douban:\/\/douban.com\/user\/209611609",
        "avatar": "https://img2.doubanio.com\/icon\/up209611609-1.jpg",
        "id": "209611609",
        "remark": "",
        "in_blacklist": false,
        "is_club": false,
        "type": "user",
        "kind": "user",
        "uid": "209611609"
      },
      "recommend_reason": "",
      "user_done_desc": "",
      "id": "3055305381",
      "wechat_timeline_share": "screenshot"
    },
    {
      "comment": "往往期待值拉满的电影最后剪的都好让人失望……剧情太长且揉杂",
      "rating": {
        "count": 1,
        "max": 5,
        "star_count": 2,
        "value": 2
      },
      "sharing_url": "https:\/\/www.douban.com\/doubanapp\/dispatch?uri=\/movie\/25845392\/interest\/3057925601",
      "is_voted": false,
      "uri": "douban:\/\/douban.com\/movie\/25845392\/interest\/3057925601",
      "platforms": [],
      "vote_count": 154,
      "create_time": "2021-10-02 21:13:39",
      "status": "done",
      "user": {
        "loc": null,
        "reg_time": "2020-06-10 17:49:27",
        "followed": false,
        "name": "H",
        "avatar_side_icon": "",
        "url": "https:\/\/www.douban.com\/people\/217963466\/",
        "gender": "",
        "uri": "douban:\/\/douban.com\/user\/217963466",
        "avatar": "https://img9.doubanio.com\/icon\/up217963466-4.jpg",
        "id": "217963466",
        "remark": "",
        "in_blacklist": false,
        "is_club": false,
        "type": "user",
        "kind": "user",
        "uid": "217963466"
      },
      "recommend_reason": "",
      "user_done_desc": "",
      "id": "3057925601",
      "wechat_timeline_share": "screenshot"
    },
    {
      "comment": "许是因为有至亲曾为抗美援朝老兵一员，观感尤为强烈，心情久久难以平复。虽然是战争片主题 中间也参杂了亲情、友情、生死之交，多次反复地点题军人士兵们为何而战 为谁而战的决心 由衷敬佩所有用血肉身躯为我辈换来和平年代的军人士兵志愿军烈士们 感谢影视作品 能让这段血染冰雪的历史烙入年轻一辈的心中 现今繁华盛世 皆如您们所愿",
      "rating": {
        "count": 1,
        "max": 5,
        "star_count": 5,
        "value": 5
      },
      "sharing_url": "https:\/\/www.douban.com\/doubanapp\/dispatch?uri=\/movie\/25845392\/interest\/3054234204",
      "is_voted": false,
      "uri": "douban:\/\/douban.com\/movie\/25845392\/interest\/3054234204",
      "platforms": [],
      "vote_count": 1343,
      "create_time": "2021-09-29 23:29:00",
      "status": "done",
      "user": {
        "loc": {
          "id": "118282",
          "name": "深圳",
          "uid": "shenzhen"
        },
        "reg_time": "2010-10-15 23:22:06",
        "followed": false,
        "name": "咸蛋黄公主",
        "avatar_side_icon": "",
        "url": "https:\/\/www.douban.com\/people\/46672146\/",
        "gender": "F",
        "uri": "douban:\/\/douban.com\/user\/46672146",
        "avatar": "https://img2.doubanio.com\/icon\/up46672146-63.jpg",
        "id": "46672146",
        "remark": "",
        "in_blacklist": false,
        "is_club": false,
        "type": "user",
        "kind": "user",
        "uid": "onlylaura"
      },
      "recommend_reason": "",
      "user_done_desc": "",
      "id": "3054234204",
      "wechat_timeline_share": "screenshot"
    },
    {
      "comment": "散乱的叙事",
      "rating": {
        "count": 1,
        "max": 5,
        "star_count": 2,
        "value": 2
      },
      "sharing_url": "https:\/\/www.douban.com\/doubanapp\/dispatch?uri=\/movie\/25845392\/interest\/3058961048",
      "is_voted": false,
      "uri": "douban:\/\/douban.com\/movie\/25845392\/interest\/3058961048",
      "platforms": [],
      "vote_count": 132,
      "create_time": "2021-10-03 15:39:12",
      "status": "done",
      "user": {
        "loc": {
          "id": "118318",
          "name": "成都",
          "uid": "chengdu"
        },
        "reg_time": "2012-02-21 14:35:26",
        "followed": false,
        "name": "灼眼的明日香",
        "avatar_side_icon": "",
        "url": "https:\/\/www.douban.com\/people\/58789476\/",
        "gender": "",
        "uri": "douban:\/\/douban.com\/user\/58789476",
        "avatar": "https://img1.doubanio.com\/icon\/up58789476-7.jpg",
        "id": "58789476",
        "remark": "",
        "in_blacklist": false,
        "is_club": false,
        "type": "user",
        "kind": "user",
        "uid": "58789476"
      },
      "recommend_reason": "",
      "user_done_desc": "",
      "id": "3058961048",
      "wechat_timeline_share": "screenshot"
    },
    {
      "comment": "太震撼了！真的太震撼了！长津湖绝对是今年电影的王炸！！三个小时一下子过去了一点也不夸张，绝对的全程无尿点！易烊千玺的新兵蛋子成长线太有意思了！太成功了，看完一个小时了我还没缓过来，反正就是长津湖牛逼！",
      "rating": {
        "count": 1,
        "max": 5,
        "star_count": 5,
        "value": 5
      },
      "sharing_url": "https:\/\/www.douban.com\/doubanapp\/dispatch?uri=\/movie\/25845392\/interest\/2876686068",
      "is_voted": false,
      "uri": "douban:\/\/douban.com\/movie\/25845392\/interest\/2876686068",
      "platforms": [],
      "vote_count": 775,
      "create_time": "2021-09-30 17:50:32",
      "status": "done",
      "user": {
        "loc": null,
        "reg_time": "2019-10-18 22:43:26",
        "followed": false,
        "name": "榴莲",
        "avatar_side_icon": "",
        "url": "https:\/\/www.douban.com\/people\/205539377\/",
        "gender": "F",
        "uri": "douban:\/\/douban.com\/user\/205539377",
        "avatar": "https://img2.doubanio.com\/icon\/up205539377-1.jpg",
        "id": "205539377",
        "remark": "",
        "in_blacklist": false,
        "is_club": false,
        "type": "user",
        "kind": "user",
        "uid": "205539377"
      },
      "recommend_reason": "",
      "user_done_desc": "",
      "id": "2876686068",
      "wechat_timeline_share": "screenshot"
    },
    {
      "comment": "太惨烈了，我知道真实的战场只会比这更惨烈，珍惜今天的美好生活，致敬英雄们！",
      "rating": {
        "count": 1,
        "max": 5,
        "star_count": 5,
        "value": 5
      },
      "sharing_url": "https:\/\/www.douban.com\/doubanapp\/dispatch?uri=\/movie\/25845392\/interest\/3062487185",
      "is_voted": false,
      "uri": "douban:\/\/douban.com\/movie\/25845392\/interest\/3062487185",
      "platforms": [],
      "vote_count": 139,
      "create_time": "2021-10-05 22:18:25",
      "status": "done",
      "user": {
        "loc": {
          "id": "118159",
          "name": "南京",
          "uid": "nanjing"
        },
        "reg_time": "2014-06-05 23:01:22",
        "followed": false,
        "name": "时光",
        "avatar_side_icon": "",
        "url": "https:\/\/www.douban.com\/people\/90498206\/",
        "gender": "",
        "uri": "douban:\/\/douban.com\/user\/90498206",
        "avatar": "https://img2.doubanio.com\/icon\/up90498206-3.jpg",
        "id": "90498206",
        "remark": "",
        "in_blacklist": false,
        "is_club": false,
        "type": "user",
        "kind": "user",
        "uid": "90498206"
      },
      "recommend_reason": "",
      "user_done_desc": "",
      "id": "3062487185",
      "wechat_timeline_share": "screenshot"
    },
    {
      "comment": "断裂感是有的，但是几场战争戏非常棒！",
      "rating": {
        "count": 1,
        "max": 5,
        "star_count": 4,
        "value": 4
      },
      "sharing_url": "https:\/\/www.douban.com\/doubanapp\/dispatch?uri=\/movie\/25845392\/interest\/3054120079",
      "is_voted": false,
      "uri": "douban:\/\/douban.com\/movie\/25845392\/interest\/3054120079",
      "platforms": [],
      "vote_count": 74,
      "create_time": "2021-09-29 21:59:07",
      "status": "done",
      "user": {
        "loc": {
          "id": "118176",
          "name": "湖州",
          "uid": "huzhou"
        },
        "reg_time": "2011-08-21 16:40:43",
        "followed": false,
        "name": "金多虾",
        "avatar_side_icon": "",
        "url": "https:\/\/www.douban.com\/people\/53932937\/",
        "gender": "M",
        "uri": "douban:\/\/douban.com\/user\/53932937",
        "avatar": "https://img9.doubanio.com\/icon\/up53932937-6.jpg",
        "id": "53932937",
        "remark": "",
        "in_blacklist": false,
        "is_club": false,
        "type": "user",
        "kind": "user",
        "uid": "53932937"
      },
      "recommend_reason": "",
      "user_done_desc": "",
      "id": "3054120079",
      "wechat_timeline_share": "screenshot"
    },
    {
      "comment": "勇士和阵地同在 英雄和日月同辉 ",
      "rating": {
        "count": 1,
        "max": 5,
        "star_count": 5,
        "value": 5
      },
      "sharing_url": "https:\/\/www.douban.com\/doubanapp\/dispatch?uri=\/movie\/25845392\/interest\/2580309684",
      "is_voted": false,
      "uri": "douban:\/\/douban.com\/movie\/25845392\/interest\/2580309684",
      "platforms": [],
      "vote_count": 525,
      "create_time": "2021-09-30 14:36:18",
      "status": "done",
      "user": {
        "loc": {
          "id": "118370",
          "name": "林芝",
          "uid": "linzhi"
        },
        "reg_time": "2012-03-22 23:43:11",
        "followed": false,
        "name": "阿玺",
        "avatar_side_icon": "",
        "url": "https:\/\/www.douban.com\/people\/59725385\/",
        "gender": "M",
        "uri": "douban:\/\/douban.com\/user\/59725385",
        "avatar": "https://img1.doubanio.com\/icon\/up59725385-17.jpg",
        "id": "59725385",
        "remark": "",
        "in_blacklist": false,
        "is_club": false,
        "type": "user",
        "kind": "user",
        "uid": "FurukawaYuki"
      },
      "recommend_reason": "",
      "user_done_desc": "",
      "id": "2580309684",
      "wechat_timeline_share": "screenshot"
    },
    {
      "comment": " 直观感受，很爽很燃，看得热血沸腾，也有眼眶湿润之处。176分钟不觉得时间长，故事循序渐进，情绪张力非常强。虽有瑕疵，但华语战争电影拍到这个程度，已经非常强了，目前的天花板。",
      "rating": {
        "count": 1,
        "max": 5,
        "star_count": 5,
        "value": 5
      },
      "sharing_url": "https:\/\/www.douban.com\/doubanapp\/dispatch?uri=\/movie\/25845392\/interest\/3054153052",
      "is_voted": false,
      "uri": "douban:\/\/douban.com\/movie\/25845392\/interest\/3054153052",
      "platforms": [],
      "vote_count": 1521,
      "create_time": "2021-09-29 22:25:37",
      "status": "done",
      "user": {
        "loc": {
          "id": "118281",
          "name": "广州",
          "uid": "guangzhou"
        },
        "reg_time": "2016-11-30 12:24:38",
        "followed": false,
        "name": "小七",
        "avatar_side_icon": "",
        "url": "https:\/\/www.douban.com\/people\/154468437\/",
        "gender": "F",
        "uri": "douban:\/\/douban.com\/user\/154468437",
        "avatar": "https://img2.doubanio.com\/icon\/up154468437-23.jpg",
        "id": "154468437",
        "remark": "",
        "in_blacklist": false,
        "is_club": false,
        "type": "user",
        "kind": "user",
        "uid": "154468437"
      },
      "recommend_reason": "",
      "user_done_desc": "",
      "id": "3054153052",
      "wechat_timeline_share": "screenshot"
    },
    {
      "comment": "历史不能被忘记，那些为祖国牺牲的人更不能被忘记！！！ 战争场面太真实了，而现实情况应该比那更惨！",
      "rating": {
        "count": 1,
        "max": 5,
        "star_count": 4,
        "value": 4
      },
      "sharing_url": "https:\/\/www.douban.com\/doubanapp\/dispatch?uri=\/movie\/25845392\/interest\/3054194783",
      "is_voted": false,
      "uri": "douban:\/\/douban.com\/movie\/25845392\/interest\/3054194783",
      "platforms": [],
      "vote_count": 405,
      "create_time": "2021-09-29 22:59:06",
      "status": "done",
      "user": {
        "loc": {
          "id": "118282",
          "name": "深圳",
          "uid": "shenzhen"
        },
        "reg_time": "2010-10-06 22:46:11",
        "followed": false,
        "name": "唐某人",
        "avatar_side_icon": "",
        "url": "https:\/\/www.douban.com\/people\/46428848\/",
        "gender": "F",
        "uri": "douban:\/\/douban.com\/user\/46428848",
        "avatar": "https://img1.doubanio.com\/icon\/up46428848-19.jpg",
        "id": "46428848",
        "remark": "",
        "in_blacklist": false,
        "is_club": false,
        "type": "user",
        "kind": "user",
        "uid": "tlhzte"
      },
      "recommend_reason": "",
      "user_done_desc": "",
      "id": "3054194783",
      "wechat_timeline_share": "screenshot"
    },
    {
      "comment": "看完以后的最大感觉是，掌握制空权，发展军事非常的重要和必要性。但是，整部电影造景很假、非常失真，感觉画面饱和度过高。剧情欠缺逻辑，不该煽情的地方硬煽情，全程看完无感…",
      "rating": {
        "count": 1,
        "max": 5,
        "star_count": 2,
        "value": 2
      },
      "sharing_url": "https:\/\/www.douban.com\/doubanapp\/dispatch?uri=\/movie\/25845392\/interest\/3060062699",
      "is_voted": false,
      "uri": "douban:\/\/douban.com\/movie\/25845392\/interest\/3060062699",
      "platforms": [],
      "vote_count": 141,
      "create_time": "2021-10-04 10:13:58",
      "status": "done",
      "user": {
        "loc": null,
        "reg_time": "2021-02-19 10:28:09",
        "followed": false,
        "name": "蜜桃爱乌龙",
        "avatar_side_icon": "",
        "url": "https:\/\/www.douban.com\/people\/233483972\/",
        "gender": "",
        "uri": "douban:\/\/douban.com\/user\/233483972",
        "avatar": "https://img2.doubanio.com\/icon\/up233483972-1.jpg",
        "id": "233483972",
        "remark": "",
        "in_blacklist": false,
        "is_club": false,
        "type": "user",
        "kind": "user",
        "uid": "233483972"
      },
      "recommend_reason": "",
      "user_done_desc": "",
      "id": "3060062699",
      "wechat_timeline_share": "screenshot"
    },
    {
      "comment": "战争场面绝了！！！！最后雷爹牺牲的时候哭晕了，还有教员和他儿子我永远的泪点总而言之全程无尿点三小时很值得！！！",
      "rating": {
        "count": 1,
        "max": 5,
        "star_count": 5,
        "value": 5
      },
      "sharing_url": "https:\/\/www.douban.com\/doubanapp\/dispatch?uri=\/movie\/25845392\/interest\/3057796355",
      "is_voted": false,
      "uri": "douban:\/\/douban.com\/movie\/25845392\/interest\/3057796355",
      "platforms": [],
      "vote_count": 165,
      "create_time": "2021-10-02 19:38:11",
      "status": "done",
      "user": {
        "loc": null,
        "reg_time": "2017-07-07 19:07:23",
        "followed": false,
        "name": "西八撕碎",
        "avatar_side_icon": "",
        "url": "https:\/\/www.douban.com\/people\/163469358\/",
        "gender": "F",
        "uri": "douban:\/\/douban.com\/user\/163469358",
        "avatar": "https://img9.doubanio.com\/icon\/up163469358-4.jpg",
        "id": "163469358",
        "remark": "",
        "in_blacklist": false,
        "is_club": false,
        "type": "user",
        "kind": "user",
        "uid": "163469358"
      },
      "recommend_reason": "",
      "user_done_desc": "",
      "id": "3057796355",
      "wechat_timeline_share": "screenshot"
    }
  ]
}