{
  "count": 20,
  "start": 180,
  "total": 182605,
  "wechat_timeline_share": "screenshot",
  "interests": [
    {
      "comment": "上敬战死的英灵！下敬涂炭的生灵！中间的敬，人世间的良心！",
      "rating": {
        "count": 1,
        "max": 5,
        "star_count": 5,
        "value": 5
      },
      "sharing_url": "https:\/\/www.douban.com\/doubanapp\/dispatch?uri=\/movie\/25845392\/interest\/3050093097",
      "is_voted": false,
      "uri": "douban:\/\/douban.com\/movie\/25845392\/interest\/3050093097",
      "platforms": [],
      "vote_count": 420,
      "create_time": "2021-09-30 13:27:49",
      "status": "done",
      "user": {
        "loc": null,
        "reg_time": "2015-11-28 21:58:52",
        "followed": false,
        "name": "TO BE",
        "avatar_side_icon": "",
        "url": "https:\/\/www.douban.com\/people\/138306899\/",
        "gender": "F",
        "uri": "douban:\/\/douban.com\/user\/138306899",
        "avatar": "https://img2.doubanio.com\/icon\/up138306899-12.jpg",
        "id": "138306899",
        "remark": "",
        "in_blacklist": false,
        "is_club": false,
        "type": "user",
        "kind": "user",
        "uid": "138306899"
      },
      "recommend_reason": "",
      "user_done_desc": "",
      "id": "3050093097",
      "wechat_timeline_share": "screenshot"
    },
    {
      "comment": "4.5星，除了有点长别的没毛病。这场仗我们不打，就是我们的后代要打。感谢你们用生命换来的和平",
      "rating": {
        "count": 1,
        "max": 5,
        "star_count": 5,
        "value": 5
      },
      "sharing_url": "https:\/\/www.douban.com\/doubanapp\/dispatch?uri=\/movie\/25845392\/interest\/3054988756",
      "is_voted": false,
      "uri": "douban:\/\/douban.com\/movie\/25845392\/interest\/3054988756",
      "platforms": [],
      "vote_count": 262,
      "create_time": "2021-09-30 17:35:22",
      "status": "done",
      "user": {
        "loc": {
          "id": "128463",
          "name": "Edinburgh",
          "uid": "edinburgh"
        },
        "reg_time": "2010-03-11 18:19:49",
        "followed": false,
        "name": "yuppi",
        "avatar_side_icon": "",
        "url": "https:\/\/www.douban.com\/people\/36808736\/",
        "gender": "",
        "uri": "douban:\/\/douban.com\/user\/36808736",
        "avatar": "https://img1.doubanio.com\/icon\/u36808736-18.jpg",
        "id": "36808736",
        "remark": "",
        "in_blacklist": false,
        "is_club": false,
        "type": "user",
        "kind": "user",
        "uid": "pineberry"
      },
      "recommend_reason": "",
      "user_done_desc": "",
      "id": "3054988756",
      "wechat_timeline_share": "screenshot"
    },
    {
      "comment": "这是一部电影，人、战争；这又不仅仅是一部电影，由此联想到今日之和平，三个半主权国家的世界；基础科研领域得强，防止“卡脖子”，军事和金融领域得强，以战止战！",
      "rating": {
        "count": 1,
        "max": 5,
        "star_count": 5,
        "value": 5
      },
      "sharing_url": "https:\/\/www.douban.com\/doubanapp\/dispatch?uri=\/movie\/25845392\/interest\/3053879315",
      "is_voted": false,
      "uri": "douban:\/\/douban.com\/movie\/25845392\/interest\/3053879315",
      "platforms": [],
      "vote_count": 1160,
      "create_time": "2021-09-29 17:38:57",
      "status": "done",
      "user": {
        "loc": {
          "id": "108288",
          "name": "北京",
          "uid": "beijing"
        },
        "reg_time": "2016-12-14 00:09:53",
        "followed": false,
        "name": "凯Run",
        "avatar_side_icon": "",
        "url": "https:\/\/www.douban.com\/people\/155010824\/",
        "gender": "",
        "uri": "douban:\/\/douban.com\/user\/155010824",
        "avatar": "https://img2.doubanio.com\/icon\/up155010824-1.jpg",
        "id": "155010824",
        "remark": "",
        "in_blacklist": false,
        "is_club": false,
        "type": "user",
        "kind": "user",
        "uid": "155010824"
      },
      "recommend_reason": "",
      "user_done_desc": "",
      "id": "3053879315",
      "wechat_timeline_share": "screenshot"
    },
    {
      "comment": "23 拍得不好，特效不好，人物不好",
      "rating": {
        "count": 1,
        "max": 5,
        "star_count": 2,
        "value": 2
      },
      "sharing_url": "https:\/\/www.douban.com\/doubanapp\/dispatch?uri=\/movie\/25845392\/interest\/3060660178",
      "is_voted": false,
      "uri": "douban:\/\/douban.com\/movie\/25845392\/interest\/3060660178",
      "platforms": [],
      "vote_count": 65,
      "create_time": "2021-10-04 18:31:50",
      "status": "done",
      "user": {
        "loc": {
          "id": "118302",
          "name": "南宁",
          "uid": "nanning"
        },
        "reg_time": "2007-11-19 13:23:05",
        "followed": false,
        "name": "子华回水啦",
        "avatar_side_icon": "",
        "url": "https:\/\/www.douban.com\/people\/2017474\/",
        "gender": "",
        "uri": "douban:\/\/douban.com\/user\/2017474",
        "avatar": "https://img1.doubanio.com\/icon\/up2017474-18.jpg",
        "id": "2017474",
        "remark": "",
        "in_blacklist": false,
        "is_club": false,
        "type": "user",
        "kind": "user",
        "uid": "susubestop"
      },
      "recommend_reason": "",
      "user_done_desc": "",
      "id": "3060660178",
      "wechat_timeline_share": "screenshot"
    },
    {
      "comment": "千篇一律",
      "rating": {
        "count": 1,
        "max": 5,
        "star_count": 2,
        "value": 2
      },
      "sharing_url": "https:\/\/www.douban.com\/doubanapp\/dispatch?uri=\/movie\/25845392\/interest\/3061226423",
      "is_voted": false,
      "uri": "douban:\/\/douban.com\/movie\/25845392\/interest\/3061226423",
      "platforms": [],
      "vote_count": 81,
      "create_time": "2021-10-05 00:05:03",
      "status": "done",
      "user": {
        "loc": null,
        "reg_time": "2021-01-09 22:54:06",
        "followed": false,
        "name": "。。。",
        "avatar_side_icon": "",
        "url": "https:\/\/www.douban.com\/people\/230104698\/",
        "gender": "F",
        "uri": "douban:\/\/douban.com\/user\/230104698",
        "avatar": "https://img2.doubanio.com\/icon\/up230104698-1.jpg",
        "id": "230104698",
        "remark": "",
        "in_blacklist": false,
        "is_club": false,
        "type": "user",
        "kind": "user",
        "uid": "230104698"
      },
      "recommend_reason": "",
      "user_done_desc": "",
      "id": "3061226423",
      "wechat_timeline_share": "screenshot"
    },
    {
      "comment": "三个小时没看够，最后戛然而止，期待下部春节上映。三个导演融合的还行，没有太大的割裂感，战争场面以小见大很震撼，少年的成长与兄弟情建立的还行。四字弟弟还有《少年的你》影子，配角太出色了，意犹未尽，集结中国最优秀荷尔蒙演员，开心。特效稍微差点意思，但是工业感不错。为台前幕后的电影人致敬，为历史人物致敬。于老板牛逼，操盘难度可想而知。",
      "rating": {
        "count": 1,
        "max": 5,
        "star_count": 5,
        "value": 5
      },
      "sharing_url": "https:\/\/www.douban.com\/doubanapp\/dispatch?uri=\/movie\/25845392\/interest\/3049953257",
      "is_voted": false,
      "uri": "douban:\/\/douban.com\/movie\/25845392\/interest\/3049953257",
      "platforms": [],
      "vote_count": 833,
      "create_time": "2021-09-26 00:53:53",
      "status": "done",
      "user": {
        "loc": {
          "id": "108288",
          "name": "北京",
          "uid": "beijing"
        },
        "reg_time": "2009-05-15 23:21:50",
        "followed": false,
        "name": "不心冰",
        "avatar_side_icon": "",
        "url": "https:\/\/www.douban.com\/people\/4199523\/",
        "gender": "F",
        "uri": "douban:\/\/douban.com\/user\/4199523",
        "avatar": "https://img9.doubanio.com\/icon\/up4199523-6.jpg",
        "id": "4199523",
        "remark": "",
        "in_blacklist": false,
        "is_club": false,
        "type": "user",
        "kind": "user",
        "uid": "4199523"
      },
      "recommend_reason": "",
      "user_done_desc": "",
      "id": "3049953257",
      "wechat_timeline_share": "screenshot"
    },
    {
      "comment": "向英雄的致敬是无法用打分来衡量的，但是电影的呈现就那样那样吧。",
      "rating": {
        "count": 1,
        "max": 5,
        "star_count": 3,
        "value": 3
      },
      "sharing_url": "https:\/\/www.douban.com\/doubanapp\/dispatch?uri=\/movie\/25845392\/interest\/3067168144",
      "is_voted": false,
      "uri": "douban:\/\/douban.com\/movie\/25845392\/interest\/3067168144",
      "platforms": [],
      "vote_count": 58,
      "create_time": "2021-10-09 11:19:38",
      "status": "done",
      "user": {
        "loc": null,
        "reg_time": "2016-06-22 21:34:37",
        "followed": false,
        "name": "沙瓤猛男",
        "avatar_side_icon": "",
        "url": "https:\/\/www.douban.com\/people\/147413691\/",
        "gender": "U",
        "uri": "douban:\/\/douban.com\/user\/147413691",
        "avatar": "https://img9.doubanio.com\/icon\/up147413691-14.jpg",
        "id": "147413691",
        "remark": "",
        "in_blacklist": false,
        "is_club": false,
        "type": "user",
        "kind": "user",
        "uid": "147413691"
      },
      "recommend_reason": "",
      "user_done_desc": "",
      "id": "3067168144",
      "wechat_timeline_share": "screenshot"
    },
    {
      "comment": "一段意味深长的历史！",
      "rating": {
        "count": 1,
        "max": 5,
        "star_count": 5,
        "value": 5
      },
      "sharing_url": "https:\/\/www.douban.com\/doubanapp\/dispatch?uri=\/movie\/25845392\/interest\/3052787876",
      "is_voted": false,
      "uri": "douban:\/\/douban.com\/movie\/25845392\/interest\/3052787876",
      "platforms": [],
      "vote_count": 1002,
      "create_time": "2021-09-28 16:56:13",
      "status": "done",
      "user": {
        "loc": {
          "id": "108288",
          "name": "北京",
          "uid": "beijing"
        },
        "reg_time": "2011-10-25 18:44:54",
        "followed": false,
        "name": "carter",
        "avatar_side_icon": "https://img3.doubanio.com\/img\/files\/file-1609326400.png",
        "url": "https:\/\/www.douban.com\/people\/55533769\/",
        "gender": "M",
        "uri": "douban:\/\/douban.com\/user\/55533769",
        "avatar": "https://img2.doubanio.com\/icon\/up55533769-1.jpg",
        "id": "55533769",
        "remark": "",
        "in_blacklist": false,
        "is_club": false,
        "type": "user",
        "kind": "user",
        "uid": "xhcarter"
      },
      "recommend_reason": "",
      "user_done_desc": "",
      "id": "3052787876",
      "wechat_timeline_share": "screenshot"
    },
    {
      "comment": "还是很适合普通观众进电影院去看的，时间虽然长，但节奏控制的比较好，剧情也有递进，也并不复杂，容易理解。大场面很壮观，看得出来是花了大钱的。而且一般战争场面很多的话，很容易看不下去，但是这部电影好几场对决处理的很扣人心弦，也很燃，反正我看哭了好几次。印象比较深的就是对于美军战机的处理，从高处投下炸弹的视觉爆炸效果太触目惊心了。回到几个主演的处理，都刻画的比较清晰，没有因为角色众多而搞不清楚人物关系。总之，不会让你失望。",
      "rating": {
        "count": 1,
        "max": 5,
        "star_count": 5,
        "value": 5
      },
      "sharing_url": "https:\/\/www.douban.com\/doubanapp\/dispatch?uri=\/movie\/25845392\/interest\/3054616847",
      "is_voted": false,
      "uri": "douban:\/\/douban.com\/movie\/25845392\/interest\/3054616847",
      "platforms": [],
      "vote_count": 653,
      "create_time": "2021-09-30 11:21:22",
      "status": "done",
      "user": {
        "loc": {
          "id": "108288",
          "name": "北京",
          "uid": "beijing"
        },
        "reg_time": "2005-10-11 16:56:37",
        "followed": false,
        "name": "便知时光去",
        "avatar_side_icon": "",
        "url": "https:\/\/www.douban.com\/people\/1034334\/",
        "gender": "F",
        "uri": "douban:\/\/douban.com\/user\/1034334",
        "avatar": "https://img9.doubanio.com\/icon\/up1034334-6.jpg",
        "id": "1034334",
        "remark": "",
        "in_blacklist": false,
        "is_club": false,
        "type": "user",
        "kind": "user",
        "uid": "qianlimei"
      },
      "recommend_reason": "",
      "user_done_desc": "",
      "id": "3054616847",
      "wechat_timeline_share": "screenshot"
    },
    {
      "comment": "【4.5】基调很明确，就像教员说的"
      打得一拳开
      ，
      免得百拳来
      "，电影完美的诠释为了什么抗美援朝。谢谢兰晓龙，在这么一部作品里给岸英"
      正名
      "，不管是岸英也好教员也好，这么多年受尽了"
      敌人
      "的污蔑造谣，我心好痛，本以为会因为这段剧情在影院因为岸英跟教员哭崩，但没有，也要谢谢陈凯歌把这段剧情拍得这么克制，最后观影的我只是鼻子酸酸的，就像电影里教员得知噩耗后表面平静，在四合院里踱步来回走一样，此时的我能了解他的心情，心在滴血。好久没有在主旋律作品里见到不是只会喊口号的指导员了，超级能打！还有钢七连的同志们，一场火车里的对手戏就把这些人物们立住了，不愧是你兰晓龙[赞]缺点也有，比如，特效没那么完美，但从电影不用史料这点还是佩服的，结尾给人感觉仓促收尾，意犹未尽，但明显还有第二部，还是继续期待",
      "rating": {
        "count": 1,
        "max": 5,
        "star_count": 5,
        "value": 5
      },
      "sharing_url": "https:\/\/www.douban.com\/doubanapp\/dispatch?uri=\/movie\/25845392\/interest\/3022398830",
      "is_voted": false,
      "uri": "douban:\/\/douban.com\/movie\/25845392\/interest\/3022398830",
      "platforms": [],
      "vote_count": 355,
      "create_time": "2021-09-30 14:17:36",
      "status": "done",
      "user": {
        "loc": null,
        "reg_time": "2021-05-28 16:22:13",
        "followed": false,
        "name": "le serein",
        "avatar_side_icon": "",
        "url": "https:\/\/www.douban.com\/people\/238888146\/",
        "gender": "",
        "uri": "douban:\/\/douban.com\/user\/238888146",
        "avatar": "https://img9.doubanio.com\/icon\/up238888146-4.jpg",
        "id": "238888146",
        "remark": "",
        "in_blacklist": false,
        "is_club": false,
        "type": "user",
        "kind": "user",
        "uid": "238888146"
      },
      "recommend_reason": "",
      "user_done_desc": "",
      "id": "3022398830",
      "wechat_timeline_share": "screenshot"
    },
    {
      "comment": "长，但没必要。视觉观感很累，全片是高潮等于没有高潮。人物形象千篇一律，好像一提硬汉永远就只有这么几个人。总觉得可以更好的，看个纪录片都会哭但看电影完全没感觉。",
      "rating": {
        "count": 1,
        "max": 5,
        "star_count": 3,
        "value": 3
      },
      "sharing_url": "https:\/\/www.douban.com\/doubanapp\/dispatch?uri=\/movie\/25845392\/interest\/3061593835",
      "is_voted": false,
      "uri": "douban:\/\/douban.com\/movie\/25845392\/interest\/3061593835",
      "platforms": [],
      "vote_count": 61,
      "create_time": "2021-10-05 10:30:38",
      "status": "done",
      "user": {
        "loc": null,
        "reg_time": "2021-02-15 10:55:55",
        "followed": false,
        "name": "李长青",
        "avatar_side_icon": "",
        "url": "https:\/\/www.douban.com\/people\/232893526\/",
        "gender": "",
        "uri": "douban:\/\/douban.com\/user\/232893526",
        "avatar": "https://img2.doubanio.com\/icon\/up232893526-1.jpg",
        "id": "232893526",
        "remark": "",
        "in_blacklist": false,
        "is_club": false,
        "type": "user",
        "kind": "user",
        "uid": "232893526"
      },
      "recommend_reason": "",
      "user_done_desc": "",
      "id": "3061593835",
      "wechat_timeline_share": "screenshot"
    },
    {
      "comment": "“这场仗如果我们不打，就是我们下一代要打。我们出生入死，就是为了他们不再打仗。”",
      "rating": {
        "count": 1,
        "max": 5,
        "star_count": 5,
        "value": 5
      },
      "sharing_url": "https:\/\/www.douban.com\/doubanapp\/dispatch?uri=\/movie\/25845392\/interest\/3057104960",
      "is_voted": false,
      "uri": "douban:\/\/douban.com\/movie\/25845392\/interest\/3057104960",
      "platforms": [],
      "vote_count": 227,
      "create_time": "2021-10-05 21:41:44",
      "status": "done",
      "user": {
        "loc": {
          "id": "108288",
          "name": "北京",
          "uid": "beijing"
        },
        "reg_time": "2011-11-06 17:12:20",
        "followed": false,
        "name": "小白兔_萝卜头",
        "avatar_side_icon": "",
        "url": "https:\/\/www.douban.com\/people\/55841234\/",
        "gender": "",
        "uri": "douban:\/\/douban.com\/user\/55841234",
        "avatar": "https://img9.doubanio.com\/icon\/up55841234-5.jpg",
        "id": "55841234",
        "remark": "",
        "in_blacklist": false,
        "is_club": false,
        "type": "user",
        "kind": "user",
        "uid": "55841234"
      },
      "recommend_reason": "",
      "user_done_desc": "",
      "id": "3057104960",
      "wechat_timeline_share": "screenshot"
    },
    {
      "comment": "三个小时电影，才看到半小时就开始哭，宋时轮动员大家奔赴朝鲜的那段，bgm太燃了，看着志愿军身后的“一定要解放台湾”，莫名心酸",
      "rating": {
        "count": 1,
        "max": 5,
        "star_count": 5,
        "value": 5
      },
      "sharing_url": "https:\/\/www.douban.com\/doubanapp\/dispatch?uri=\/movie\/25845392\/interest\/3058074411",
      "is_voted": false,
      "uri": "douban:\/\/douban.com\/movie\/25845392\/interest\/3058074411",
      "platforms": [],
      "vote_count": 63,
      "create_time": "2021-10-10 13:56:47",
      "status": "done",
      "user": {
        "loc": {
          "id": "108288",
          "name": "北京",
          "uid": "beijing"
        },
        "reg_time": "2015-10-10 20:40:45",
        "followed": false,
        "name": "我有一个梦境",
        "avatar_side_icon": "",
        "url": "https:\/\/www.douban.com\/people\/135840445\/",
        "gender": "",
        "uri": "douban:\/\/douban.com\/user\/135840445",
        "avatar": "https://img2.doubanio.com\/icon\/up135840445-2.jpg",
        "id": "135840445",
        "remark": "",
        "in_blacklist": false,
        "is_club": false,
        "type": "user",
        "kind": "user",
        "uid": "xumeng_lily"
      },
      "recommend_reason": "",
      "user_done_desc": "",
      "id": "3058074411",
      "wechat_timeline_share": "screenshot"
    },
    {
      "comment": "让老美见识下啥是人多力量大",
      "rating": {
        "count": 1,
        "max": 5,
        "star_count": 2,
        "value": 2
      },
      "sharing_url": "https:\/\/www.douban.com\/doubanapp\/dispatch?uri=\/movie\/25845392\/interest\/3057670423",
      "is_voted": false,
      "uri": "douban:\/\/douban.com\/movie\/25845392\/interest\/3057670423",
      "platforms": [],
      "vote_count": 67,
      "create_time": "2021-10-02 22:02:12",
      "status": "done",
      "user": {
        "loc": {
          "id": "118166",
          "name": "淮安",
          "uid": "huaian"
        },
        "reg_time": "2018-05-03 17:59:22",
        "followed": false,
        "name": "别逗了",
        "avatar_side_icon": "",
        "url": "https:\/\/www.douban.com\/people\/178193190\/",
        "gender": "M",
        "uri": "douban:\/\/douban.com\/user\/178193190",
        "avatar": "https://img2.doubanio.com\/icon\/up178193190-2.jpg",
        "id": "178193190",
        "remark": "",
        "in_blacklist": false,
        "is_club": false,
        "type": "user",
        "kind": "user",
        "uid": "178193190"
      },
      "recommend_reason": "",
      "user_done_desc": "",
      "id": "3057670423",
      "wechat_timeline_share": "screenshot"
    },
    {
      "comment": "It’s not a movie.",
      "rating": null,
      "sharing_url": "https:\/\/www.douban.com\/doubanapp\/dispatch?uri=\/movie\/25845392\/interest\/3066396819",
      "is_voted": false,
      "uri": "douban:\/\/douban.com\/movie\/25845392\/interest\/3066396819",
      "platforms": [],
      "vote_count": 31,
      "create_time": "2021-10-08 17:57:54",
      "status": "done",
      "user": {
        "loc": {
          "id": "118172",
          "name": "杭州",
          "uid": "hangzhou"
        },
        "reg_time": "2014-06-23 13:56:35",
        "followed": false,
        "name": "CharlesAnyways",
        "avatar_side_icon": "",
        "url": "https:\/\/www.douban.com\/people\/91504508\/",
        "gender": "M",
        "uri": "douban:\/\/douban.com\/user\/91504508",
        "avatar": "https://img1.doubanio.com\/icon\/up91504508-7.jpg",
        "id": "91504508",
        "remark": "",
        "in_blacklist": false,
        "is_club": false,
        "type": "user",
        "kind": "user",
        "uid": "91504508"
      },
      "recommend_reason": "",
      "user_done_desc": "",
      "id": "3066396819",
      "wechat_timeline_share": "screenshot"
    },
    {
      "comment": "太费眼泪了，几乎场场爆满，我旁边坐着老爷爷，老奶奶，旁边的旁边坐着妈妈带着孩子，致敬伟大的中国人民解放军！",
      "rating": {
        "count": 1,
        "max": 5,
        "star_count": 5,
        "value": 5
      },
      "sharing_url": "https:\/\/www.douban.com\/doubanapp\/dispatch?uri=\/movie\/25845392\/interest\/3065550351",
      "is_voted": false,
      "uri": "douban:\/\/douban.com\/movie\/25845392\/interest\/3065550351",
      "platforms": [],
      "vote_count": 57,
      "create_time": "2021-10-07 22:58:10",
      "status": "done",
      "user": {
        "loc": {
          "id": "118204",
          "name": "泉州",
          "uid": "quanzhou"
        },
        "reg_time": "2009-11-12 19:05:49",
        "followed": false,
        "name": "Hello苏慌慌",
        "avatar_side_icon": "",
        "url": "https:\/\/www.douban.com\/people\/24190444\/",
        "gender": "F",
        "uri": "douban:\/\/douban.com\/user\/24190444",
        "avatar": "https://img2.doubanio.com\/icon\/up24190444-3.jpg",
        "id": "24190444",
        "remark": "",
        "in_blacklist": false,
        "is_club": false,
        "type": "user",
        "kind": "user",
        "uid": "huaanhuang"
      },
      "recommend_reason": "",
      "user_done_desc": "",
      "id": "3065550351",
      "wechat_timeline_share": "screenshot"
    },
    {
      "comment": "我们的国家依然是五岳向上一切江河依然是滚滚向东民族的意志永远向前战争是残酷的，希望世界和平，但内心的小我在说美国人日本人英国人不配无论是过去，现在，将来，在我们国家发展的路上都会有敌人，竞争对手想要搞乱中国，颠覆中国，非我族类其心必异，应该时刻保持警惕祝祖国母亲生日快乐",
      "rating": {
        "count": 1,
        "max": 5,
        "star_count": 5,
        "value": 5
      },
      "sharing_url": "https:\/\/www.douban.com\/doubanapp\/dispatch?uri=\/movie\/25845392\/interest\/3055937474",
      "is_voted": false,
      "uri": "douban:\/\/douban.com\/movie\/25845392\/interest\/3055937474",
      "platforms": [],
      "vote_count": 188,
      "create_time": "2021-10-01 12:43:18",
      "status": "done",
      "user": {
        "loc": {
          "id": "118237",
          "name": "郑州",
          "uid": "zhengzhou"
        },
        "reg_time": "2018-10-14 22:23:40",
        "followed": false,
        "name": "L-Horn",
        "avatar_side_icon": "",
        "url": "https:\/\/www.douban.com\/people\/185897371\/",
        "gender": "M",
        "uri": "douban:\/\/douban.com\/user\/185897371",
        "avatar": "https://img1.doubanio.com\/icon\/up185897371-7.jpg",
        "id": "185897371",
        "remark": "",
        "in_blacklist": false,
        "is_club": false,
        "type": "user",
        "kind": "user",
        "uid": "185897371"
      },
      "recommend_reason": "",
      "user_done_desc": "",
      "id": "3055937474",
      "wechat_timeline_share": "screenshot"
    },
    {
      "comment": "吴京就成了主旋律担当了呗，战士们是值得纪念的，但第一场也拍的太浮夸了吧，易烊千玺原地入伍靠扔手雷就成英雄了？？",
      "rating": {
        "count": 1,
        "max": 5,
        "star_count": 3,
        "value": 3
      },
      "sharing_url": "https:\/\/www.douban.com\/doubanapp\/dispatch?uri=\/movie\/25845392\/interest\/3066193053",
      "is_voted": false,
      "uri": "douban:\/\/douban.com\/movie\/25845392\/interest\/3066193053",
      "platforms": [],
      "vote_count": 64,
      "create_time": "2021-10-08 14:20:19",
      "status": "done",
      "user": {
        "loc": {
          "id": "108296",
          "name": "上海",
          "uid": "shanghai"
        },
        "reg_time": "2013-02-14 22:15:34",
        "followed": false,
        "name": "Louis_YY",
        "avatar_side_icon": "",
        "url": "https:\/\/www.douban.com\/people\/69100954\/",
        "gender": "M",
        "uri": "douban:\/\/douban.com\/user\/69100954",
        "avatar": "https://img2.doubanio.com\/icon\/up69100954-1.jpg",
        "id": "69100954",
        "remark": "",
        "in_blacklist": false,
        "is_club": false,
        "type": "user",
        "kind": "user",
        "uid": "69100954"
      },
      "recommend_reason": "",
      "user_done_desc": "",
      "id": "3066193053",
      "wechat_timeline_share": "screenshot"
    },
    {
      "comment": "“为了我们的后代不用打仗”“为了百年后依旧和平”",
      "rating": {
        "count": 1,
        "max": 5,
        "star_count": 5,
        "value": 5
      },
      "sharing_url": "https:\/\/www.douban.com\/doubanapp\/dispatch?uri=\/movie\/25845392\/interest\/2950397378",
      "is_voted": false,
      "uri": "douban:\/\/douban.com\/movie\/25845392\/interest\/2950397378",
      "platforms": [],
      "vote_count": 56,
      "create_time": "2021-10-05 03:29:18",
      "status": "done",
      "user": {
        "loc": null,
        "reg_time": "2020-03-05 19:28:21",
        "followed": false,
        "name": "不吃葡萄说酸",
        "avatar_side_icon": "",
        "url": "https:\/\/www.douban.com\/people\/212914777\/",
        "gender": "",
        "uri": "douban:\/\/douban.com\/user\/212914777",
        "avatar": "https://img2.doubanio.com\/icon\/up212914777-1.jpg",
        "id": "212914777",
        "remark": "",
        "in_blacklist": false,
        "is_club": false,
        "type": "user",
        "kind": "user",
        "uid": "212914777"
      },
      "recommend_reason": "",
      "user_done_desc": "",
      "id": "2950397378",
      "wechat_timeline_share": "screenshot"
    },
    {
      "comment": "目前来看，这应该是国内近10年来场面最大、最壮观的战争片了，美军的压迫感十足，各类服化道也很用心，中段部分的通信塔攻防战相当精彩。但同时影片的文戏就薄弱许多，简单来说就是想拍群像剧但没把握住，繁多的人物视角分散了笔墨，人物刻画流于表面，更像是服务于剧情的套路人设，整体节奏也比较混乱，特别是一些段落的迷之运镜，不知道导演在想啥…没能看到对志愿军战士的深层次刻画还是有点可惜吧。",
      "rating": {
        "count": 1,
        "max": 5,
        "star_count": 4,
        "value": 4
      },
      "sharing_url": "https:\/\/www.douban.com\/doubanapp\/dispatch?uri=\/movie\/25845392\/interest\/3054993607",
      "is_voted": false,
      "uri": "douban:\/\/douban.com\/movie\/25845392\/interest\/3054993607",
      "platforms": [],
      "vote_count": 105,
      "create_time": "2021-09-30 17:40:32",
      "status": "done",
      "user": {
        "loc": {
          "id": "118164",
          "name": "南通",
          "uid": "nantong"
        },
        "reg_time": "2017-06-30 23:24:53",
        "followed": false,
        "name": "刻耳柏洛斯",
        "avatar_side_icon": "",
        "url": "https:\/\/www.douban.com\/people\/163186123\/",
        "gender": "M",
        "uri": "douban:\/\/douban.com\/user\/163186123",
        "avatar": "https://img2.doubanio.com\/icon\/up163186123-2.jpg",
        "id": "163186123",
        "remark": "",
        "in_blacklist": false,
        "is_club": false,
        "type": "user",
        "kind": "user",
        "uid": "163186123"
      },
      "recommend_reason": "",
      "user_done_desc": "",
      "id": "3054993607",
      "wechat_timeline_share": "screenshot"
    }
  ]
}