{
  "count": 20,
  "start": 100,
  "total": 182605,
  "wechat_timeline_share": "screenshot",
  "interests": [
    {
      "comment": "中国所有的主旋律电影就是有个弊端，剧情太差，场景换来换去，节奏很乱，根本没有剧情主线，看完都不知道在讲啥。看中国医生的时候也是这种感觉，整个电影将描绘的很宏大，音乐很庄重，但是讲的东西乱七八糟，什么都挑一点讲，最后什么都没讲。 不要总是挑这些历史事迹卖弄情怀，以为只要拍历史战争片再加些老戏骨就是好电影了，不是说不能拍，要拍就好好的，细细的琢磨，专研剧本和剧情。",
      "rating": {
        "count": 1,
        "max": 5,
        "star_count": 3,
        "value": 3
      },
      "sharing_url": "https:\/\/www.douban.com\/doubanapp\/dispatch?uri=\/movie\/25845392\/interest\/3068957752",
      "is_voted": false,
      "uri": "douban:\/\/douban.com\/movie\/25845392\/interest\/3068957752",
      "platforms": [],
      "vote_count": 148,
      "create_time": "2021-10-10 19:09:06",
      "status": "done",
      "user": {
        "loc": null,
        "reg_time": "2017-12-10 17:30:52",
        "followed": false,
        "name": "minkeymao",
        "avatar_side_icon": "",
        "url": "https:\/\/www.douban.com\/people\/170851615\/",
        "gender": "F",
        "uri": "douban:\/\/douban.com\/user\/170851615",
        "avatar": "https://img2.doubanio.com\/icon\/up170851615-1.jpg",
        "id": "170851615",
        "remark": "",
        "in_blacklist": false,
        "is_club": false,
        "type": "user",
        "kind": "user",
        "uid": "170851615"
      },
      "recommend_reason": "",
      "user_done_desc": "",
      "id": "3068957752",
      "wechat_timeline_share": "screenshot"
    },
    {
      "comment": "兰晓龙没让人失望！此片是中国电影工业的一大进步，三位导演，各把自我风格发挥出来了，突出的是陈凯歌的诗意景象，江村渔火，万里长城，还有在火车内对人物性格的展现，颇有大师之风范；徐克的动作美学,林超贤的军事戏，做的也非常具有观赏性。此片的剧作也是主旋律电影的一大进步，宏观命题与微观情绪的并存，小人物团体为主角，真是把好莱坞的优点算是学过来了，这点兰晓龙功居其首。当然，影片也有很多不足之处（个人认为黄建新让兰晓龙做了妥协）：家国生存与个人生存融合地不好、志愿军精神以及战争残酷性表达地不充分；宏观戏过多，导致人物性格没立足；结尾处理太差；特效一般，音乐铺的过满，三个导演的风格不是很统一。",
      "rating": {
        "count": 1,
        "max": 5,
        "star_count": 4,
        "value": 4
      },
      "sharing_url": "https:\/\/www.douban.com\/doubanapp\/dispatch?uri=\/movie\/25845392\/interest\/3054996692",
      "is_voted": false,
      "uri": "douban:\/\/douban.com\/movie\/25845392\/interest\/3054996692",
      "platforms": [],
      "vote_count": 302,
      "create_time": "2021-09-30 17:44:06",
      "status": "done",
      "user": {
        "loc": {
          "id": "118220",
          "name": "济南",
          "uid": "jinan"
        },
        "reg_time": "2018-08-10 13:13:44",
        "followed": false,
        "name": "伍迪的萨克斯",
        "avatar_side_icon": "",
        "url": "https:\/\/www.douban.com\/people\/182621622\/",
        "gender": "M",
        "uri": "douban:\/\/douban.com\/user\/182621622",
        "avatar": "https://img2.doubanio.com\/icon\/up182621622-53.jpg",
        "id": "182621622",
        "remark": "",
        "in_blacklist": false,
        "is_club": false,
        "type": "user",
        "kind": "user",
        "uid": "182621622"
      },
      "recommend_reason": "",
      "user_done_desc": "",
      "id": "3054996692",
      "wechat_timeline_share": "screenshot"
    },
    {
      "comment": "刚入朝在干河坝的石头那场戏我紧张得差点窒息了",
      "rating": {
        "count": 1,
        "max": 5,
        "star_count": 4,
        "value": 4
      },
      "sharing_url": "https:\/\/www.douban.com\/doubanapp\/dispatch?uri=\/movie\/25845392\/interest\/3056486899",
      "is_voted": false,
      "uri": "douban:\/\/douban.com\/movie\/25845392\/interest\/3056486899",
      "platforms": [],
      "vote_count": 242,
      "create_time": "2021-10-01 20:40:09",
      "status": "done",
      "user": {
        "loc": null,
        "reg_time": "2017-06-02 15:30:35",
        "followed": false,
        "name": "Damian",
        "avatar_side_icon": "",
        "url": "https:\/\/www.douban.com\/people\/162063966\/",
        "gender": "U",
        "uri": "douban:\/\/douban.com\/user\/162063966",
        "avatar": "https://img1.doubanio.com\/icon\/up162063966-9.jpg",
        "id": "162063966",
        "remark": "",
        "in_blacklist": false,
        "is_club": false,
        "type": "user",
        "kind": "user",
        "uid": "162063966"
      },
      "recommend_reason": "",
      "user_done_desc": "",
      "id": "3056486899",
      "wechat_timeline_share": "screenshot"
    },
    {
      "comment": "很失望，煽情部分太多，剧情有点混乱，有些地方特效一般般，提前离场了。",
      "rating": {
        "count": 1,
        "max": 5,
        "star_count": 3,
        "value": 3
      },
      "sharing_url": "https:\/\/www.douban.com\/doubanapp\/dispatch?uri=\/movie\/25845392\/interest\/3039369343",
      "is_voted": false,
      "uri": "douban:\/\/douban.com\/movie\/25845392\/interest\/3039369343",
      "platforms": [],
      "vote_count": 367,
      "create_time": "2021-10-01 17:36:02",
      "status": "done",
      "user": {
        "loc": {
          "id": "118282",
          "name": "深圳",
          "uid": "shenzhen"
        },
        "reg_time": "2013-10-17 23:38:37",
        "followed": false,
        "name": "无处安放",
        "avatar_side_icon": "",
        "url": "https:\/\/www.douban.com\/people\/79108907\/",
        "gender": "M",
        "uri": "douban:\/\/douban.com\/user\/79108907",
        "avatar": "https://img1.doubanio.com\/icon\/up79108907-7.jpg",
        "id": "79108907",
        "remark": "",
        "in_blacklist": false,
        "is_club": false,
        "type": "user",
        "kind": "user",
        "uid": "79108907"
      },
      "recommend_reason": "",
      "user_done_desc": "",
      "id": "3039369343",
      "wechat_timeline_share": "screenshot"
    },
    {
      "comment": "13亿的大制作，结果开头的特效假的直接让人出戏。。。",
      "rating": {
        "count": 1,
        "max": 5,
        "star_count": 3,
        "value": 3
      },
      "sharing_url": "https:\/\/www.douban.com\/doubanapp\/dispatch?uri=\/movie\/25845392\/interest\/3061519969",
      "is_voted": false,
      "uri": "douban:\/\/douban.com\/movie\/25845392\/interest\/3061519969",
      "platforms": [],
      "vote_count": 180,
      "create_time": "2021-10-05 09:02:11",
      "status": "done",
      "user": {
        "loc": {
          "id": "118254",
          "name": "武汉",
          "uid": "wuhan"
        },
        "reg_time": "2017-07-31 09:02:26",
        "followed": false,
        "name": "水淼i",
        "avatar_side_icon": "",
        "url": "https:\/\/www.douban.com\/people\/164566608\/",
        "gender": "M",
        "uri": "douban:\/\/douban.com\/user\/164566608",
        "avatar": "https://img2.doubanio.com\/icon\/up164566608-1.jpg",
        "id": "164566608",
        "remark": "",
        "in_blacklist": false,
        "is_club": false,
        "type": "user",
        "kind": "user",
        "uid": "164566608"
      },
      "recommend_reason": "",
      "user_done_desc": "",
      "id": "3061519969",
      "wechat_timeline_share": "screenshot"
    },
    {
      "comment": "好几个画面还是感动的湿了，几个演员都演得挺好。总体有个感受，不管拍的如何，只要实打实把资源砸进去，这么波澜壮阔的朝鲜战争，如此有现实教育意义的一次胜利，拍他十部八部都不为过。人老美打输的战争拍的都比这多，舆论宣传的阵地要勇敢的抢滩登陆！",
      "rating": {
        "count": 1,
        "max": 5,
        "star_count": 4,
        "value": 4
      },
      "sharing_url": "https:\/\/www.douban.com\/doubanapp\/dispatch?uri=\/movie\/25845392\/interest\/3055054599",
      "is_voted": false,
      "uri": "douban:\/\/douban.com\/movie\/25845392\/interest\/3055054599",
      "platforms": [],
      "vote_count": 369,
      "create_time": "2021-09-30 18:52:47",
      "status": "done",
      "user": {
        "loc": {
          "id": "118207",
          "name": "龙岩",
          "uid": "longyan"
        },
        "reg_time": "2008-06-03 21:15:46",
        "followed": false,
        "name": "silva",
        "avatar_side_icon": "",
        "url": "https:\/\/www.douban.com\/people\/2552890\/",
        "gender": "",
        "uri": "douban:\/\/douban.com\/user\/2552890",
        "avatar": "https://img2.doubanio.com\/icon\/up2552890-3.jpg",
        "id": "2552890",
        "remark": "",
        "in_blacklist": false,
        "is_club": false,
        "type": "user",
        "kind": "user",
        "uid": "Winterfell"
      },
      "recommend_reason": "",
      "user_done_desc": "",
      "id": "3055054599",
      "wechat_timeline_share": "screenshot"
    },
    {
      "comment": "直接比喻成：中国男篮和美国男篮打至平手，加时赛最后体力不支，阵容厚度不佳，小比分惜败的即视感。美国男篮此战过后，从此再也不会小瞧中国男篮…",
      "rating": {
        "count": 1,
        "max": 5,
        "star_count": 5,
        "value": 5
      },
      "sharing_url": "https:\/\/www.douban.com\/doubanapp\/dispatch?uri=\/movie\/25845392\/interest\/2567112101",
      "is_voted": false,
      "uri": "douban:\/\/douban.com\/movie\/25845392\/interest\/2567112101",
      "platforms": [],
      "vote_count": 404,
      "create_time": "2021-10-01 01:28:55",
      "status": "done",
      "user": {
        "loc": {
          "id": "118282",
          "name": "深圳",
          "uid": "shenzhen"
        },
        "reg_time": "2011-04-28 12:05:13",
        "followed": false,
        "name": "邓吖Don",
        "avatar_side_icon": "",
        "url": "https:\/\/www.douban.com\/people\/51185877\/",
        "gender": "M",
        "uri": "douban:\/\/douban.com\/user\/51185877",
        "avatar": "https://img1.doubanio.com\/icon\/up51185877-17.jpg",
        "id": "51185877",
        "remark": "",
        "in_blacklist": false,
        "is_club": false,
        "type": "user",
        "kind": "user",
        "uid": "dondeng1989"
      },
      "recommend_reason": "",
      "user_done_desc": "",
      "id": "2567112101",
      "wechat_timeline_share": "screenshot"
    },
    {
      "comment": "是电影长津湖，不是历史长津湖",
      "rating": {
        "count": 1,
        "max": 5,
        "star_count": 3,
        "value": 3
      },
      "sharing_url": "https:\/\/www.douban.com\/doubanapp\/dispatch?uri=\/movie\/25845392\/interest\/3065101723",
      "is_voted": false,
      "uri": "douban:\/\/douban.com\/movie\/25845392\/interest\/3065101723",
      "platforms": [],
      "vote_count": 165,
      "create_time": "2021-10-07 17:54:58",
      "status": "done",
      "user": {
        "loc": {
          "id": "108296",
          "name": "上海",
          "uid": "shanghai"
        },
        "reg_time": "2007-05-23 20:25:47",
        "followed": false,
        "name": "jxy",
        "avatar_side_icon": "",
        "url": "https:\/\/www.douban.com\/people\/1569233\/",
        "gender": "U",
        "uri": "douban:\/\/douban.com\/user\/1569233",
        "avatar": "https://img9.doubanio.com\/icon\/up1569233-5.jpg",
        "id": "1569233",
        "remark": "",
        "in_blacklist": false,
        "is_club": false,
        "type": "user",
        "kind": "user",
        "uid": "1569233"
      },
      "recommend_reason": "",
      "user_done_desc": "",
      "id": "3065101723",
      "wechat_timeline_share": "screenshot"
    },
    {
      "comment": "虽是主旋律，但惊喜连连。印象最深刻的是，在战士的眼中看到了害怕。",
      "rating": {
        "count": 1,
        "max": 5,
        "star_count": 5,
        "value": 5
      },
      "sharing_url": "https:\/\/www.douban.com\/doubanapp\/dispatch?uri=\/movie\/25845392\/interest\/3052831216",
      "is_voted": false,
      "uri": "douban:\/\/douban.com\/movie\/25845392\/interest\/3052831216",
      "platforms": [],
      "vote_count": 1542,
      "create_time": "2021-09-28 17:40:46",
      "status": "done",
      "user": {
        "loc": {
          "id": "131626",
          "name": "British Indian Ocean Territory",
          "uid": "131626"
        },
        "reg_time": "2008-12-23 09:02:56",
        "followed": false,
        "name": "嘚叔",
        "avatar_side_icon": "",
        "url": "https:\/\/www.douban.com\/people\/3391216\/",
        "gender": "M",
        "uri": "douban:\/\/douban.com\/user\/3391216",
        "avatar": "https://img1.doubanio.com\/icon\/up3391216-7.jpg",
        "id": "3391216",
        "remark": "",
        "in_blacklist": false,
        "is_club": false,
        "type": "user",
        "kind": "user",
        "uid": "xsyn"
      },
      "recommend_reason": "",
      "user_done_desc": "",
      "id": "3052831216",
      "wechat_timeline_share": "screenshot"
    },
    {
      "comment": "没想过他能完全还原史实，因为不可能。只论影片质量，打的很激烈，但大场景太绿幕了，一眼假。人物塑造也逃脱不了英雄气概的脸谱化，我给两星半",
      "rating": {
        "count": 1,
        "max": 5,
        "star_count": 3,
        "value": 3
      },
      "sharing_url": "https:\/\/www.douban.com\/doubanapp\/dispatch?uri=\/movie\/25845392\/interest\/3050876533",
      "is_voted": false,
      "uri": "douban:\/\/douban.com\/movie\/25845392\/interest\/3050876533",
      "platforms": [],
      "vote_count": 272,
      "create_time": "2021-09-26 22:16:07",
      "status": "done",
      "user": {
        "loc": {
          "id": "108289",
          "name": "天津",
          "uid": "tianjin"
        },
        "reg_time": "2018-02-24 02:54:28",
        "followed": false,
        "name": "kate y",
        "avatar_side_icon": "",
        "url": "https:\/\/www.douban.com\/people\/174480925\/",
        "gender": "F",
        "uri": "douban:\/\/douban.com\/user\/174480925",
        "avatar": "https://img2.doubanio.com\/icon\/up174480925-1.jpg",
        "id": "174480925",
        "remark": "",
        "in_blacklist": false,
        "is_club": false,
        "type": "user",
        "kind": "user",
        "uid": "174480925"
      },
      "recommend_reason": "",
      "user_done_desc": "",
      "id": "3050876533",
      "wechat_timeline_share": "screenshot"
    },
    {
      "comment": "三个导演各拍一部分，没有整合好。想展现的线太多，宏观线没有讲清楚，微观各线之间没有很好的联系，看的有点一头雾水。片长过长，且不是很有必要，略显拖沓。优点是没有矮化丑化敌人。之前有一个评价褒贬不一总体来说中庸之作的战争片，《决战中途岛》，被戏谑为ppt式电影。我觉得能写一个好ppt也不错啊，至少我把来龙去脉前因后果了解的很清楚，算上了一堂历史课吧。这片子哪怕能这样拍呢？看完观众都一头雾水。志愿军赢了没懂为什么赢，志愿军艰难的地方也没懂为什么艰难，美军阿尔蒙德和史密斯部队之间的矛盾也没讲清楚。",
      "rating": {
        "count": 1,
        "max": 5,
        "star_count": 2,
        "value": 2
      },
      "sharing_url": "https:\/\/www.douban.com\/doubanapp\/dispatch?uri=\/movie\/25845392\/interest\/3057626795",
      "is_voted": false,
      "uri": "douban:\/\/douban.com\/movie\/25845392\/interest\/3057626795",
      "platforms": [],
      "vote_count": 262,
      "create_time": "2021-10-02 17:16:22",
      "status": "done",
      "user": {
        "loc": {
          "id": "118163",
          "name": "苏州",
          "uid": "suzhou"
        },
        "reg_time": "2008-09-25 18:46:14",
        "followed": false,
        "name": "clover",
        "avatar_side_icon": "",
        "url": "https:\/\/www.douban.com\/people\/2962037\/",
        "gender": "F",
        "uri": "douban:\/\/douban.com\/user\/2962037",
        "avatar": "https://img2.doubanio.com\/icon\/up2962037-2.jpg",
        "id": "2962037",
        "remark": "",
        "in_blacklist": false,
        "is_club": false,
        "type": "user",
        "kind": "user",
        "uid": "2962037"
      },
      "recommend_reason": "",
      "user_done_desc": "",
      "id": "3057626795",
      "wechat_timeline_share": "screenshot"
    },
    {
      "comment": "《论卡轴的战略重要性》《丰碑》。和一群这个时代的人一起在杜比全景声厅里泪流满面。为了下一代远离硝烟，英雄们把热血融进疆土，这个故事是悲壮的离歌，更是燃烧的史诗。观影完毕久久不能平静，看完片尾字幕听完片尾曲后就是志愿军军歌，真的有种大银幕连接了两个时空的感觉，很触动。还有就是，群像做得非常好，长城那段画面是高光之一，多美的国土，值得为之而战。",
      "rating": {
        "count": 1,
        "max": 5,
        "star_count": 5,
        "value": 5
      },
      "sharing_url": "https:\/\/www.douban.com\/doubanapp\/dispatch?uri=\/movie\/25845392\/interest\/3054154359",
      "is_voted": false,
      "uri": "douban:\/\/douban.com\/movie\/25845392\/interest\/3054154359",
      "platforms": [],
      "vote_count": 1840,
      "create_time": "2021-09-29 22:26:40",
      "status": "done",
      "user": {
        "loc": {
          "id": "118281",
          "name": "广州",
          "uid": "guangzhou"
        },
        "reg_time": "2012-08-04 13:45:43",
        "followed": false,
        "name": "咚咕隆锵",
        "avatar_side_icon": "",
        "url": "https:\/\/www.douban.com\/people\/63615891\/",
        "gender": "F",
        "uri": "douban:\/\/douban.com\/user\/63615891",
        "avatar": "https://img2.doubanio.com\/icon\/up63615891-12.jpg",
        "id": "63615891",
        "remark": "",
        "in_blacklist": false,
        "is_club": false,
        "type": "user",
        "kind": "user",
        "uid": "Geminiyo"
      },
      "recommend_reason": "",
      "user_done_desc": "",
      "id": "3054154359",
      "wechat_timeline_share": "screenshot"
    },
    {
      "comment": "战争片的宏大被展现的淋漓尽致，所有人物都有很好的刻画，尤其是易烊千玺饰演的万里拥有完整的成长线，他也完美演绎出了万里经过残酷的战争后，从少年到成熟，从江边野孩子变成了一个真正的兵的过程！片中祖国河山的部分超级美，应该是凯歌导演拍的，为了这大好河山我们必须打这场仗！看完后不夸张的说，《长津湖》是我看过的战争片中拍的最好的！也是为数不多拍摄抗美援朝的电影！伟大的志愿军们，永远是最可爱的人！",
      "rating": {
        "count": 1,
        "max": 5,
        "star_count": 5,
        "value": 5
      },
      "sharing_url": "https:\/\/www.douban.com\/doubanapp\/dispatch?uri=\/movie\/25845392\/interest\/2780935095",
      "is_voted": false,
      "uri": "douban:\/\/douban.com\/movie\/25845392\/interest\/2780935095",
      "platforms": [],
      "vote_count": 1343,
      "create_time": "2021-09-30 06:24:25",
      "status": "done",
      "user": {
        "loc": {
          "id": "118221",
          "name": "青岛",
          "uid": "qingdao"
        },
        "reg_time": "2017-10-18 22:39:21",
        "followed": false,
        "name": "点ggg",
        "avatar_side_icon": "",
        "url": "https:\/\/www.douban.com\/people\/168366231\/",
        "gender": "F",
        "uri": "douban:\/\/douban.com\/user\/168366231",
        "avatar": "https://img9.doubanio.com\/icon\/up168366231-5.jpg",
        "id": "168366231",
        "remark": "",
        "in_blacklist": false,
        "is_club": false,
        "type": "user",
        "kind": "user",
        "uid": "168366231"
      },
      "recommend_reason": "",
      "user_done_desc": "",
      "id": "2780935095",
      "wechat_timeline_share": "screenshot"
    },
    {
      "comment": "冗长而又充斥着枪炮爆炸的战斗对观众太不友好了，根本就看不明白几个小段的战术目标是啥就切来切去。特效和爆炸除了开头的舰炮齐射外真的称不上大制作，果然预告片只选最好的一段是吗。几段战斗给人的感觉还是和知乎上说得一样，导演都想不明白为什么能赢，就只能拍成几个战士超强的个人能力和人海战术一冲就完了，还是得要有真的会打仗的人来监制啊。全片整体上就只表现了一场战役和简陋的中共高层讨论(毛主席一拍板就完了)，根本就没涉及到中美苏的三国博弈和朝战全过程的形势变化，归根结底还是一部赞美解放军战士作风优良处境艰难但有信仰加持从而战胜强大敌人的老调重弹，很难让人有深刻的感触啊。(结尾的一幕颇有些邓艾偷渡阴平结果撞见诸葛亮废弃的营寨的味道，就有一种小农\/天朝的智慧终究还是胜过洋鬼子的感觉，有些小家子气了。",
      "rating": {
        "count": 1,
        "max": 5,
        "star_count": 3,
        "value": 3
      },
      "sharing_url": "https:\/\/www.douban.com\/doubanapp\/dispatch?uri=\/movie\/25845392\/interest\/3056423470",
      "is_voted": false,
      "uri": "douban:\/\/douban.com\/movie\/25845392\/interest\/3056423470",
      "platforms": [],
      "vote_count": 306,
      "create_time": "2021-10-01 19:52:08",
      "status": "done",
      "user": {
        "loc": null,
        "reg_time": "2017-02-18 16:23:42",
        "followed": false,
        "name": "两百斤不含头丶",
        "avatar_side_icon": "",
        "url": "https:\/\/www.douban.com\/people\/157977645\/",
        "gender": "",
        "uri": "douban:\/\/douban.com\/user\/157977645",
        "avatar": "https://img2.doubanio.com\/icon\/up157977645-2.jpg",
        "id": "157977645",
        "remark": "",
        "in_blacklist": false,
        "is_club": false,
        "type": "user",
        "kind": "user",
        "uid": "157977645"
      },
      "recommend_reason": "",
      "user_done_desc": "",
      "id": "3056423470",
      "wechat_timeline_share": "screenshot"
    },
    {
      "comment": "没有金刚川那么能代入情绪，不过胡军演的真好，摸着鼻子和脖子里流出的血的害怕的表情，小人物就是应该怕死然后有些事情又必须要去做，这样才够真实。吴京中规中矩，段奕宏也是。我想不明白为何非要用人命去堆出战争的胜利，确实在装备大幅度落后的情况下就得靠意志，但是他们自己就真的愿意牺牲吗？有没有别的途径呢？不得而知。那个年代，又感人又悲壮又无奈。",
      "rating": {
        "count": 1,
        "max": 5,
        "star_count": 4,
        "value": 4
      },
      "sharing_url": "https:\/\/www.douban.com\/doubanapp\/dispatch?uri=\/movie\/25845392\/interest\/3069215954",
      "is_voted": false,
      "uri": "douban:\/\/douban.com\/movie\/25845392\/interest\/3069215954",
      "platforms": [],
      "vote_count": 113,
      "create_time": "2021-10-10 22:12:59",
      "status": "done",
      "user": {
        "loc": {
          "id": "118159",
          "name": "南京",
          "uid": "nanjing"
        },
        "reg_time": "2016-12-16 01:19:04",
        "followed": false,
        "name": "你看起来很好吃",
        "avatar_side_icon": "",
        "url": "https:\/\/www.douban.com\/people\/155087560\/",
        "gender": "F",
        "uri": "douban:\/\/douban.com\/user\/155087560",
        "avatar": "https://img2.doubanio.com\/icon\/user_large_f.jpg",
        "id": "155087560",
        "remark": "",
        "in_blacklist": false,
        "is_club": false,
        "type": "user",
        "kind": "user",
        "uid": "155087560"
      },
      "recommend_reason": "",
      "user_done_desc": "",
      "id": "3069215954",
      "wechat_timeline_share": "screenshot"
    },
    {
      "comment": "今天来看了长津湖，有些感受，不涉及剧情的透漏，因此写下来。电影中给我两个感受颇深的点。第一点，圣诞节那天，中国军队和美国军队伙食的巨大反差，让人真的心疼我国志愿军，但丝毫不影响他们作战和快乐的心情，所以优越的物质条件并不是决定成败的根本因素，有时候人的意志才是。第二点，不知道大家对于我国从朝鲜运回烈士遗骸有何感受。但这次我深切感受到运回烈士遗骸的必要性。这些烈士在他们那个时代，也有精彩的人生，但他们为了祖国，去异国他乡战斗，为国捐躯，献出自己宝贵和本该精彩的人生，后人真的应该永远铭记他们，把他们遗骸送回祖国大地也是后代子孙应该做的，他们值得，这也是我们对历史做出贡献的人的尊重，是跨越时空的尊重。",
      "rating": {
        "count": 1,
        "max": 5,
        "star_count": 5,
        "value": 5
      },
      "sharing_url": "https:\/\/www.douban.com\/doubanapp\/dispatch?uri=\/movie\/25845392\/interest\/3053901545",
      "is_voted": false,
      "uri": "douban:\/\/douban.com\/movie\/25845392\/interest\/3053901545",
      "platforms": [],
      "vote_count": 1283,
      "create_time": "2021-09-29 18:07:14",
      "status": "done",
      "user": {
        "loc": {
          "id": "108288",
          "name": "北京",
          "uid": "beijing"
        },
        "reg_time": "2017-11-10 18:52:41",
        "followed": false,
        "name": "Mr.NotHere",
        "avatar_side_icon": "",
        "url": "https:\/\/www.douban.com\/people\/169451000\/",
        "gender": "M",
        "uri": "douban:\/\/douban.com\/user\/169451000",
        "avatar": "https://img1.doubanio.com\/icon\/up169451000-8.jpg",
        "id": "169451000",
        "remark": "",
        "in_blacklist": false,
        "is_club": false,
        "type": "user",
        "kind": "user",
        "uid": "169451000"
      },
      "recommend_reason": "",
      "user_done_desc": "",
      "id": "3053901545",
      "wechat_timeline_share": "screenshot"
    },
    {
      "comment": "我知道，所有的战争都是惨烈的，但一直以来，我所感知的“惨烈”都是不可名状的。《长津湖》最大程度还原了抗美援朝战争的真实情境，其中多处战争场面令人心惊、令人震撼、令人悲痛。战场把人变成鬼。开着战斗机的美国大兵，对着“死尸”扫射，只是为了打发时间、做个无聊赌约。活着的时候是侩子手，死去之后又是鞭尸人。与天斗是为了与人斗。零下40℃的极寒天气，隐藏在大大小小谷壑中的中国军人，他们和老天爷对抗着，只为同意欲抢夺祖国疆土的美国士兵较量。没有打不死的英雄。资本主义的战争遍地是杀人机器，而我们只有一波又一波的血肉之躯。坦克、迫击炮、火箭筒，在枪林弹雨里，我们能用的武器太少也太小。上了战场的都是英雄，但他们却不是打不死的。电影只是历史的一个缩影，背后的惨烈不敢想象。新中国来之不易！致敬中国军人！",
      "rating": {
        "count": 1,
        "max": 5,
        "star_count": 5,
        "value": 5
      },
      "sharing_url": "https:\/\/www.douban.com\/doubanapp\/dispatch?uri=\/movie\/25845392\/interest\/3058098841",
      "is_voted": false,
      "uri": "douban:\/\/douban.com\/movie\/25845392\/interest\/3058098841",
      "platforms": [],
      "vote_count": 269,
      "create_time": "2021-10-02 22:55:04",
      "status": "done",
      "user": {
        "loc": null,
        "reg_time": "2020-02-06 18:07:58",
        "followed": false,
        "name": "那就豆花吧",
        "avatar_side_icon": "",
        "url": "https:\/\/www.douban.com\/people\/210492335\/",
        "gender": "F",
        "uri": "douban:\/\/douban.com\/user\/210492335",
        "avatar": "https://img2.doubanio.com\/icon\/up210492335-1.jpg",
        "id": "210492335",
        "remark": "",
        "in_blacklist": false,
        "is_club": false,
        "type": "user",
        "kind": "user",
        "uid": "210492335"
      },
      "recommend_reason": "",
      "user_done_desc": "",
      "id": "3058098841",
      "wechat_timeline_share": "screenshot"
    },
    {
      "comment": "“你为什么会来朝鲜打仗?”这个问题处理的很好，陈凯歌用突然出现的万里河山，就让观众和伍万里一起受到了情感冲击，把整一场冲突用非常自然又动人的方式收尾了。不得不说陈凯歌很绝第七穿插连的前期群像太棒了，但是后面的结局有点草率了。其他支线就不做评论了",
      "rating": {
        "count": 1,
        "max": 5,
        "star_count": 4,
        "value": 4
      },
      "sharing_url": "https:\/\/www.douban.com\/doubanapp\/dispatch?uri=\/movie\/25845392\/interest\/3055811653",
      "is_voted": false,
      "uri": "douban:\/\/douban.com\/movie\/25845392\/interest\/3055811653",
      "platforms": [],
      "vote_count": 197,
      "create_time": "2021-10-01 10:43:30",
      "status": "done",
      "user": {
        "loc": {
          "id": "118281",
          "name": "广州",
          "uid": "guangzhou"
        },
        "reg_time": "2019-03-08 15:46:39",
        "followed": false,
        "name": "ssssssesame",
        "avatar_side_icon": "",
        "url": "https:\/\/www.douban.com\/people\/193025001\/",
        "gender": "F",
        "uri": "douban:\/\/douban.com\/user\/193025001",
        "avatar": "https://img2.doubanio.com\/icon\/up193025001-1.jpg",
        "id": "193025001",
        "remark": "",
        "in_blacklist": false,
        "is_club": false,
        "type": "user",
        "kind": "user",
        "uid": "193025001"
      },
      "recommend_reason": "",
      "user_done_desc": "",
      "id": "3055811653",
      "wechat_timeline_share": "screenshot"
    },
    {
      "comment": "总的来说就是感觉电影没有交代清楚长津湖的战略意义，就是一味的打打打，战略目的也只是提一嘴。",
      "rating": {
        "count": 1,
        "max": 5,
        "star_count": 3,
        "value": 3
      },
      "sharing_url": "https:\/\/www.douban.com\/doubanapp\/dispatch?uri=\/movie\/25845392\/interest\/3058678164",
      "is_voted": false,
      "uri": "douban:\/\/douban.com\/movie\/25845392\/interest\/3058678164",
      "platforms": [],
      "vote_count": 198,
      "create_time": "2021-10-03 11:28:57",
      "status": "done",
      "user": {
        "loc": null,
        "reg_time": "2021-07-06 15:41:30",
        "followed": false,
        "name": "小瓜子",
        "avatar_side_icon": "",
        "url": "https:\/\/www.douban.com\/people\/241320373\/",
        "gender": "F",
        "uri": "douban:\/\/douban.com\/user\/241320373",
        "avatar": "https://img2.doubanio.com\/icon\/up241320373-2.jpg",
        "id": "241320373",
        "remark": "",
        "in_blacklist": false,
        "is_club": false,
        "type": "user",
        "kind": "user",
        "uid": "241320373"
      },
      "recommend_reason": "",
      "user_done_desc": "",
      "id": "3058678164",
      "wechat_timeline_share": "screenshot"
    },
    {
      "comment": "和我爸一起看的，开始时他突然靠过来说：你爷爷曾经参加过抗美援朝，也是第二批入朝的。",
      "rating": {
        "count": 1,
        "max": 5,
        "star_count": 4,
        "value": 4
      },
      "sharing_url": "https:\/\/www.douban.com\/doubanapp\/dispatch?uri=\/movie\/25845392\/interest\/3061347094",
      "is_voted": false,
      "uri": "douban:\/\/douban.com\/movie\/25845392\/interest\/3061347094",
      "platforms": [],
      "vote_count": 122,
      "create_time": "2021-10-05 01:29:51",
      "status": "done",
      "user": {
        "loc": {
          "id": "118408",
          "name": "乌鲁木齐",
          "uid": "wulumuqi"
        },
        "reg_time": "2007-09-23 23:32:33",
        "followed": false,
        "name": "F小星♡",
        "avatar_side_icon": "",
        "url": "https:\/\/www.douban.com\/people\/1864932\/",
        "gender": "F",
        "uri": "douban:\/\/douban.com\/user\/1864932",
        "avatar": "https://img9.doubanio.com\/icon\/up1864932-46.jpg",
        "id": "1864932",
        "remark": "",
        "in_blacklist": false,
        "is_club": false,
        "type": "user",
        "kind": "user",
        "uid": "vivi112"
      },
      "recommend_reason": "",
      "user_done_desc": "",
      "id": "3061347094",
      "wechat_timeline_share": "screenshot"
    }
  ]
}