{
  "count": 20,
  "start": 60,
  "total": 182605,
  "wechat_timeline_share": "screenshot",
  "interests": [
    {
      "comment": "开头特效直接看傻眼 剧情碎得我直接懵逼 结尾看完到泪点 三个小时 哭不出来  吴京是中国人的大男主吗？ 三位拍得这么烂对得起抗美援朝志愿军吗？ 胡军 段奕宏 演技太牛 yyqx的角色存在的意义是什么？必须要每一个片都有成长的历程吗？这还是战争片？",
      "rating": {
        "count": 1,
        "max": 5,
        "star_count": 2,
        "value": 2
      },
      "sharing_url": "https:\/\/www.douban.com\/doubanapp\/dispatch?uri=\/movie\/25845392\/interest\/3062146958",
      "is_voted": false,
      "uri": "douban:\/\/douban.com\/movie\/25845392\/interest\/3062146958",
      "platforms": [],
      "vote_count": 508,
      "create_time": "2021-10-05 18:19:02",
      "status": "done",
      "user": {
        "loc": null,
        "reg_time": "2019-09-30 13:46:31",
        "followed": false,
        "name": "Alice Klein",
        "avatar_side_icon": "",
        "url": "https:\/\/www.douban.com\/people\/204615467\/",
        "gender": "U",
        "uri": "douban:\/\/douban.com\/user\/204615467",
        "avatar": "https://img3.doubanio.com\/icon\/up204615467-10.jpg",
        "id": "204615467",
        "remark": "",
        "in_blacklist": false,
        "is_club": false,
        "type": "user",
        "kind": "user",
        "uid": "204615467"
      },
      "recommend_reason": "",
      "user_done_desc": "",
      "id": "3062146958",
      "wechat_timeline_share": "screenshot"
    },
    {
      "comment": "想讲的太多，结果是一个也没讲好。剪辑混乱 ，特效低廉，情感线离谱，陈凯歌你还是把我对于你那点仅有的尊敬败光了。",
      "rating": {
        "count": 1,
        "max": 5,
        "star_count": 2,
        "value": 2
      },
      "sharing_url": "https:\/\/www.douban.com\/doubanapp\/dispatch?uri=\/movie\/25845392\/interest\/3022322020",
      "is_voted": false,
      "uri": "douban:\/\/douban.com\/movie\/25845392\/interest\/3022322020",
      "platforms": [],
      "vote_count": 529,
      "create_time": "2021-10-03 09:04:59",
      "status": "done",
      "user": {
        "loc": {
          "id": "108296",
          "name": "上海",
          "uid": "shanghai"
        },
        "reg_time": "2018-02-17 00:36:08",
        "followed": false,
        "name": "Ramen",
        "avatar_side_icon": "",
        "url": "https:\/\/www.douban.com\/people\/174078678\/",
        "gender": "",
        "uri": "douban:\/\/douban.com\/user\/174078678",
        "avatar": "https://img2.doubanio.com\/icon\/up174078678-1.jpg",
        "id": "174078678",
        "remark": "",
        "in_blacklist": false,
        "is_club": false,
        "type": "user",
        "kind": "user",
        "uid": "174078678"
      },
      "recommend_reason": "",
      "user_done_desc": "",
      "id": "3022322020",
      "wechat_timeline_share": "screenshot"
    },
    {
      "comment": "有多久没看到兰晓龙的编剧作品就有多期待《长津湖》，真的完全出乎意料的满意！整体故事相当完整，每个角色的线都很丰满。伍千里，伍万里，余从戎，谈子为，梅生，雷睢生，平河……少见的战争片能让我记住每个角色的名字，既文雅又饱含着期待和寓意。而且演员与角色契合度堪称完美，从不同角度呈现了他们为什么是最可爱的人，把一个连队的生命力表现得淋漓尽致。最让人关注的战争场面，是实打实的震撼，战场身临其境的特效超级棒，三个导演有在互相补足，贡献了超强搭配。IMAX首选，萎靡了一年的电影院，终于要迎来燃炸的国庆档！",
      "rating": {
        "count": 1,
        "max": 5,
        "star_count": 4,
        "value": 4
      },
      "sharing_url": "https:\/\/www.douban.com\/doubanapp\/dispatch?uri=\/movie\/25845392\/interest\/3054523083",
      "is_voted": false,
      "uri": "douban:\/\/douban.com\/movie\/25845392\/interest\/3054523083",
      "platforms": [],
      "vote_count": 1170,
      "create_time": "2021-09-30 09:27:49",
      "status": "done",
      "user": {
        "loc": {
          "id": "108296",
          "name": "上海",
          "uid": "shanghai"
        },
        "reg_time": "2015-07-22 11:42:38",
        "followed": false,
        "name": "噗呲噗呲好多鱼",
        "avatar_side_icon": "",
        "url": "https:\/\/www.douban.com\/people\/131849470\/",
        "gender": "F",
        "uri": "douban:\/\/douban.com\/user\/131849470",
        "avatar": "https://img1.doubanio.com\/icon\/up131849470-18.jpg",
        "id": "131849470",
        "remark": "",
        "in_blacklist": false,
        "is_club": false,
        "type": "user",
        "kind": "user",
        "uid": "131849470"
      },
      "recommend_reason": "",
      "user_done_desc": "",
      "id": "3054523083",
      "wechat_timeline_share": "screenshot"
    },
    {
      "comment": "一如既往的套路…民族情绪煽动真的ok…fine…观影的时候一直在思考：第一，无谓牺牲是否存在？第二，历史战争题材电影在刻画敌军形象时，那些可憎、傲慢、戏谑模样是否已成刻板印象，是拍出群众喜闻乐见的主色调，还是更侧重历史的真实性还原性（真实会传达给民众吗）。第三，对比中美军队处境，一边吃着火鸡喜迎圣诞，一边薄棉严寒磕掉牙的土豆。可先进、强大、后勤保障能力强有错吗？这样对比又想渲染什么？回家路上我想明白了第三点：强大并无过错，但其作用在于保护与发展，是人类文明进程中的必然。杀戮、掠夺、侵占才是恶，而用强大实力去浇灌恶的生长，就是敌军所做之事，也是先辈们以血肉奋力抗争之事。",
      "rating": {
        "count": 1,
        "max": 5,
        "star_count": 3,
        "value": 3
      },
      "sharing_url": "https:\/\/www.douban.com\/doubanapp\/dispatch?uri=\/movie\/25845392\/interest\/3058180959",
      "is_voted": false,
      "uri": "douban:\/\/douban.com\/movie\/25845392\/interest\/3058180959",
      "platforms": [],
      "vote_count": 405,
      "create_time": "2021-10-02 23:39:08",
      "status": "done",
      "user": {
        "loc": {
          "id": "118173",
          "name": "宁波",
          "uid": "ningbo"
        },
        "reg_time": "2021-01-22 18:45:09",
        "followed": false,
        "name": "仿生NING",
        "avatar_side_icon": "",
        "url": "https:\/\/www.douban.com\/people\/231100431\/",
        "gender": "F",
        "uri": "douban:\/\/douban.com\/user\/231100431",
        "avatar": "https://img9.doubanio.com\/icon\/up231100431-6.jpg",
        "id": "231100431",
        "remark": "",
        "in_blacklist": false,
        "is_club": false,
        "type": "user",
        "kind": "user",
        "uid": "231100431"
      },
      "recommend_reason": "",
      "user_done_desc": "",
      "id": "3058180959",
      "wechat_timeline_share": "screenshot"
    },
    {
      "comment": "好片子，剪坏了。",
      "rating": {
        "count": 1,
        "max": 5,
        "star_count": 3,
        "value": 3
      },
      "sharing_url": "https:\/\/www.douban.com\/doubanapp\/dispatch?uri=\/movie\/25845392\/interest\/3054849380",
      "is_voted": false,
      "uri": "douban:\/\/douban.com\/movie\/25845392\/interest\/3054849380",
      "platforms": [],
      "vote_count": 498,
      "create_time": "2021-09-30 15:18:15",
      "status": "done",
      "user": {
        "loc": null,
        "reg_time": "2018-06-01 21:43:46",
        "followed": false,
        "name": "LGB-",
        "avatar_side_icon": "",
        "url": "https:\/\/www.douban.com\/people\/179385873\/",
        "gender": "",
        "uri": "douban:\/\/douban.com\/user\/179385873",
        "avatar": "https://img2.doubanio.com\/icon\/up179385873-2.jpg",
        "id": "179385873",
        "remark": "",
        "in_blacklist": false,
        "is_club": false,
        "type": "user",
        "kind": "user",
        "uid": "179385873"
      },
      "recommend_reason": "",
      "user_done_desc": "",
      "id": "3054849380",
      "wechat_timeline_share": "screenshot"
    },
    {
      "comment": "这是一段值得所有中国人铭记的历史。开头就有汹涌的泪水夺眶而出，他们是最可爱的人！作为一部战争片，私以为《长津湖》是可以比得上《血战钢锯岭》的了。",
      "rating": {
        "count": 1,
        "max": 5,
        "star_count": 5,
        "value": 5
      },
      "sharing_url": "https:\/\/www.douban.com\/doubanapp\/dispatch?uri=\/movie\/25845392\/interest\/3054186132",
      "is_voted": false,
      "uri": "douban:\/\/douban.com\/movie\/25845392\/interest\/3054186132",
      "platforms": [],
      "vote_count": 2832,
      "create_time": "2021-09-29 22:52:09",
      "status": "done",
      "user": {
        "loc": {
          "id": "118281",
          "name": "广州",
          "uid": "guangzhou"
        },
        "reg_time": "2011-02-09 01:10:20",
        "followed": false,
        "name": "1种小欢乐゜",
        "avatar_side_icon": "",
        "url": "https:\/\/www.douban.com\/people\/49298258\/",
        "gender": "F",
        "uri": "douban:\/\/douban.com\/user\/49298258",
        "avatar": "https://img2.doubanio.com\/icon\/up49298258-2.jpg",
        "id": "49298258",
        "remark": "",
        "in_blacklist": false,
        "is_club": false,
        "type": "user",
        "kind": "user",
        "uid": "49298258"
      },
      "recommend_reason": "",
      "user_done_desc": "",
      "id": "3054186132",
      "wechat_timeline_share": "screenshot"
    },
    {
      "comment": "三星给演员的演技和配乐。接近三个小时的剧情太散碎，有些人物甚至都不怎么刻画就便当了，终究还是商业片。特效也太尬了，美国空军那部分蚌埠住了。唯一的惊喜就是音乐了，与大部分剧情相得益彰，更好的感染观众",
      "rating": {
        "count": 1,
        "max": 5,
        "star_count": 3,
        "value": 3
      },
      "sharing_url": "https:\/\/www.douban.com\/doubanapp\/dispatch?uri=\/movie\/25845392\/interest\/3054848182",
      "is_voted": false,
      "uri": "douban:\/\/douban.com\/movie\/25845392\/interest\/3054848182",
      "platforms": [],
      "vote_count": 373,
      "create_time": "2021-09-30 15:16:58",
      "status": "done",
      "user": {
        "loc": {
          "id": "118172",
          "name": "杭州",
          "uid": "hangzhou"
        },
        "reg_time": "2021-03-30 14:50:08",
        "followed": false,
        "name": "大河狸",
        "avatar_side_icon": "",
        "url": "https:\/\/www.douban.com\/people\/235298555\/",
        "gender": "",
        "uri": "douban:\/\/douban.com\/user\/235298555",
        "avatar": "https://img9.doubanio.com\/icon\/up235298555-16.jpg",
        "id": "235298555",
        "remark": "",
        "in_blacklist": false,
        "is_club": false,
        "type": "user",
        "kind": "user",
        "uid": "235298555"
      },
      "recommend_reason": "",
      "user_done_desc": "",
      "id": "3054848182",
      "wechat_timeline_share": "screenshot"
    },
    {
      "comment": "有幸观看首映，且不说抗美援朝精神带来的感动和震撼，单说这部电影本身，观感非常非常爽，此前最为担心将近三个小时的时长会拖沓和让人疲惫，但176分钟看完绝对还是意犹未尽，甚至找不出任何尿点。必须说这是国产电影史上最牛逼的战争片，制作绝对不输任何国际大片。最棒的是战争戏，除了令人震撼的视觉效果和大场面之外，难得将节奏也拍得逻辑条理清楚收放自如，全程紧张握紧小手。陈凯歌把控的人物塑造也非常好，寥寥几笔主配角性格都塑造得非常生动，还有车厢外万里江山的浪漫，没有刻意煽情但赚足了眼泪。各位主演也都稳稳的。",
      "rating": {
        "count": 1,
        "max": 5,
        "star_count": 5,
        "value": 5
      },
      "sharing_url": "https:\/\/www.douban.com\/doubanapp\/dispatch?uri=\/movie\/25845392\/interest\/2628723009",
      "is_voted": false,
      "uri": "douban:\/\/douban.com\/movie\/25845392\/interest\/2628723009",
      "platforms": [],
      "vote_count": 2637,
      "create_time": "2021-09-27 19:45:35",
      "status": "done",
      "user": {
        "loc": {
          "id": "108296",
          "name": "上海",
          "uid": "shanghai"
        },
        "reg_time": "2009-06-21 18:42:47",
        "followed": false,
        "name": "Mr.Candy",
        "avatar_side_icon": "",
        "url": "https:\/\/www.douban.com\/people\/4455652\/",
        "gender": "F",
        "uri": "douban:\/\/douban.com\/user\/4455652",
        "avatar": "https://img9.doubanio.com\/icon\/up4455652-4.jpg",
        "id": "4455652",
        "remark": "",
        "in_blacklist": false,
        "is_club": false,
        "type": "user",
        "kind": "user",
        "uid": "mrcandy"
      },
      "recommend_reason": "",
      "user_done_desc": "",
      "id": "2628723009",
      "wechat_timeline_share": "screenshot"
    },
    {
      "comment": "看了首映之后 真的最直观的感受就是完全担得起是近些年来最好的战争电影 无论是画面还是拍摄以及演员们的演绎 都太真诚了 太好看了 真的很绝 真的感谢革命先烈们的奉献 正因为有了千千万万先烈们的奉献 才换的我们如今和平年代的幸福 志愿军战士们永远都是最可爱的人 所幸如今的繁华盛世没有辜负他们的付出",
      "rating": {
        "count": 1,
        "max": 5,
        "star_count": 5,
        "value": 5
      },
      "sharing_url": "https:\/\/www.douban.com\/doubanapp\/dispatch?uri=\/movie\/25845392\/interest\/3050414078",
      "is_voted": false,
      "uri": "douban:\/\/douban.com\/movie\/25845392\/interest\/3050414078",
      "platforms": [],
      "vote_count": 2542,
      "create_time": "2021-09-26 14:33:06",
      "status": "done",
      "user": {
        "loc": {
          "id": "118209",
          "name": "南昌",
          "uid": "nanchang"
        },
        "reg_time": "2016-02-29 19:12:48",
        "followed": false,
        "name": "逢凉",
        "avatar_side_icon": "",
        "url": "https:\/\/www.douban.com\/people\/142626831\/",
        "gender": "F",
        "uri": "douban:\/\/douban.com\/user\/142626831",
        "avatar": "https://img1.doubanio.com\/icon\/up142626831-9.jpg",
        "id": "142626831",
        "remark": "",
        "in_blacklist": false,
        "is_club": false,
        "type": "user",
        "kind": "user",
        "uid": "142626831"
      },
      "recommend_reason": "",
      "user_done_desc": "",
      "id": "3050414078",
      "wechat_timeline_share": "screenshot"
    },
    {
      "comment": "千玺棒棒的！！！视觉效果超赞！感觉跟《1950他们正年轻》搭一起看超好哭",
      "rating": {
        "count": 1,
        "max": 5,
        "star_count": 5,
        "value": 5
      },
      "sharing_url": "https:\/\/www.douban.com\/doubanapp\/dispatch?uri=\/movie\/25845392\/interest\/2711678503",
      "is_voted": false,
      "uri": "douban:\/\/douban.com\/movie\/25845392\/interest\/2711678503",
      "platforms": [],
      "vote_count": 2678,
      "create_time": "2021-09-29 15:08:26",
      "status": "done",
      "user": {
        "loc": {
          "id": "108288",
          "name": "北京",
          "uid": "beijing"
        },
        "reg_time": "2018-01-26 08:52:06",
        "followed": false,
        "name": "DramaEva",
        "avatar_side_icon": "",
        "url": "https:\/\/www.douban.com\/people\/173103349\/",
        "gender": "F",
        "uri": "douban:\/\/douban.com\/user\/173103349",
        "avatar": "https://img9.doubanio.com\/icon\/up173103349-4.jpg",
        "id": "173103349",
        "remark": "",
        "in_blacklist": false,
        "is_club": false,
        "type": "user",
        "kind": "user",
        "uid": "173103349"
      },
      "recommend_reason": "",
      "user_done_desc": "",
      "id": "2711678503",
      "wechat_timeline_share": "screenshot"
    },
    {
      "comment": "电影毫无结构 段落化太明显 对剧情没有帮助的打斗戏太多 体验非常差。关键角色的口音不符合人设 吴京和千玺都是湖州兄弟 可是一口京腔。很多片段是音乐先行 剧情还没到高潮 音乐就已经拉满 煽情煽到恶心",
      "rating": {
        "count": 1,
        "max": 5,
        "star_count": 1,
        "value": 1
      },
      "sharing_url": "https:\/\/www.douban.com\/doubanapp\/dispatch?uri=\/movie\/25845392\/interest\/3062487072",
      "is_voted": false,
      "uri": "douban:\/\/douban.com\/movie\/25845392\/interest\/3062487072",
      "platforms": [],
      "vote_count": 1738,
      "create_time": "2021-10-05 22:18:21",
      "status": "done",
      "user": {
        "loc": {
          "id": "108288",
          "name": "北京",
          "uid": "beijing"
        },
        "reg_time": "2009-01-28 01:29:01",
        "followed": false,
        "name": "落花时节再吃鸡",
        "avatar_side_icon": "",
        "url": "https:\/\/www.douban.com\/people\/3548787\/",
        "gender": "F",
        "uri": "douban:\/\/douban.com\/user\/3548787",
        "avatar": "https://img1.doubanio.com\/icon\/up3548787-8.jpg",
        "id": "3548787",
        "remark": "",
        "in_blacklist": false,
        "is_club": false,
        "type": "user",
        "kind": "user",
        "uid": "3548787"
      },
      "recommend_reason": "",
      "user_done_desc": "",
      "id": "3062487072",
      "wechat_timeline_share": "screenshot"
    },
    {
      "comment": "钢七连前传，听到第多少个兵就忍不住想哭。兰晓龙终于出山了，他的台词太有个人特色了，等你和康导的冬与狮！",
      "rating": {
        "count": 1,
        "max": 5,
        "star_count": 5,
        "value": 5
      },
      "sharing_url": "https:\/\/www.douban.com\/doubanapp\/dispatch?uri=\/movie\/25845392\/interest\/2578226741",
      "is_voted": false,
      "uri": "douban:\/\/douban.com\/movie\/25845392\/interest\/2578226741",
      "platforms": [],
      "vote_count": 4,
      "create_time": "2021-10-17 23:27:22",
      "status": "done",
      "user": {
        "loc": {
          "id": "108288",
          "name": "北京",
          "uid": "beijing"
        },
        "reg_time": "2008-02-13 14:43:59",
        "followed": false,
        "name": "Bella",
        "avatar_side_icon": "",
        "url": "https:\/\/www.douban.com\/people\/2232720\/",
        "gender": "",
        "uri": "douban:\/\/douban.com\/user\/2232720",
        "avatar": "https://img9.doubanio.com\/icon\/up2232720-54.jpg",
        "id": "2232720",
        "remark": "",
        "in_blacklist": false,
        "is_club": false,
        "type": "user",
        "kind": "user",
        "uid": "yuenyuen"
      },
      "recommend_reason": "",
      "user_done_desc": "",
      "id": "2578226741",
      "wechat_timeline_share": "screenshot"
    },
    {
      "comment": "今天看了长津湖，有一句话特别触动，这一场仗我们不打，我们下一代就要打。我不说别人，就我自己，不能想象，如果现在的时代是战乱的年代，会如何？不能想，也想不出来。战士他们的想法好简单，也很实在，就是因为我的家乡会收到侵犯，得之不易的幸福会被破坏，他们毅然而然离开家乡，奔赴战场，在零下三十四十的温度下，吃着冻土豆，隐蔽在冰天雪地里一动不动，有的人冻死冻伤，甚至都没有机会正面敌人。有一幕，敌军飞机监察，他们伪装成死尸，然而敌军两人十块钱的比试，导致他们被扫射，他们受伤了也一动不动，生怕动了连累其他同志，这是多大的意志和信仰。他们都是英雄，是最可爱的人。",
      "rating": {
        "count": 1,
        "max": 5,
        "star_count": 5,
        "value": 5
      },
      "sharing_url": "https:\/\/www.douban.com\/doubanapp\/dispatch?uri=\/movie\/25845392\/interest\/3058962279",
      "is_voted": false,
      "uri": "douban:\/\/douban.com\/movie\/25845392\/interest\/3058962279",
      "platforms": [],
      "vote_count": 550,
      "create_time": "2021-10-03 15:40:13",
      "status": "done",
      "user": {
        "loc": {
          "id": "108296",
          "name": "上海",
          "uid": "shanghai"
        },
        "reg_time": "2019-07-31 19:41:43",
        "followed": false,
        "name": "豆友200838658",
        "avatar_side_icon": "",
        "url": "https:\/\/www.douban.com\/people\/200838658\/",
        "gender": "F",
        "uri": "douban:\/\/douban.com\/user\/200838658",
        "avatar": "https://img2.doubanio.com\/icon\/user_large_f.jpg",
        "id": "200838658",
        "remark": "",
        "in_blacklist": false,
        "is_club": false,
        "type": "user",
        "kind": "user",
        "uid": "200838658"
      },
      "recommend_reason": "",
      "user_done_desc": "",
      "id": "3058962279",
      "wechat_timeline_share": "screenshot"
    },
    {
      "comment": "这要是历史纪录片，还原的有滋有味。这要是一部描述战争的电影，我只能说看了等于没看。",
      "rating": {
        "count": 1,
        "max": 5,
        "star_count": 3,
        "value": 3
      },
      "sharing_url": "https:\/\/www.douban.com\/doubanapp\/dispatch?uri=\/movie\/25845392\/interest\/3057105830",
      "is_voted": false,
      "uri": "douban:\/\/douban.com\/movie\/25845392\/interest\/3057105830",
      "platforms": [],
      "vote_count": 299,
      "create_time": "2021-10-02 09:18:52",
      "status": "done",
      "user": {
        "loc": null,
        "reg_time": "2018-10-24 13:41:54",
        "followed": false,
        "name": "咕噜咕噜Q",
        "avatar_side_icon": "",
        "url": "https:\/\/www.douban.com\/people\/186345069\/",
        "gender": "",
        "uri": "douban:\/\/douban.com\/user\/186345069",
        "avatar": "https://img2.doubanio.com\/icon\/up186345069-1.jpg",
        "id": "186345069",
        "remark": "",
        "in_blacklist": false,
        "is_club": false,
        "type": "user",
        "kind": "user",
        "uid": "186345069"
      },
      "recommend_reason": "",
      "user_done_desc": "",
      "id": "3057105830",
      "wechat_timeline_share": "screenshot"
    },
    {
      "comment": "兰晓龙没让人失望！此片是中国电影工业的一大进步，三位导演，各把自我风格发挥出来了，突出的是陈凯歌的诗意景象，江村渔火，万里长城，还有在火车内对人物性格的展现，颇有大师之风范；徐克的动作美学,林超贤的军事戏，做的也非常具有观赏性。此片的剧作也是主旋律电影的一大进步，宏观命题与微观情绪的并存，小人物团体为主角，真是把好莱坞的优点算是学过来了，这点兰晓龙功居其首。当然，影片也有很多不足之处（个人认为黄建新让兰晓龙做了妥协）：家国生存与个人生存融合地不好、志愿军精神以及战争残酷性表达地不充分；宏观戏过多，导致人物性格没立足；结尾处理太差；特效一般，音乐铺的过满，三个导演的风格不是很统一。",
      "rating": {
        "count": 1,
        "max": 5,
        "star_count": 4,
        "value": 4
      },
      "sharing_url": "https:\/\/www.douban.com\/doubanapp\/dispatch?uri=\/movie\/25845392\/interest\/3054996692",
      "is_voted": false,
      "uri": "douban:\/\/douban.com\/movie\/25845392\/interest\/3054996692",
      "platforms": [],
      "vote_count": 302,
      "create_time": "2021-09-30 17:44:06",
      "status": "done",
      "user": {
        "loc": {
          "id": "118220",
          "name": "济南",
          "uid": "jinan"
        },
        "reg_time": "2018-08-10 13:13:44",
        "followed": false,
        "name": "伍迪的萨克斯",
        "avatar_side_icon": "",
        "url": "https:\/\/www.douban.com\/people\/182621622\/",
        "gender": "M",
        "uri": "douban:\/\/douban.com\/user\/182621622",
        "avatar": "https://img2.doubanio.com\/icon\/up182621622-53.jpg",
        "id": "182621622",
        "remark": "",
        "in_blacklist": false,
        "is_club": false,
        "type": "user",
        "kind": "user",
        "uid": "182621622"
      },
      "recommend_reason": "",
      "user_done_desc": "",
      "id": "3054996692",
      "wechat_timeline_share": "screenshot"
    },
    {
      "comment": "累了…失望…一星送给抗美援朝的战士，一星送给剧组全员的付出。顺便补充，号称流浪地球之后的第二个牛逼的长镜头真没Get到哪里牛逼了…感觉像是镜头时间没留够，特效做上去时间不够长，然后24帧强行升格导致的廉价的抽帧…长镜头内给每个人甩的特写节奏也很奇怪…",
      "rating": {
        "count": 1,
        "max": 5,
        "star_count": 2,
        "value": 2
      },
      "sharing_url": "https:\/\/www.douban.com\/doubanapp\/dispatch?uri=\/movie\/25845392\/interest\/3058181245",
      "is_voted": false,
      "uri": "douban:\/\/douban.com\/movie\/25845392\/interest\/3058181245",
      "platforms": [],
      "vote_count": 423,
      "create_time": "2021-10-02 23:39:18",
      "status": "done",
      "user": {
        "loc": {
          "id": "118318",
          "name": "成都",
          "uid": "chengdu"
        },
        "reg_time": "2020-12-31 14:56:57",
        "followed": false,
        "name": "普通影迷",
        "avatar_side_icon": "",
        "url": "https:\/\/www.douban.com\/people\/229391951\/",
        "gender": "M",
        "uri": "douban:\/\/douban.com\/user\/229391951",
        "avatar": "https://img2.doubanio.com\/icon\/up229391951-2.jpg",
        "id": "229391951",
        "remark": "",
        "in_blacklist": false,
        "is_club": false,
        "type": "user",
        "kind": "user",
        "uid": "229391951"
      },
      "recommend_reason": "",
      "user_done_desc": "",
      "id": "3058181245",
      "wechat_timeline_share": "screenshot"
    },
    {
      "comment": "万里这个角色，有点儿牵强，还是感觉加入这个角色是为了电影市场和流量，在整体故事线中，真可有可无，没那么重要；三个小时的电影，总体来说，还是蛮紧凑的，节奏把控不错，最喜欢胡军饰演的“雷爹”这个角色，很真实！",
      "rating": {
        "count": 1,
        "max": 5,
        "star_count": 3,
        "value": 3
      },
      "sharing_url": "https:\/\/www.douban.com\/doubanapp\/dispatch?uri=\/movie\/25845392\/interest\/3057103878",
      "is_voted": false,
      "uri": "douban:\/\/douban.com\/movie\/25845392\/interest\/3057103878",
      "platforms": [],
      "vote_count": 301,
      "create_time": "2021-10-02 09:20:49",
      "status": "done",
      "user": {
        "loc": {
          "id": "108288",
          "name": "北京",
          "uid": "beijing"
        },
        "reg_time": "2020-08-25 23:46:35",
        "followed": false,
        "name": "皮皮米",
        "avatar_side_icon": "",
        "url": "https:\/\/www.douban.com\/people\/222220784\/",
        "gender": "F",
        "uri": "douban:\/\/douban.com\/user\/222220784",
        "avatar": "https://img2.doubanio.com\/icon\/up222220784-1.jpg",
        "id": "222220784",
        "remark": "",
        "in_blacklist": false,
        "is_club": false,
        "type": "user",
        "kind": "user",
        "uid": "222220784"
      },
      "recommend_reason": "",
      "user_done_desc": "",
      "id": "3057103878",
      "wechat_timeline_share": "screenshot"
    },
    {
      "comment": "外公参加过长津湖战役，看到了外公的影子，那场战役能够活下来已经很难了。战争镜头真好看",
      "rating": {
        "count": 1,
        "max": 5,
        "star_count": 5,
        "value": 5
      },
      "sharing_url": "https:\/\/www.douban.com\/doubanapp\/dispatch?uri=\/movie\/25845392\/interest\/3059856469",
      "is_voted": false,
      "uri": "douban:\/\/douban.com\/movie\/25845392\/interest\/3059856469",
      "platforms": [],
      "vote_count": 497,
      "create_time": "2021-10-04 02:10:41",
      "status": "done",
      "user": {
        "loc": {
          "id": "118339",
          "name": "贵阳",
          "uid": "guiyang"
        },
        "reg_time": "2010-05-03 18:35:18",
        "followed": false,
        "name": "Hanks Young",
        "avatar_side_icon": "",
        "url": "https:\/\/www.douban.com\/people\/40126830\/",
        "gender": "M",
        "uri": "douban:\/\/douban.com\/user\/40126830",
        "avatar": "https://img9.doubanio.com\/icon\/up40126830-4.jpg",
        "id": "40126830",
        "remark": "",
        "in_blacklist": false,
        "is_club": false,
        "type": "user",
        "kind": "user",
        "uid": "40126830"
      },
      "recommend_reason": "",
      "user_done_desc": "",
      "id": "3059856469",
      "wechat_timeline_share": "screenshot"
    },
    {
      "comment": "王树增的纪实小说《朝鲜战争》读过好几遍，其他的相关纪录片也看过不少。打得一拳开，免得百拳来，71年前，240多万年轻的中国人民志愿军将士保家卫国，慷慨赴朝。这一段谜一般的波澜壮阔的历史深深吸引着我。电影《长津湖》是久久期盼的一场电影，我看得热血沸腾，非常感动：零下40度气温的盖马高原战场，美军有极地型驼绒防寒大衣和鸭绒睡袋、有肉和菜，冰天雪地里的志愿军战士身上只穿着单薄的棉衣，只有一颗冻得如石头一般坚硬的土豆，拼命还得受冻挨饿！他们是最可爱的人，就是在这样极端严酷的条件下，他们打出了钢少气多的志愿军气概，打出了军威国威。致敬中国人民志愿军将士！",
      "rating": {
        "count": 1,
        "max": 5,
        "star_count": 5,
        "value": 5
      },
      "sharing_url": "https:\/\/www.douban.com\/doubanapp\/dispatch?uri=\/movie\/25845392\/interest\/3054134354",
      "is_voted": false,
      "uri": "douban:\/\/douban.com\/movie\/25845392\/interest\/3054134354",
      "platforms": [],
      "vote_count": 2406,
      "create_time": "2021-09-29 22:10:53",
      "status": "done",
      "user": {
        "loc": {
          "id": "108288",
          "name": "北京",
          "uid": "beijing"
        },
        "reg_time": "2017-01-19 22:12:30",
        "followed": false,
        "name": "北京的深秋",
        "avatar_side_icon": "",
        "url": "https:\/\/www.douban.com\/people\/156632214\/",
        "gender": "",
        "uri": "douban:\/\/douban.com\/user\/156632214",
        "avatar": "https://img2.doubanio.com\/icon\/up156632214-2.jpg",
        "id": "156632214",
        "remark": "",
        "in_blacklist": false,
        "is_club": false,
        "type": "user",
        "kind": "user",
        "uid": "156632214"
      },
      "recommend_reason": "",
      "user_done_desc": "",
      "id": "3054134354",
      "wechat_timeline_share": "screenshot"
    },
    {
      "comment": "176分钟的历史回顾，场面应该是国产片至今最大的(至少是我看的电影里面是最壮观的)，事件叙述很清晰，人物特色很鲜明，没有以往看的战争电影的那种快节奏或者画面切换过多过乱。这样主旋律的电影请一年一部，当下的和平时光都是前人的牺牲换来的，铭记历史，壮大祖国，是对他们最好的报答。场外提醒，看电影前一定要少喝水和上厕所。可以的话，观影途中请别刷手机，既是对电影对历史的尊重，也是对旁人的尊重。",
      "rating": {
        "count": 1,
        "max": 5,
        "star_count": 5,
        "value": 5
      },
      "sharing_url": "https:\/\/www.douban.com\/doubanapp\/dispatch?uri=\/movie\/25845392\/interest\/3054175196",
      "is_voted": false,
      "uri": "douban:\/\/douban.com\/movie\/25845392\/interest\/3054175196",
      "platforms": [],
      "vote_count": 2484,
      "create_time": "2021-09-29 22:43:24",
      "status": "done",
      "user": {
        "loc": null,
        "reg_time": "2019-10-31 08:32:43",
        "followed": false,
        "name": "不正坐标系",
        "avatar_side_icon": "",
        "url": "https:\/\/www.douban.com\/people\/206089818\/",
        "gender": "",
        "uri": "douban:\/\/douban.com\/user\/206089818",
        "avatar": "https://img2.doubanio.com\/icon\/up206089818-1.jpg",
        "id": "206089818",
        "remark": "",
        "in_blacklist": false,
        "is_club": false,
        "type": "user",
        "kind": "user",
        "uid": "206089818"
      },
      "recommend_reason": "",
      "user_done_desc": "",
      "id": "3054175196",
      "wechat_timeline_share": "screenshot"
    }
  ]
}