{
  "count": 20,
  "start": 80,
  "total": 182605,
  "wechat_timeline_share": "screenshot",
  "interests": [
    {
      "comment": "没看会后悔 三个小时一点也不长 群像很好人物立体 很震撼",
      "rating": {
        "count": 1,
        "max": 5,
        "star_count": 5,
        "value": 5
      },
      "sharing_url": "https:\/\/www.douban.com\/doubanapp\/dispatch?uri=\/movie\/25845392\/interest\/2767747350",
      "is_voted": false,
      "uri": "douban:\/\/douban.com\/movie\/25845392\/interest\/2767747350",
      "platforms": [],
      "vote_count": 1204,
      "create_time": "2021-09-30 17:48:48",
      "status": "done",
      "user": {
        "loc": null,
        "reg_time": "2019-03-18 17:46:51",
        "followed": false,
        "name": "汐",
        "avatar_side_icon": "",
        "url": "https:\/\/www.douban.com\/people\/193581046\/",
        "gender": "",
        "uri": "douban:\/\/douban.com\/user\/193581046",
        "avatar": "https://img2.doubanio.com\/icon\/up193581046-1.jpg",
        "id": "193581046",
        "remark": "",
        "in_blacklist": false,
        "is_club": false,
        "type": "user",
        "kind": "user",
        "uid": "193581046"
      },
      "recommend_reason": "",
      "user_done_desc": "",
      "id": "2767747350",
      "wechat_timeline_share": "screenshot"
    },
    {
      "comment": "香港导演们，使命…没有必达。段奕宏表演最佳。",
      "rating": {
        "count": 1,
        "max": 5,
        "star_count": 3,
        "value": 3
      },
      "sharing_url": "https:\/\/www.douban.com\/doubanapp\/dispatch?uri=\/movie\/25845392\/interest\/3051750012",
      "is_voted": false,
      "uri": "douban:\/\/douban.com\/movie\/25845392\/interest\/3051750012",
      "platforms": [],
      "vote_count": 305,
      "create_time": "2021-09-27 17:54:21",
      "status": "done",
      "user": {
        "loc": {
          "id": "118281",
          "name": "广州",
          "uid": "guangzhou"
        },
        "reg_time": "2010-11-16 14:30:33",
        "followed": false,
        "name": "康斯坦",
        "avatar_side_icon": "",
        "url": "https:\/\/www.douban.com\/people\/47435721\/",
        "gender": "F",
        "uri": "douban:\/\/douban.com\/user\/47435721",
        "avatar": "https://img2.doubanio.com\/icon\/up47435721-21.jpg",
        "id": "47435721",
        "remark": "",
        "in_blacklist": false,
        "is_club": false,
        "type": "user",
        "kind": "user",
        "uid": "piano27"
      },
      "recommend_reason": "",
      "user_done_desc": "",
      "id": "3051750012",
      "wechat_timeline_share": "screenshot"
    },
    {
      "comment": "电影的整体水平我觉得在介于《八佰》和《红海》之间，算是很有诚意的战争大片。故事背景交代的还挺清楚，对于不了解抗美援朝战争的观众很友好。战争场景很真实宏大，有三场大型的战役刻画的很鲜明和残酷，画面的推进很震撼，虽然不是3D的，片子所呈现出的立体感，完全可以做到沉浸式观影。人物塑造每个角色都很鲜明，起码是立体的，不像《中国医生》人物都是扁平化。四字弟弟从初入军队到最后的结尾，有很清晰的成长线。吴京就还是《战狼》那样，胡军和朱亚文正常发挥，李晨再一次证明了不会演戏，让我特别惊喜的是韩东君竟然是有演技的，他可以走欧豪那种路线哎，其他角色基本都是工具人，没啥可说的。没有想到一个战争片笑点竟然很多，突然就有那么一下子打破了战争压抑的氛围。缺点就是文戏和战争戏有割裂感，这也是联合导演造成的通病，",
      "rating": {
        "count": 1,
        "max": 5,
        "star_count": 3,
        "value": 3
      },
      "sharing_url": "https:\/\/www.douban.com\/doubanapp\/dispatch?uri=\/movie\/25845392\/interest\/3051458536",
      "is_voted": false,
      "uri": "douban:\/\/douban.com\/movie\/25845392\/interest\/3051458536",
      "platforms": [],
      "vote_count": 251,
      "create_time": "2021-09-27 13:31:43",
      "status": "done",
      "user": {
        "loc": {
          "id": "108288",
          "name": "北京",
          "uid": "beijing"
        },
        "reg_time": "2015-02-11 23:01:13",
        "followed": false,
        "name": "青川",
        "avatar_side_icon": "",
        "url": "https:\/\/www.douban.com\/people\/121400848\/",
        "gender": "M",
        "uri": "douban:\/\/douban.com\/user\/121400848",
        "avatar": "https://img2.doubanio.com\/icon\/up121400848-1.jpg",
        "id": "121400848",
        "remark": "",
        "in_blacklist": false,
        "is_club": false,
        "type": "user",
        "kind": "user",
        "uid": "121400848"
      },
      "recommend_reason": "",
      "user_done_desc": "",
      "id": "3051458536",
      "wechat_timeline_share": "screenshot"
    },
    {
      "comment": "没有我想象中好看吧，也有可能是想通过一些轻松幽默的场面化解战争的苦痛？感觉更像是贺岁片（不知道该用什么词）",
      "rating": {
        "count": 1,
        "max": 5,
        "star_count": 3,
        "value": 3
      },
      "sharing_url": "https:\/\/www.douban.com\/doubanapp\/dispatch?uri=\/movie\/25845392\/interest\/3055797199",
      "is_voted": false,
      "uri": "douban:\/\/douban.com\/movie\/25845392\/interest\/3055797199",
      "platforms": [],
      "vote_count": 237,
      "create_time": "2021-10-01 10:29:10",
      "status": "done",
      "user": {
        "loc": null,
        "reg_time": "2017-06-13 00:05:32",
        "followed": false,
        "name": "Aurora",
        "avatar_side_icon": "",
        "url": "https:\/\/www.douban.com\/people\/162467906\/",
        "gender": "",
        "uri": "douban:\/\/douban.com\/user\/162467906",
        "avatar": "https://img2.doubanio.com\/icon\/up162467906-1.jpg",
        "id": "162467906",
        "remark": "",
        "in_blacklist": false,
        "is_club": false,
        "type": "user",
        "kind": "user",
        "uid": "162467906"
      },
      "recommend_reason": "",
      "user_done_desc": "",
      "id": "3055797199",
      "wechat_timeline_share": "screenshot"
    },
    {
      "comment": "中国所有的主旋律电影就是有个弊端，剧情太差，场景换来换去，节奏很乱，根本没有剧情主线，看完都不知道在讲啥。看中国医生的时候也是这种感觉，整个电影将描绘的很宏大，音乐很庄重，但是讲的东西乱七八糟，什么都挑一点讲，最后什么都没讲。 不要总是挑这些历史事迹卖弄情怀，以为只要拍历史战争片再加些老戏骨就是好电影了，不是说不能拍，要拍就好好的，细细的琢磨，专研剧本和剧情。",
      "rating": {
        "count": 1,
        "max": 5,
        "star_count": 3,
        "value": 3
      },
      "sharing_url": "https:\/\/www.douban.com\/doubanapp\/dispatch?uri=\/movie\/25845392\/interest\/3068957752",
      "is_voted": false,
      "uri": "douban:\/\/douban.com\/movie\/25845392\/interest\/3068957752",
      "platforms": [],
      "vote_count": 148,
      "create_time": "2021-10-10 19:09:06",
      "status": "done",
      "user": {
        "loc": null,
        "reg_time": "2017-12-10 17:30:52",
        "followed": false,
        "name": "minkeymao",
        "avatar_side_icon": "",
        "url": "https:\/\/www.douban.com\/people\/170851615\/",
        "gender": "F",
        "uri": "douban:\/\/douban.com\/user\/170851615",
        "avatar": "https://img2.doubanio.com\/icon\/up170851615-1.jpg",
        "id": "170851615",
        "remark": "",
        "in_blacklist": false,
        "is_club": false,
        "type": "user",
        "kind": "user",
        "uid": "170851615"
      },
      "recommend_reason": "",
      "user_done_desc": "",
      "id": "3068957752",
      "wechat_timeline_share": "screenshot"
    },
    {
      "comment": "时长太长了，想看高潮部分等了好久。可能是时长的原因，节奏可以紧凑一点。",
      "rating": {
        "count": 1,
        "max": 5,
        "star_count": 2,
        "value": 2
      },
      "sharing_url": "https:\/\/www.douban.com\/doubanapp\/dispatch?uri=\/movie\/25845392\/interest\/3056591986",
      "is_voted": false,
      "uri": "douban:\/\/douban.com\/movie\/25845392\/interest\/3056591986",
      "platforms": [],
      "vote_count": 386,
      "create_time": "2021-10-01 21:54:30",
      "status": "done",
      "user": {
        "loc": null,
        "reg_time": "2021-07-02 20:38:49",
        "followed": false,
        "name": "暗黑系村花",
        "avatar_side_icon": "",
        "url": "https:\/\/www.douban.com\/people\/241040402\/",
        "gender": "",
        "uri": "douban:\/\/douban.com\/user\/241040402",
        "avatar": "https://img2.doubanio.com\/icon\/up241040402-1.jpg",
        "id": "241040402",
        "remark": "",
        "in_blacklist": false,
        "is_club": false,
        "type": "user",
        "kind": "user",
        "uid": "241040402"
      },
      "recommend_reason": "",
      "user_done_desc": "",
      "id": "3056591986",
      "wechat_timeline_share": "screenshot"
    },
    {
      "comment": "看到老段我支棱起来了，看到陈凯歌啊我又不想看了，诶编剧是兰晓龙诶，我又想看了……陈凯歌，我该不该相信你……10.4还是带家人一起去看了，是谁说陈凯歌的文戏拍的好的？！大骗子！胡军，段奕宏，朱亚文演的好，他们念煽情的台词我不会觉得他们在演不会有生硬的感觉，但是吴京，韩东君不行……太刻意了，要不是不断的轰炸前面2个小时我能睡死过去！易烊千玺最拉！我爸说他演的像个混混！流里流气的！剧情呢，用我弟的话一句话概括就是：一直在轰炸没有剧情。不要去看！不要被营销骗了！到底是谁给我的勇气让我有期待啊！",
      "rating": {
        "count": 1,
        "max": 5,
        "star_count": 2,
        "value": 2
      },
      "sharing_url": "https:\/\/www.douban.com\/doubanapp\/dispatch?uri=\/movie\/25845392\/interest\/3038183853",
      "is_voted": false,
      "uri": "douban:\/\/douban.com\/movie\/25845392\/interest\/3038183853",
      "platforms": [],
      "vote_count": 458,
      "create_time": "2021-10-04 17:03:59",
      "status": "done",
      "user": {
        "loc": {
          "id": "118282",
          "name": "深圳",
          "uid": "shenzhen"
        },
        "reg_time": "2018-07-09 20:46:47",
        "followed": false,
        "name": "Nino",
        "avatar_side_icon": "",
        "url": "https:\/\/www.douban.com\/people\/180934408\/",
        "gender": "F",
        "uri": "douban:\/\/douban.com\/user\/180934408",
        "avatar": "https://img9.doubanio.com\/icon\/up180934408-5.jpg",
        "id": "180934408",
        "remark": "",
        "in_blacklist": false,
        "is_club": false,
        "type": "user",
        "kind": "user",
        "uid": "180934408"
      },
      "recommend_reason": "",
      "user_done_desc": "",
      "id": "3038183853",
      "wechat_timeline_share": "screenshot"
    },
    {
      "comment": "真的全程无尿点！规模之大，场面之震撼，到处都能激起属于中国人的感情共鸣。我们的志愿军在敌我悬殊如此大的情况下，仍然打了胜仗，不易可想而知。每位演员都演技在线，尤其易烊千玺，竟然觉得有演喜剧的天赋，好多笑点来自他，四字弟弟很棒很厉害！胡军的表演这次印章也很深刻。作为山东人，沂蒙山小调一出，真的破防了。总之强烈推荐国庆节去看，铭记历史",
      "rating": {
        "count": 1,
        "max": 5,
        "star_count": 5,
        "value": 5
      },
      "sharing_url": "https:\/\/www.douban.com\/doubanapp\/dispatch?uri=\/movie\/25845392\/interest\/2787507788",
      "is_voted": false,
      "uri": "douban:\/\/douban.com\/movie\/25845392\/interest\/2787507788",
      "platforms": [],
      "vote_count": 1630,
      "create_time": "2021-09-30 06:16:53",
      "status": "done",
      "user": {
        "loc": null,
        "reg_time": "2020-02-28 04:06:19",
        "followed": false,
        "name": "阿乔",
        "avatar_side_icon": "",
        "url": "https:\/\/www.douban.com\/people\/212151848\/",
        "gender": "F",
        "uri": "douban:\/\/douban.com\/user\/212151848",
        "avatar": "https://img2.doubanio.com\/icon\/up212151848-2.jpg",
        "id": "212151848",
        "remark": "",
        "in_blacklist": false,
        "is_club": false,
        "type": "user",
        "kind": "user",
        "uid": "212151848"
      },
      "recommend_reason": "",
      "user_done_desc": "",
      "id": "2787507788",
      "wechat_timeline_share": "screenshot"
    },
    {
      "comment": "很失望，煽情部分太多，剧情有点混乱，有些地方特效一般般，提前离场了。",
      "rating": {
        "count": 1,
        "max": 5,
        "star_count": 3,
        "value": 3
      },
      "sharing_url": "https:\/\/www.douban.com\/doubanapp\/dispatch?uri=\/movie\/25845392\/interest\/3039369343",
      "is_voted": false,
      "uri": "douban:\/\/douban.com\/movie\/25845392\/interest\/3039369343",
      "platforms": [],
      "vote_count": 367,
      "create_time": "2021-10-01 17:36:02",
      "status": "done",
      "user": {
        "loc": {
          "id": "118282",
          "name": "深圳",
          "uid": "shenzhen"
        },
        "reg_time": "2013-10-17 23:38:37",
        "followed": false,
        "name": "无处安放",
        "avatar_side_icon": "",
        "url": "https:\/\/www.douban.com\/people\/79108907\/",
        "gender": "M",
        "uri": "douban:\/\/douban.com\/user\/79108907",
        "avatar": "https://img1.doubanio.com\/icon\/up79108907-7.jpg",
        "id": "79108907",
        "remark": "",
        "in_blacklist": false,
        "is_club": false,
        "type": "user",
        "kind": "user",
        "uid": "79108907"
      },
      "recommend_reason": "",
      "user_done_desc": "",
      "id": "3039369343",
      "wechat_timeline_share": "screenshot"
    },
    {
      "comment": "前天刚看过《长津湖》，回来和家人聊了好久。我家有两位志愿军战士，一位是我的爷爷，他是朝鲜战场上的战斗英雄，归来后又上过越南战场，一直当到团长，载誉归来。另一位是我姥爷的哥哥，18岁就牺牲在了朝鲜战场上…就在前几年我的家人们还奔赴千里外祭奠了先人…每一位志愿军战士都不该被忘记，历史更应值得我们每个人铭记。",
      "rating": {
        "count": 1,
        "max": 5,
        "star_count": 5,
        "value": 5
      },
      "sharing_url": "https:\/\/www.douban.com\/doubanapp\/dispatch?uri=\/movie\/25845392\/interest\/3062947858",
      "is_voted": false,
      "uri": "douban:\/\/douban.com\/movie\/25845392\/interest\/3062947858",
      "platforms": [],
      "vote_count": 374,
      "create_time": "2021-10-06 08:11:00",
      "status": "done",
      "user": {
        "loc": {
          "id": "108288",
          "name": "北京",
          "uid": "beijing"
        },
        "reg_time": "2017-01-09 11:26:14",
        "followed": false,
        "name": "葳蕤",
        "avatar_side_icon": "",
        "url": "https:\/\/www.douban.com\/people\/156185612\/",
        "gender": "F",
        "uri": "douban:\/\/douban.com\/user\/156185612",
        "avatar": "https://img2.doubanio.com\/icon\/up156185612-1.jpg",
        "id": "156185612",
        "remark": "",
        "in_blacklist": false,
        "is_club": false,
        "type": "user",
        "kind": "user",
        "uid": "156185612"
      },
      "recommend_reason": "",
      "user_done_desc": "",
      "id": "3062947858",
      "wechat_timeline_share": "screenshot"
    },
    {
      "comment": "13亿的大制作，结果开头的特效假的直接让人出戏。。。",
      "rating": {
        "count": 1,
        "max": 5,
        "star_count": 3,
        "value": 3
      },
      "sharing_url": "https:\/\/www.douban.com\/doubanapp\/dispatch?uri=\/movie\/25845392\/interest\/3061519969",
      "is_voted": false,
      "uri": "douban:\/\/douban.com\/movie\/25845392\/interest\/3061519969",
      "platforms": [],
      "vote_count": 180,
      "create_time": "2021-10-05 09:02:11",
      "status": "done",
      "user": {
        "loc": {
          "id": "118254",
          "name": "武汉",
          "uid": "wuhan"
        },
        "reg_time": "2017-07-31 09:02:26",
        "followed": false,
        "name": "水淼i",
        "avatar_side_icon": "",
        "url": "https:\/\/www.douban.com\/people\/164566608\/",
        "gender": "M",
        "uri": "douban:\/\/douban.com\/user\/164566608",
        "avatar": "https://img2.doubanio.com\/icon\/up164566608-1.jpg",
        "id": "164566608",
        "remark": "",
        "in_blacklist": false,
        "is_club": false,
        "type": "user",
        "kind": "user",
        "uid": "164566608"
      },
      "recommend_reason": "",
      "user_done_desc": "",
      "id": "3061519969",
      "wechat_timeline_share": "screenshot"
    },
    {
      "comment": "虽然有些不如人意的地方。但就凭这个题材。他就值五星",
      "rating": {
        "count": 1,
        "max": 5,
        "star_count": 5,
        "value": 5
      },
      "sharing_url": "https:\/\/www.douban.com\/doubanapp\/dispatch?uri=\/movie\/25845392\/interest\/3056319239",
      "is_voted": false,
      "uri": "douban:\/\/douban.com\/movie\/25845392\/interest\/3056319239",
      "platforms": [],
      "vote_count": 472,
      "create_time": "2021-10-01 18:20:19",
      "status": "done",
      "user": {
        "loc": null,
        "reg_time": "2017-07-19 07:33:41",
        "followed": false,
        "name": "Xshuai胡",
        "avatar_side_icon": "",
        "url": "https:\/\/www.douban.com\/people\/163983106\/",
        "gender": "",
        "uri": "douban:\/\/douban.com\/user\/163983106",
        "avatar": "https://img2.doubanio.com\/icon\/up163983106-1.jpg",
        "id": "163983106",
        "remark": "",
        "in_blacklist": false,
        "is_club": false,
        "type": "user",
        "kind": "user",
        "uid": "163983106"
      },
      "recommend_reason": "",
      "user_done_desc": "",
      "id": "3056319239",
      "wechat_timeline_share": "screenshot"
    },
    {
      "comment": "认真安利《长津湖》，特别被电影所传达的信仰所打动，有场面、有故事、有力量！ 每个演员的表演都很有穿透力，其中印象最深的是胡军饰演的如此硬汉形象的雷公，在奄奄一息的时候说：“你们别把我一个人就在这，我不想死啊，我好疼啊。”眼泪止不住的流，再一往无前的战士，本质也是跟我们一样的普通人，他也会疼也会怕死，但还是义无反顾的保护战友、保护国家",
      "rating": {
        "count": 1,
        "max": 5,
        "star_count": 5,
        "value": 5
      },
      "sharing_url": "https:\/\/www.douban.com\/doubanapp\/dispatch?uri=\/movie\/25845392\/interest\/3053750542",
      "is_voted": false,
      "uri": "douban:\/\/douban.com\/movie\/25845392\/interest\/3053750542",
      "platforms": [],
      "vote_count": 2108,
      "create_time": "2021-09-29 15:17:28",
      "status": "done",
      "user": {
        "loc": null,
        "reg_time": "2019-08-21 01:16:34",
        "followed": false,
        "name": "让我睡一会",
        "avatar_side_icon": "",
        "url": "https:\/\/www.douban.com\/people\/202419020\/",
        "gender": "U",
        "uri": "douban:\/\/douban.com\/user\/202419020",
        "avatar": "https://img2.doubanio.com\/icon\/up202419020-1.jpg",
        "id": "202419020",
        "remark": "",
        "in_blacklist": false,
        "is_club": false,
        "type": "user",
        "kind": "user",
        "uid": "202419020"
      },
      "recommend_reason": "",
      "user_done_desc": "",
      "id": "3053750542",
      "wechat_timeline_share": "screenshot"
    },
    {
      "comment": "拉满期待值去看的，失望而归。能否不要急于求成，能否少做营销，能否把钱花在刀刃上。看过电影后居然觉得抗美援朝赢的还挺容易？？？！！！以后陈凯歌要成为避雷神器了。",
      "rating": {
        "count": 1,
        "max": 5,
        "star_count": 2,
        "value": 2
      },
      "sharing_url": "https:\/\/www.douban.com\/doubanapp\/dispatch?uri=\/movie\/25845392\/interest\/3061130725",
      "is_voted": false,
      "uri": "douban:\/\/douban.com\/movie\/25845392\/interest\/3061130725",
      "platforms": [],
      "vote_count": 489,
      "create_time": "2021-10-04 23:15:16",
      "status": "done",
      "user": {
        "loc": {
          "id": "118318",
          "name": "成都",
          "uid": "chengdu"
        },
        "reg_time": "2018-05-19 13:37:34",
        "followed": false,
        "name": "看热闹的萝卜",
        "avatar_side_icon": "",
        "url": "https:\/\/www.douban.com\/people\/178849355\/",
        "gender": "F",
        "uri": "douban:\/\/douban.com\/user\/178849355",
        "avatar": "https://img2.doubanio.com\/icon\/user_large_f.jpg",
        "id": "178849355",
        "remark": "",
        "in_blacklist": false,
        "is_club": false,
        "type": "user",
        "kind": "user",
        "uid": "178849355"
      },
      "recommend_reason": "",
      "user_done_desc": "",
      "id": "3061130725",
      "wechat_timeline_share": "screenshot"
    },
    {
      "comment": "刚入朝在干河坝的石头那场戏我紧张得差点窒息了",
      "rating": {
        "count": 1,
        "max": 5,
        "star_count": 4,
        "value": 4
      },
      "sharing_url": "https:\/\/www.douban.com\/doubanapp\/dispatch?uri=\/movie\/25845392\/interest\/3056486899",
      "is_voted": false,
      "uri": "douban:\/\/douban.com\/movie\/25845392\/interest\/3056486899",
      "platforms": [],
      "vote_count": 242,
      "create_time": "2021-10-01 20:40:09",
      "status": "done",
      "user": {
        "loc": null,
        "reg_time": "2017-06-02 15:30:35",
        "followed": false,
        "name": "Damian",
        "avatar_side_icon": "",
        "url": "https:\/\/www.douban.com\/people\/162063966\/",
        "gender": "U",
        "uri": "douban:\/\/douban.com\/user\/162063966",
        "avatar": "https://img1.doubanio.com\/icon\/up162063966-9.jpg",
        "id": "162063966",
        "remark": "",
        "in_blacklist": false,
        "is_club": false,
        "type": "user",
        "kind": "user",
        "uid": "162063966"
      },
      "recommend_reason": "",
      "user_done_desc": "",
      "id": "3056486899",
      "wechat_timeline_share": "screenshot"
    },
    {
      "comment": "是电影长津湖，不是历史长津湖",
      "rating": {
        "count": 1,
        "max": 5,
        "star_count": 3,
        "value": 3
      },
      "sharing_url": "https:\/\/www.douban.com\/doubanapp\/dispatch?uri=\/movie\/25845392\/interest\/3065101723",
      "is_voted": false,
      "uri": "douban:\/\/douban.com\/movie\/25845392\/interest\/3065101723",
      "platforms": [],
      "vote_count": 165,
      "create_time": "2021-10-07 17:54:58",
      "status": "done",
      "user": {
        "loc": {
          "id": "108296",
          "name": "上海",
          "uid": "shanghai"
        },
        "reg_time": "2007-05-23 20:25:47",
        "followed": false,
        "name": "jxy",
        "avatar_side_icon": "",
        "url": "https:\/\/www.douban.com\/people\/1569233\/",
        "gender": "U",
        "uri": "douban:\/\/douban.com\/user\/1569233",
        "avatar": "https://img9.doubanio.com\/icon\/up1569233-5.jpg",
        "id": "1569233",
        "remark": "",
        "in_blacklist": false,
        "is_club": false,
        "type": "user",
        "kind": "user",
        "uid": "1569233"
      },
      "recommend_reason": "",
      "user_done_desc": "",
      "id": "3065101723",
      "wechat_timeline_share": "screenshot"
    },
    {
      "comment": "好几个画面还是感动的湿了，几个演员都演得挺好。总体有个感受，不管拍的如何，只要实打实把资源砸进去，这么波澜壮阔的朝鲜战争，如此有现实教育意义的一次胜利，拍他十部八部都不为过。人老美打输的战争拍的都比这多，舆论宣传的阵地要勇敢的抢滩登陆！",
      "rating": {
        "count": 1,
        "max": 5,
        "star_count": 4,
        "value": 4
      },
      "sharing_url": "https:\/\/www.douban.com\/doubanapp\/dispatch?uri=\/movie\/25845392\/interest\/3055054599",
      "is_voted": false,
      "uri": "douban:\/\/douban.com\/movie\/25845392\/interest\/3055054599",
      "platforms": [],
      "vote_count": 369,
      "create_time": "2021-09-30 18:52:47",
      "status": "done",
      "user": {
        "loc": {
          "id": "118207",
          "name": "龙岩",
          "uid": "longyan"
        },
        "reg_time": "2008-06-03 21:15:46",
        "followed": false,
        "name": "silva",
        "avatar_side_icon": "",
        "url": "https:\/\/www.douban.com\/people\/2552890\/",
        "gender": "",
        "uri": "douban:\/\/douban.com\/user\/2552890",
        "avatar": "https://img2.doubanio.com\/icon\/up2552890-3.jpg",
        "id": "2552890",
        "remark": "",
        "in_blacklist": false,
        "is_club": false,
        "type": "user",
        "kind": "user",
        "uid": "Winterfell"
      },
      "recommend_reason": "",
      "user_done_desc": "",
      "id": "3055054599",
      "wechat_timeline_share": "screenshot"
    },
    {
      "comment": "没想过他能完全还原史实，因为不可能。只论影片质量，打的很激烈，但大场景太绿幕了，一眼假。人物塑造也逃脱不了英雄气概的脸谱化，我给两星半",
      "rating": {
        "count": 1,
        "max": 5,
        "star_count": 3,
        "value": 3
      },
      "sharing_url": "https:\/\/www.douban.com\/doubanapp\/dispatch?uri=\/movie\/25845392\/interest\/3050876533",
      "is_voted": false,
      "uri": "douban:\/\/douban.com\/movie\/25845392\/interest\/3050876533",
      "platforms": [],
      "vote_count": 272,
      "create_time": "2021-09-26 22:16:07",
      "status": "done",
      "user": {
        "loc": {
          "id": "108289",
          "name": "天津",
          "uid": "tianjin"
        },
        "reg_time": "2018-02-24 02:54:28",
        "followed": false,
        "name": "kate y",
        "avatar_side_icon": "",
        "url": "https:\/\/www.douban.com\/people\/174480925\/",
        "gender": "F",
        "uri": "douban:\/\/douban.com\/user\/174480925",
        "avatar": "https://img2.doubanio.com\/icon\/up174480925-1.jpg",
        "id": "174480925",
        "remark": "",
        "in_blacklist": false,
        "is_club": false,
        "type": "user",
        "kind": "user",
        "uid": "174480925"
      },
      "recommend_reason": "",
      "user_done_desc": "",
      "id": "3050876533",
      "wechat_timeline_share": "screenshot"
    },
    {
      "comment": "冗长而又充斥着枪炮爆炸的战斗对观众太不友好了，根本就看不明白几个小段的战术目标是啥就切来切去。特效和爆炸除了开头的舰炮齐射外真的称不上大制作，果然预告片只选最好的一段是吗。几段战斗给人的感觉还是和知乎上说得一样，导演都想不明白为什么能赢，就只能拍成几个战士超强的个人能力和人海战术一冲就完了，还是得要有真的会打仗的人来监制啊。全片整体上就只表现了一场战役和简陋的中共高层讨论(毛主席一拍板就完了)，根本就没涉及到中美苏的三国博弈和朝战全过程的形势变化，归根结底还是一部赞美解放军战士作风优良处境艰难但有信仰加持从而战胜强大敌人的老调重弹，很难让人有深刻的感触啊。(结尾的一幕颇有些邓艾偷渡阴平结果撞见诸葛亮废弃的营寨的味道，就有一种小农\/天朝的智慧终究还是胜过洋鬼子的感觉，有些小家子气了。",
      "rating": {
        "count": 1,
        "max": 5,
        "star_count": 3,
        "value": 3
      },
      "sharing_url": "https:\/\/www.douban.com\/doubanapp\/dispatch?uri=\/movie\/25845392\/interest\/3056423470",
      "is_voted": false,
      "uri": "douban:\/\/douban.com\/movie\/25845392\/interest\/3056423470",
      "platforms": [],
      "vote_count": 306,
      "create_time": "2021-10-01 19:52:08",
      "status": "done",
      "user": {
        "loc": null,
        "reg_time": "2017-02-18 16:23:42",
        "followed": false,
        "name": "两百斤不含头丶",
        "avatar_side_icon": "",
        "url": "https:\/\/www.douban.com\/people\/157977645\/",
        "gender": "",
        "uri": "douban:\/\/douban.com\/user\/157977645",
        "avatar": "https://img2.doubanio.com\/icon\/up157977645-2.jpg",
        "id": "157977645",
        "remark": "",
        "in_blacklist": false,
        "is_club": false,
        "type": "user",
        "kind": "user",
        "uid": "157977645"
      },
      "recommend_reason": "",
      "user_done_desc": "",
      "id": "3056423470",
      "wechat_timeline_share": "screenshot"
    },
    {
      "comment": "卧槽尼玛的美国鬼子",
      "rating": {
        "count": 1,
        "max": 5,
        "star_count": 5,
        "value": 5
      },
      "sharing_url": "https:\/\/www.douban.com\/doubanapp\/dispatch?uri=\/movie\/25845392\/interest\/3066197917",
      "is_voted": false,
      "uri": "douban:\/\/douban.com\/movie\/25845392\/interest\/3066197917",
      "platforms": [],
      "vote_count": 283,
      "create_time": "2021-10-08 14:25:55",
      "status": "done",
      "user": {
        "loc": {
          "id": "108288",
          "name": "北京",
          "uid": "beijing"
        },
        "reg_time": "2015-09-04 13:14:35",
        "followed": false,
        "name": "李枫",
        "avatar_side_icon": "",
        "url": "https:\/\/www.douban.com\/people\/134083975\/",
        "gender": "M",
        "uri": "douban:\/\/douban.com\/user\/134083975",
        "avatar": "https://img2.doubanio.com\/icon\/user_large.jpg",
        "id": "134083975",
        "remark": "",
        "in_blacklist": false,
        "is_club": false,
        "type": "user",
        "kind": "user",
        "uid": "134083975"
      },
      "recommend_reason": "",
      "user_done_desc": "",
      "id": "3066197917",
      "wechat_timeline_share": "screenshot"
    }
  ]
}