{
  "count": 20,
  "start": 40,
  "total": 182605,
  "wechat_timeline_share": "screenshot",
  "interests": [
    {
      "comment": "想的太多，拍得太散。人工雕刻痕迹过重。",
      "rating": {
        "count": 1,
        "max": 5,
        "star_count": 2,
        "value": 2
      },
      "sharing_url": "https:\/\/www.douban.com\/doubanapp\/dispatch?uri=\/movie\/25845392\/interest\/3058097523",
      "is_voted": false,
      "uri": "douban:\/\/douban.com\/movie\/25845392\/interest\/3058097523",
      "platforms": [],
      "vote_count": 1177,
      "create_time": "2021-10-02 22:54:20",
      "status": "done",
      "user": {
        "loc": {
          "id": "118237",
          "name": "郑州",
          "uid": "zhengzhou"
        },
        "reg_time": "2008-12-15 22:06:57",
        "followed": false,
        "name": "很男的男",
        "avatar_side_icon": "",
        "url": "https:\/\/www.douban.com\/people\/3351729\/",
        "gender": "",
        "uri": "douban:\/\/douban.com\/user\/3351729",
        "avatar": "https://img1.doubanio.com\/icon\/up3351729-7.jpg",
        "id": "3351729",
        "remark": "",
        "in_blacklist": false,
        "is_club": false,
        "type": "user",
        "kind": "user",
        "uid": "veryman"
      },
      "recommend_reason": "",
      "user_done_desc": "",
      "id": "3058097523",
      "wechat_timeline_share": "screenshot"
    },
    {
      "comment": "非常好看的影片，里面的人物生动感人，70年前的战争更会比演绎的更惨烈，片子里时时说为了后辈不打这场仗，所以我们一定要打，面对外敌入侵只有战场才能赢回尊严，我们是幸福的一代人希望能有更多的观众走进影院观看，希望记住那段历史更加珍惜美好的时光……更加感知今天的幸福生活",
      "rating": {
        "count": 1,
        "max": 5,
        "star_count": 5,
        "value": 5
      },
      "sharing_url": "https:\/\/www.douban.com\/doubanapp\/dispatch?uri=\/movie\/25845392\/interest\/3054216669",
      "is_voted": false,
      "uri": "douban:\/\/douban.com\/movie\/25845392\/interest\/3054216669",
      "platforms": [],
      "vote_count": 3573,
      "create_time": "2021-09-29 23:15:34",
      "status": "done",
      "user": {
        "loc": null,
        "reg_time": "2019-03-05 16:13:47",
        "followed": false,
        "name": "小巷",
        "avatar_side_icon": "",
        "url": "https:\/\/www.douban.com\/people\/192869236\/",
        "gender": "",
        "uri": "douban:\/\/douban.com\/user\/192869236",
        "avatar": "https://img2.doubanio.com\/icon\/up192869236-1.jpg",
        "id": "192869236",
        "remark": "",
        "in_blacklist": false,
        "is_club": false,
        "type": "user",
        "kind": "user",
        "uid": "192869236"
      },
      "recommend_reason": "",
      "user_done_desc": "",
      "id": "3054216669",
      "wechat_timeline_share": "screenshot"
    },
    {
      "comment": "感人的是历史，是献身的人民。电影拍的实在一般。这么大制作，能不能把有的布景做的真实一点。",
      "rating": {
        "count": 1,
        "max": 5,
        "star_count": 3,
        "value": 3
      },
      "sharing_url": "https:\/\/www.douban.com\/doubanapp\/dispatch?uri=\/movie\/25845392\/interest\/3056266985",
      "is_voted": false,
      "uri": "douban:\/\/douban.com\/movie\/25845392\/interest\/3056266985",
      "platforms": [],
      "vote_count": 816,
      "create_time": "2021-10-01 17:36:45",
      "status": "done",
      "user": {
        "loc": null,
        "reg_time": "2017-03-23 17:59:25",
        "followed": false,
        "name": "折剑斩江河",
        "avatar_side_icon": "",
        "url": "https:\/\/www.douban.com\/people\/159445998\/",
        "gender": "F",
        "uri": "douban:\/\/douban.com\/user\/159445998",
        "avatar": "https://img2.doubanio.com\/icon\/up159445998-2.jpg",
        "id": "159445998",
        "remark": "",
        "in_blacklist": false,
        "is_club": false,
        "type": "user",
        "kind": "user",
        "uid": "159445998"
      },
      "recommend_reason": "",
      "user_done_desc": "",
      "id": "3056266985",
      "wechat_timeline_share": "screenshot"
    },
    {
      "comment": "我就知道，肯定会有很多大能耐打着低分再写段“专业”的影评，然后心满意足的想“我可真牛逼！”",
      "rating": {
        "count": 1,
        "max": 5,
        "star_count": 5,
        "value": 5
      },
      "sharing_url": "https:\/\/www.douban.com\/doubanapp\/dispatch?uri=\/movie\/25845392\/interest\/3058186673",
      "is_voted": false,
      "uri": "douban:\/\/douban.com\/movie\/25845392\/interest\/3058186673",
      "platforms": [],
      "vote_count": 1194,
      "create_time": "2021-10-02 23:42:13",
      "status": "done",
      "user": {
        "loc": {
          "id": "108288",
          "name": "北京",
          "uid": "beijing"
        },
        "reg_time": "2012-02-09 16:13:02",
        "followed": false,
        "name": "还好呢",
        "avatar_side_icon": "",
        "url": "https:\/\/www.douban.com\/people\/58425875\/",
        "gender": "",
        "uri": "douban:\/\/douban.com\/user\/58425875",
        "avatar": "https://img3.doubanio.com\/icon\/up58425875-10.jpg",
        "id": "58425875",
        "remark": "",
        "in_blacklist": false,
        "is_club": false,
        "type": "user",
        "kind": "user",
        "uid": "58425875"
      },
      "recommend_reason": "",
      "user_done_desc": "",
      "id": "3058186673",
      "wechat_timeline_share": "screenshot"
    },
    {
      "comment": "从火车出逃的隐蔽戏和第一场村庄支援战太棒了，盖过了后半段的总进攻。整体而言，就特别博纳——主旋律，老面孔，秃如其来的口号式台词，虽迟但到的煽情，不过这次的惊喜角色是胡军饰演的雷爹。一场艰苦而伟大的胜利，来之不易的幸福。",
      "rating": {
        "count": 1,
        "max": 5,
        "star_count": 3,
        "value": 3
      },
      "sharing_url": "https:\/\/www.douban.com\/doubanapp\/dispatch?uri=\/movie\/25845392\/interest\/2978190272",
      "is_voted": false,
      "uri": "douban:\/\/douban.com\/movie\/25845392\/interest\/2978190272",
      "platforms": [],
      "vote_count": 616,
      "create_time": "2021-09-27 23:47:38",
      "status": "done",
      "user": {
        "loc": {
          "id": "118172",
          "name": "杭州",
          "uid": "hangzhou"
        },
        "reg_time": "2013-01-30 11:59:23",
        "followed": false,
        "name": "百代过客",
        "avatar_side_icon": "",
        "url": "https:\/\/www.douban.com\/people\/68608807\/",
        "gender": "M",
        "uri": "douban:\/\/douban.com\/user\/68608807",
        "avatar": "https://img1.doubanio.com\/icon\/up68608807-7.jpg",
        "id": "68608807",
        "remark": "",
        "in_blacklist": false,
        "is_club": false,
        "type": "user",
        "kind": "user",
        "uid": "JChinKynn"
      },
      "recommend_reason": "",
      "user_done_desc": "",
      "id": "2978190272",
      "wechat_timeline_share": "screenshot"
    },
    {
      "comment": "好看就完事了",
      "rating": {
        "count": 1,
        "max": 5,
        "star_count": 2,
        "value": 2
      },
      "sharing_url": "https:\/\/www.douban.com\/doubanapp\/dispatch?uri=\/movie\/25845392\/interest\/3054117167",
      "is_voted": false,
      "uri": "douban:\/\/douban.com\/movie\/25845392\/interest\/3054117167",
      "platforms": [],
      "vote_count": 516,
      "create_time": "2021-09-29 21:56:33",
      "status": "done",
      "user": {
        "loc": {
          "id": "118281",
          "name": "广州",
          "uid": "guangzhou"
        },
        "reg_time": "2010-05-02 14:07:52",
        "followed": false,
        "name": "李·根尔巴乔夫",
        "avatar_side_icon": "",
        "url": "https:\/\/www.douban.com\/people\/40052795\/",
        "gender": "M",
        "uri": "douban:\/\/douban.com\/user\/40052795",
        "avatar": "https://img2.doubanio.com\/icon\/up40052795-3.jpg",
        "id": "40052795",
        "remark": "",
        "in_blacklist": false,
        "is_club": false,
        "type": "user",
        "kind": "user",
        "uid": "40052795"
      },
      "recommend_reason": "",
      "user_done_desc": "",
      "id": "3054117167",
      "wechat_timeline_share": "screenshot"
    },
    {
      "comment": "可能因为知道结局吧，全片最难过的居然是开头所有战士排队上火车准备去前线的片段，奇奇怪怪的点。",
      "rating": {
        "count": 1,
        "max": 5,
        "star_count": 4,
        "value": 4
      },
      "sharing_url": "https:\/\/www.douban.com\/doubanapp\/dispatch?uri=\/movie\/25845392\/interest\/3063593643",
      "is_voted": false,
      "uri": "douban:\/\/douban.com\/movie\/25845392\/interest\/3063593643",
      "platforms": [],
      "vote_count": 313,
      "create_time": "2021-10-06 18:02:02",
      "status": "done",
      "user": {
        "loc": null,
        "reg_time": "2021-01-20 11:15:56",
        "followed": false,
        "name": "菁",
        "avatar_side_icon": "",
        "url": "https:\/\/www.douban.com\/people\/230912972\/",
        "gender": "",
        "uri": "douban:\/\/douban.com\/user\/230912972",
        "avatar": "https://img2.doubanio.com\/icon\/up230912972-2.jpg",
        "id": "230912972",
        "remark": "",
        "in_blacklist": false,
        "is_club": false,
        "type": "user",
        "kind": "user",
        "uid": "230912972"
      },
      "recommend_reason": "",
      "user_done_desc": "",
      "id": "3063593643",
      "wechat_timeline_share": "screenshot"
    },
    {
      "comment": "3.5 开头到第一次正面交战这里 我觉得整体节奏都非常流畅  后面就开始拖沓了  雷排长牺牲那段 有点过于煽情 反而没那么令人动容 ",
      "rating": {
        "count": 1,
        "max": 5,
        "star_count": 3,
        "value": 3
      },
      "sharing_url": "https:\/\/www.douban.com\/doubanapp\/dispatch?uri=\/movie\/25845392\/interest\/3054891661",
      "is_voted": false,
      "uri": "douban:\/\/douban.com\/movie\/25845392\/interest\/3054891661",
      "platforms": [],
      "vote_count": 593,
      "create_time": "2021-09-30 16:01:33",
      "status": "done",
      "user": {
        "loc": {
          "id": "118254",
          "name": "武汉",
          "uid": "wuhan"
        },
        "reg_time": "2014-01-22 19:24:45",
        "followed": false,
        "name": "独慕",
        "avatar_side_icon": "",
        "url": "https:\/\/www.douban.com\/people\/82623937\/",
        "gender": "",
        "uri": "douban:\/\/douban.com\/user\/82623937",
        "avatar": "https://img1.doubanio.com\/icon\/up82623937-9.jpg",
        "id": "82623937",
        "remark": "",
        "in_blacklist": false,
        "is_club": false,
        "type": "user",
        "kind": "user",
        "uid": "82623937"
      },
      "recommend_reason": "",
      "user_done_desc": "",
      "id": "3054891661",
      "wechat_timeline_share": "screenshot"
    },
    {
      "comment": "史诗级作品，历史战争片天花板，深度还原了抗美援朝东线战争场面，无论动作戏还是战争戏都是顶级制作，剧情方面兰晓龙是天才，群戏能把人物形象塑造的这么立体绝了，印象深刻演得好的一个是四字弟弟，还有一个是戏份不多的黄轩和教员",
      "rating": {
        "count": 1,
        "max": 5,
        "star_count": 5,
        "value": 5
      },
      "sharing_url": "https:\/\/www.douban.com\/doubanapp\/dispatch?uri=\/movie\/25845392\/interest\/2970327270",
      "is_voted": false,
      "uri": "douban:\/\/douban.com\/movie\/25845392\/interest\/2970327270",
      "platforms": [],
      "vote_count": 3270,
      "create_time": "2021-09-29 19:53:21",
      "status": "done",
      "user": {
        "loc": null,
        "reg_time": "2019-08-02 21:44:16",
        "followed": false,
        "name": "张雨绮绮绮子",
        "avatar_side_icon": "",
        "url": "https:\/\/www.douban.com\/people\/200979916\/",
        "gender": "F",
        "uri": "douban:\/\/douban.com\/user\/200979916",
        "avatar": "https://img2.doubanio.com\/icon\/up200979916-2.jpg",
        "id": "200979916",
        "remark": "",
        "in_blacklist": false,
        "is_club": false,
        "type": "user",
        "kind": "user",
        "uid": "200979916"
      },
      "recommend_reason": "",
      "user_done_desc": "",
      "id": "2970327270",
      "wechat_timeline_share": "screenshot"
    },
    {
      "comment": "越长大越感慨，别说当时的美军想不到，现代人更想不到，在没有制空权的情况下，在补给、装备远远落后的情况下，中国军队打赢了抗日战争，打赢了抗美援朝战争，打赢了一切对外正义战争。",
      "rating": {
        "count": 1,
        "max": 5,
        "star_count": 5,
        "value": 5
      },
      "sharing_url": "https:\/\/www.douban.com\/doubanapp\/dispatch?uri=\/movie\/25845392\/interest\/3060756631",
      "is_voted": false,
      "uri": "douban:\/\/douban.com\/movie\/25845392\/interest\/3060756631",
      "platforms": [],
      "vote_count": 738,
      "create_time": "2021-10-04 19:44:23",
      "status": "done",
      "user": {
        "loc": {
          "id": "118282",
          "name": "深圳",
          "uid": "shenzhen"
        },
        "reg_time": "2014-09-17 16:38:23",
        "followed": false,
        "name": "馨潇",
        "avatar_side_icon": "",
        "url": "https:\/\/www.douban.com\/people\/101759228\/",
        "gender": "",
        "uri": "douban:\/\/douban.com\/user\/101759228",
        "avatar": "https://img2.doubanio.com\/icon\/up101759228-1.jpg",
        "id": "101759228",
        "remark": "",
        "in_blacklist": false,
        "is_club": false,
        "type": "user",
        "kind": "user",
        "uid": "101759228"
      },
      "recommend_reason": "",
      "user_done_desc": "",
      "id": "3060756631",
      "wechat_timeline_share": "screenshot"
    },
    {
      "comment": "电影太震撼了，真实还原了长津湖战争的过程，展现了最可爱的战士们朴实又坚韧的精神。易烊千玺又一次挑战自己，虽然有一点之前的影子，不过很好的诠释了这个人物，通过这个孩子成长的过程，侧面反映了战争的残酷无情。胡军这次演绎雷爹很丰满，最后太好哭了，这么可爱的人居然还是牺牲了。电影很棒，具有史诗级的作品，国产的战争片又有了很大的进步。",
      "rating": {
        "count": 1,
        "max": 5,
        "star_count": 5,
        "value": 5
      },
      "sharing_url": "https:\/\/www.douban.com\/doubanapp\/dispatch?uri=\/movie\/25845392\/interest\/3052188401",
      "is_voted": false,
      "uri": "douban:\/\/douban.com\/movie\/25845392\/interest\/3052188401",
      "platforms": [],
      "vote_count": 2914,
      "create_time": "2021-09-29 22:18:24",
      "status": "done",
      "user": {
        "loc": {
          "id": "108288",
          "name": "北京",
          "uid": "beijing"
        },
        "reg_time": "2010-06-19 13:37:08",
        "followed": false,
        "name": "东风殇",
        "avatar_side_icon": "",
        "url": "https:\/\/www.douban.com\/people\/42314154\/",
        "gender": "M",
        "uri": "douban:\/\/douban.com\/user\/42314154",
        "avatar": "https://img9.doubanio.com\/icon\/up42314154-4.jpg",
        "id": "42314154",
        "remark": "",
        "in_blacklist": false,
        "is_club": false,
        "type": "user",
        "kind": "user",
        "uid": "42314154"
      },
      "recommend_reason": "",
      "user_done_desc": "",
      "id": "3052188401",
      "wechat_timeline_share": "screenshot"
    },
    {
      "comment": "和《中国医生》一样，令人敬仰的是事件或历史本身，而不是电影。",
      "rating": {
        "count": 1,
        "max": 5,
        "star_count": 3,
        "value": 3
      },
      "sharing_url": "https:\/\/www.douban.com\/doubanapp\/dispatch?uri=\/movie\/25845392\/interest\/3071727546",
      "is_voted": false,
      "uri": "douban:\/\/douban.com\/movie\/25845392\/interest\/3071727546",
      "platforms": [],
      "vote_count": 357,
      "create_time": "2021-10-13 04:35:05",
      "status": "done",
      "user": {
        "loc": null,
        "reg_time": "2017-07-13 09:49:18",
        "followed": false,
        "name": "欧阳喝喝",
        "avatar_side_icon": "",
        "url": "https:\/\/www.douban.com\/people\/163706223\/",
        "gender": "M",
        "uri": "douban:\/\/douban.com\/user\/163706223",
        "avatar": "https://img2.doubanio.com\/icon\/up163706223-3.jpg",
        "id": "163706223",
        "remark": "",
        "in_blacklist": false,
        "is_club": false,
        "type": "user",
        "kind": "user",
        "uid": "163706223"
      },
      "recommend_reason": "",
      "user_done_desc": "",
      "id": "3071727546",
      "wechat_timeline_share": "screenshot"
    },
    {
      "comment": "不知道为什么有种在螳臂当车的感觉，志愿军吃冻土豆，转场美军吃火鸡热菜的对比难道很荣耀吗？外国的战争片已经拍出了新高度，为什么我们还在用艰苦而又顽固的战争场面刻画来表达精神？",
      "rating": {
        "count": 1,
        "max": 5,
        "star_count": 3,
        "value": 3
      },
      "sharing_url": "https:\/\/www.douban.com\/doubanapp\/dispatch?uri=\/movie\/25845392\/interest\/3066528878",
      "is_voted": false,
      "uri": "douban:\/\/douban.com\/movie\/25845392\/interest\/3066528878",
      "platforms": [],
      "vote_count": 388,
      "create_time": "2021-10-08 20:24:47",
      "status": "done",
      "user": {
        "loc": {
          "id": "128092",
          "name": "Buenos Aires",
          "uid": "buenosaires"
        },
        "reg_time": "2018-06-09 19:48:24",
        "followed": false,
        "name": "无隅",
        "avatar_side_icon": "",
        "url": "https:\/\/www.douban.com\/people\/179693093\/",
        "gender": "F",
        "uri": "douban:\/\/douban.com\/user\/179693093",
        "avatar": "https://img2.doubanio.com\/icon\/up179693093-2.jpg",
        "id": "179693093",
        "remark": "",
        "in_blacklist": false,
        "is_club": false,
        "type": "user",
        "kind": "user",
        "uid": "179693093"
      },
      "recommend_reason": "",
      "user_done_desc": "",
      "id": "3066528878",
      "wechat_timeline_share": "screenshot"
    },
    {
      "comment": "挺好，前2\/3很惊喜，文戏武戏都到位。没有强行反战反思，没有过于个人英雄主义，拍出了我们正义之师的精气神！但是压轴的长津湖之战反而流于程式化了，唉……",
      "rating": {
        "count": 1,
        "max": 5,
        "star_count": 4,
        "value": 4
      },
      "sharing_url": "https:\/\/www.douban.com\/doubanapp\/dispatch?uri=\/movie\/25845392\/interest\/2950699244",
      "is_voted": false,
      "uri": "douban:\/\/douban.com\/movie\/25845392\/interest\/2950699244",
      "platforms": [],
      "vote_count": 358,
      "create_time": "2021-10-01 22:52:09",
      "status": "done",
      "user": {
        "loc": {
          "id": "108296",
          "name": "上海",
          "uid": "shanghai"
        },
        "reg_time": "2010-03-30 09:50:34",
        "followed": false,
        "name": "雾淡乡",
        "avatar_side_icon": "",
        "url": "https:\/\/www.douban.com\/people\/37883393\/",
        "gender": "",
        "uri": "douban:\/\/douban.com\/user\/37883393",
        "avatar": "https://img9.doubanio.com\/icon\/up37883393-6.jpg",
        "id": "37883393",
        "remark": "",
        "in_blacklist": false,
        "is_club": false,
        "type": "user",
        "kind": "user",
        "uid": "37883393"
      },
      "recommend_reason": "",
      "user_done_desc": "",
      "id": "2950699244",
      "wechat_timeline_share": "screenshot"
    },
    {
      "comment": "长津湖一战我军有四万多的伤亡，其中有三万多人是冻伤的，冻死的有四千多人，有几个连队甚至都在阵地上被活活冻死。这个伤亡和我们的后勤准备不足有关。当时参加长津湖战役的志愿军部队是宋时轮将军的第九兵团，之前是一直驻扎在南方准备攻台的部队，又因为提前入朝，没有准备过冬的衣服。当时为了达到出其不意的效果，放弃了后勤补给，千里突袭，才造成了这么大的伤亡。不过我们也完成了战略目标 打退了美军。美军陆战一师是美军的王牌部队，全歼太难了，全歼了一个整编团已经很好了。无论如何，还是向这些保卫国家的革命先烈们致敬。",
      "rating": {
        "count": 1,
        "max": 5,
        "star_count": 4,
        "value": 4
      },
      "sharing_url": "https:\/\/www.douban.com\/doubanapp\/dispatch?uri=\/movie\/25845392\/interest\/2950237010",
      "is_voted": false,
      "uri": "douban:\/\/douban.com\/movie\/25845392\/interest\/2950237010",
      "platforms": [],
      "vote_count": 283,
      "create_time": "2021-10-07 20:53:35",
      "status": "done",
      "user": {
        "loc": {
          "id": "118172",
          "name": "杭州",
          "uid": "hangzhou"
        },
        "reg_time": "2018-11-08 19:55:29",
        "followed": false,
        "name": "清秋",
        "avatar_side_icon": "",
        "url": "https:\/\/www.douban.com\/people\/187040677\/",
        "gender": "M",
        "uri": "douban:\/\/douban.com\/user\/187040677",
        "avatar": "https://img9.doubanio.com\/icon\/up187040677-4.jpg",
        "id": "187040677",
        "remark": "",
        "in_blacklist": false,
        "is_club": false,
        "type": "user",
        "kind": "user",
        "uid": "187040677"
      },
      "recommend_reason": "",
      "user_done_desc": "",
      "id": "2950237010",
      "wechat_timeline_share": "screenshot"
    },
    {
      "comment": "为什么到现在了，这么大的制作，画面还是满满的塑料感，台词硬得像学生作文？",
      "rating": {
        "count": 1,
        "max": 5,
        "star_count": 3,
        "value": 3
      },
      "sharing_url": "https:\/\/www.douban.com\/doubanapp\/dispatch?uri=\/movie\/25845392\/interest\/3058678902",
      "is_voted": false,
      "uri": "douban:\/\/douban.com\/movie\/25845392\/interest\/3058678902",
      "platforms": [],
      "vote_count": 490,
      "create_time": "2021-10-03 11:29:35",
      "status": "done",
      "user": {
        "loc": {
          "id": "118282",
          "name": "深圳",
          "uid": "shenzhen"
        },
        "reg_time": "2012-02-18 22:27:28",
        "followed": false,
        "name": "堂费南度",
        "avatar_side_icon": "",
        "url": "https:\/\/www.douban.com\/people\/58706034\/",
        "gender": "",
        "uri": "douban:\/\/douban.com\/user\/58706034",
        "avatar": "https://img1.doubanio.com\/icon\/up58706034-9.jpg",
        "id": "58706034",
        "remark": "",
        "in_blacklist": false,
        "is_club": false,
        "type": "user",
        "kind": "user",
        "uid": "58706034"
      },
      "recommend_reason": "",
      "user_done_desc": "",
      "id": "3058678902",
      "wechat_timeline_share": "screenshot"
    },
    {
      "comment": "战斗场面的紧张激烈，与战友间的逗趣温情交相呼应，平衡了电影节奏，三个小时丝毫不觉得冗长。吴京自身的军人气质与角色十分贴合，千玺诠释的灵动稚气少年，在战争背景下完成了蜕变与成长。角色各具特色，却令人对“七联”这个集体印象深刻。",
      "rating": {
        "count": 1,
        "max": 5,
        "star_count": 5,
        "value": 5
      },
      "sharing_url": "https:\/\/www.douban.com\/doubanapp\/dispatch?uri=\/movie\/25845392\/interest\/3048164721",
      "is_voted": false,
      "uri": "douban:\/\/douban.com\/movie\/25845392\/interest\/3048164721",
      "platforms": [],
      "vote_count": 2918,
      "create_time": "2021-09-29 00:25:17",
      "status": "done",
      "user": {
        "loc": null,
        "reg_time": "2014-09-06 10:06:59",
        "followed": false,
        "name": "清栀",
        "avatar_side_icon": "",
        "url": "https:\/\/www.douban.com\/people\/100220455\/",
        "gender": "U",
        "uri": "douban:\/\/douban.com\/user\/100220455",
        "avatar": "https://img2.doubanio.com\/icon\/up100220455-1.jpg",
        "id": "100220455",
        "remark": "",
        "in_blacklist": false,
        "is_club": false,
        "type": "user",
        "kind": "user",
        "uid": "100220455"
      },
      "recommend_reason": "",
      "user_done_desc": "",
      "id": "3048164721",
      "wechat_timeline_share": "screenshot"
    },
    {
      "comment": "国内战争题材电影质感越来越好，但反战的视角却越来越模糊。环測周边观众各个激情澎湃，热情高涨，似乎参战，速缴匪敌成为影后幻想。纵观同类型题材拯救大兵，辛德勒等，都表达一个观点：不打了，不想打，我想回家等。所以还是有一点点的担忧。",
      "rating": {
        "count": 1,
        "max": 5,
        "star_count": 4,
        "value": 4
      },
      "sharing_url": "https:\/\/www.douban.com\/doubanapp\/dispatch?uri=\/movie\/25845392\/interest\/3064862997",
      "is_voted": false,
      "uri": "douban:\/\/douban.com\/movie\/25845392\/interest\/3064862997",
      "platforms": [],
      "vote_count": 224,
      "create_time": "2021-10-07 15:06:57",
      "status": "done",
      "user": {
        "loc": {
          "id": "118371",
          "name": "西安",
          "uid": "xian"
        },
        "reg_time": "2009-05-16 18:36:00",
        "followed": false,
        "name": "不羁绊的石头",
        "avatar_side_icon": "",
        "url": "https:\/\/www.douban.com\/people\/4204353\/",
        "gender": "",
        "uri": "douban:\/\/douban.com\/user\/4204353",
        "avatar": "https://img1.doubanio.com\/icon\/up4204353-7.jpg",
        "id": "4204353",
        "remark": "",
        "in_blacklist": false,
        "is_club": false,
        "type": "user",
        "kind": "user",
        "uid": "4204353"
      },
      "recommend_reason": "",
      "user_done_desc": "",
      "id": "3064862997",
      "wechat_timeline_share": "screenshot"
    },
    {
      "comment": "长，坐在电影院太煎熬了。看到前排很多人看一半走了，我告诉自己，这是付了钱的，不能走。正常电影开头-高潮-结尾，这部电影开头-高潮-结尾-开头-高潮-结尾-开头-高潮-结尾-开头-高潮-结尾，这种结构根本不像电影，像是电视连续剧。嗯，没错，我坐在电影院看了近三小时的连续剧。我一直不懂为啥除了第一场战争外，其他战争都没办法让我集中注意力，后来电影结束才知道是三个导演拍的。第一场战争明显更有戏剧张力，后面的战争基本就是拍了个打战的过程，看着看着就不想看了（还不如只选择其中一场战争来进行拍摄，其他带过）。这种历史题材的剧，观众都知道结局了，最重要就是过程中结合史实的情况下能有戏剧上的创新和张力，否则很难抓住观众。如果一部历史题材的电影无法靠情节吸引观众，那么还不如去看纪录片，至少纪录片真实。",
      "rating": {
        "count": 1,
        "max": 5,
        "star_count": 3,
        "value": 3
      },
      "sharing_url": "https:\/\/www.douban.com\/doubanapp\/dispatch?uri=\/movie\/25845392\/interest\/2971335266",
      "is_voted": false,
      "uri": "douban:\/\/douban.com\/movie\/25845392\/interest\/2971335266",
      "platforms": [],
      "vote_count": 528,
      "create_time": "2021-10-01 21:06:43",
      "status": "done",
      "user": {
        "loc": {
          "id": "118348",
          "name": "昆明",
          "uid": "kunming"
        },
        "reg_time": "2016-09-23 17:00:12",
        "followed": false,
        "name": "豆友151526638",
        "avatar_side_icon": "",
        "url": "https:\/\/www.douban.com\/people\/151526638\/",
        "gender": "F",
        "uri": "douban:\/\/douban.com\/user\/151526638",
        "avatar": "https://img2.doubanio.com\/icon\/user_large_f.jpg",
        "id": "151526638",
        "remark": "",
        "in_blacklist": false,
        "is_club": false,
        "type": "user",
        "kind": "user",
        "uid": "151526638"
      },
      "recommend_reason": "",
      "user_done_desc": "",
      "id": "2971335266",
      "wechat_timeline_share": "screenshot"
    },
    {
      "comment": "「当初拍摄时间不够，一场修桥拍了三回，这次我们时间多了，再也不用一场戏拍三回了！」一般般吧，看下来挺累的，感觉无论是陈凯歌还是徐克拍完全片都应该会有更好的呈现，林超贤那段就……算了，几乎整整一小时毫无呼吸感的红海式大尺度杂乱动作戏，刚开始是有点刺激，但看着看着感觉都成白噪音了，甚至犯困……陈凯歌的部分主要问题在于事多，在已经严重不连戏的情况下，依然拍得很赶，依然有很多JGDY似的跳跃，但是也贡献了本片最好的几个名场面（就是剪进预告的那几场）；徐克的部分中规中矩，至少没有林超贤那么乱，也有张弛…本来看到选角是期待做成纯个体视角的，结果没想到预告一上来就高层会议了，要这么多，结果还弄了一个小时给林超贤拍无意义的信号塔攻防战，唉………",
      "rating": {
        "count": 1,
        "max": 5,
        "star_count": 3,
        "value": 3
      },
      "sharing_url": "https:\/\/www.douban.com\/doubanapp\/dispatch?uri=\/movie\/25845392\/interest\/3054890790",
      "is_voted": false,
      "uri": "douban:\/\/douban.com\/movie\/25845392\/interest\/3054890790",
      "platforms": [],
      "vote_count": 486,
      "create_time": "2021-09-30 16:00:41",
      "status": "done",
      "user": {
        "loc": {
          "id": "108296",
          "name": "上海",
          "uid": "shanghai"
        },
        "reg_time": "2014-08-21 22:47:02",
        "followed": false,
        "name": "帕帕多普洛斯",
        "avatar_side_icon": "",
        "url": "https:\/\/www.douban.com\/people\/98164670\/",
        "gender": "M",
        "uri": "douban:\/\/douban.com\/user\/98164670",
        "avatar": "https://img2.doubanio.com\/icon\/up98164670-22.jpg",
        "id": "98164670",
        "remark": "",
        "in_blacklist": false,
        "is_club": false,
        "type": "user",
        "kind": "user",
        "uid": "98164670"
      },
      "recommend_reason": "",
      "user_done_desc": "",
      "id": "3054890790",
      "wechat_timeline_share": "screenshot"
    }
  ]
}